ticker,company_name,earnings_yield,roc,f_score,debt_to_equity,momentum_6m,price_strength_score,cash_flow_quality_score,sentiment_score,overall_quality_score,value_trap_avoidance_score,ocf_margin,fcf_margin,ocf_to_ni_ratio,current_price,market_cap,ebitda,eps,revenue,net_income,operating_income,sector,weight,last_updated,sec_data_available,yahoo_data_available,point_in_time_date,sec_filing_dates,magic_formula_rank
CHTR,"Charter Communications, Inc.",0.25192894417088846,0.16017879948914432,5,,-0.3490991610144465,1,5,1,10,3,0.3033956420749917,0.3033956420749917,3.35193482688391,154.27,18400939354.71843,7838750000.0,0.0,27123000000.0,2455000000.0,6271000000.0,Communication,0.04,2026-08-17T07:16:15.730396,True,True,2026-08-17T07:04:15.149357,"{""revenue"": {""filed_date"": ""2026-07-24"", ""form_type"": ""10-Q""}, ""operating_income"": {""filed_date"": ""2026-07-24"", ""form_type"": ""10-Q""}, ""net_income"": {""filed_date"": ""2026-07-24"", ""form_type"": ""10-Q""}, ""total_assets"": {""filed_date"": ""2026-07-24"", ""form_type"": ""10-Q""}, ""current_assets"": {""filed_date"": ""2026-07-24"", ""form_type"": ""10-Q""}, ""current_liabilities"": {""filed_date"": ""2026-07-24"", ""form_type"": ""10-Q""}, ""long_term_debt"": {""filed_date"": ""2026-07-24"", ""form_type"": ""10-Q""}, ""cash_and_equivalents"": {""filed_date"": ""2026-07-24"", ""form_type"": ""10-Q""}, ""ppe"": {""filed_date"": ""2026-07-24"", ""form_type"": ""10-Q""}, ""stockholders_equity"": {""filed_date"": ""2026-07-24"", ""form_type"": ""10-Q""}, ""operating_cash_flow"": {""filed_date"": ""2026-07-24"", ""form_type"": ""10-Q""}, ""capex"": {""filed_date"": ""2026-07-24"", ""form_type"": ""10-Q""}, ""total_debt"": {""filed_date"": ""2015-05-01"", ""form_type"": ""10-Q""}, ""shares_outstanding"": {""filed_date"": ""2026-07-24"", ""form_type"": ""10-Q""}}",1
OXY,Occidental Petroleum Corporation,0.20765178642523446,0.1727976913730255,5,,0.28227991957338927,3,5,2,10,4,0.41760060172997365,0.41760060172997365,6.252252252252252,58.36,58338837581.69023,14221250000.0,0.0,13295000000.0,888000000.0,11377000000.0,Energy,0.05,2026-08-17T07:16:15.729354,True,True,2026-08-17T07:04:15.149357,"{""revenue"": {""filed_date"": ""2026-08-05"", ""form_type"": ""10-Q""}, ""operating_income"": {""filed_date"": ""2022-11-08"", ""form_type"": ""10-Q""}, ""net_income"": {""filed_date"": ""2024-05-07"", ""form_type"": ""10-Q""}, ""total_assets"": {""filed_date"": ""2026-08-05"", ""form_type"": ""10-Q""}, ""current_assets"": {""filed_date"": ""2026-08-05"", ""form_type"": ""10-Q""}, ""current_liabilities"": {""filed_date"": ""2026-08-05"", ""form_type"": ""10-Q""}, ""long_term_debt"": {""filed_date"": ""2026-08-05"", ""form_type"": ""10-Q""}, ""cash_and_equivalents"": {""filed_date"": ""2026-08-05"", ""form_type"": ""10-Q""}, ""ppe"": {""filed_date"": ""2026-08-05"", ""form_type"": ""10-Q""}, ""stockholders_equity"": {""filed_date"": ""2026-08-05"", ""form_type"": ""10-Q""}, ""operating_cash_flow"": {""filed_date"": ""2026-08-05"", ""form_type"": ""10-Q""}, ""capex"": {""filed_date"": ""2026-08-05"", ""form_type"": ""10-Q""}, ""total_debt"": {""filed_date"": ""2013-10-30"", ""form_type"": ""10-Q""}, ""shares_outstanding"": {""filed_date"": ""2026-08-05"", ""form_type"": ""10-Q""}}",2
APA,APA Corporation,0.16998227915784891,0.2845478917864977,5,,0.5006448732786523,3,3,0,7,3,,,1.8943839061190277,40.47,14178726037.375183,2918750000.0,0.0,0.0,1193000000.0,2335000000.0,Energy,0.01,2026-08-17T07:16:15.739519,True,True,2026-08-17T07:04:15.149357,"{""operating_income"": {""filed_date"": ""2026-08-06"", ""form_type"": ""10-Q""}, ""net_income"": {""filed_date"": ""2026-08-06"", ""form_type"": ""10-Q""}, ""total_assets"": {""filed_date"": ""2026-08-06"", ""form_type"": ""10-Q""}, ""current_assets"": {""filed_date"": ""2026-08-06"", ""form_type"": ""10-Q""}, ""current_liabilities"": {""filed_date"": ""2026-08-06"", ""form_type"": ""10-Q""}, ""long_term_debt"": {""filed_date"": ""2021-05-07"", ""form_type"": ""10-Q""}, ""cash_and_equivalents"": {""filed_date"": ""2026-08-06"", ""form_type"": ""10-Q""}, ""ppe"": {""filed_date"": ""2021-11-05"", ""form_type"": ""10-Q""}, ""stockholders_equity"": {""filed_date"": ""2026-08-06"", ""form_type"": ""10-Q""}, ""operating_cash_flow"": {""filed_date"": ""2026-08-06"", ""form_type"": ""10-Q""}, ""total_debt"": {""filed_date"": ""2026-08-06"", ""form_type"": ""10-Q""}, ""shares_outstanding"": {""filed_date"": ""2026-02-26"", ""form_type"": ""10-K""}}",3
LNC,Lincoln National Corporation,0.15946070775442622,0.19135284930531146,3,,0.12063271153623722,3,0,0,2,1,-0.042648253452477664,,-0.3620689655172414,45.46,8703195719.284729,1490000000.0,0.0,9848000000.0,1160000000.0,1192000000.0,Financials,0.01,2026-08-17T07:16:15.740632,True,True,2026-08-17T07:04:15.149357,"{""revenue"": {""filed_date"": ""2026-07-30"", ""form_type"": ""10-Q""}, ""operating_income"": {""filed_date"": ""2017-02-23"", ""form_type"": ""10-K""}, ""net_income"": {""filed_date"": ""2026-07-30"", ""form_type"": ""10-Q""}, ""total_assets"": {""filed_date"": ""2026-07-30"", ""form_type"": ""10-Q""}, ""long_term_debt"": {""filed_date"": ""2026-07-30"", ""form_type"": ""10-Q""}, ""cash_and_equivalents"": {""filed_date"": ""2018-02-22"", ""form_type"": ""10-K""}, ""stockholders_equity"": {""filed_date"": ""2026-07-30"", ""form_type"": ""10-Q""}, ""operating_cash_flow"": {""filed_date"": ""2026-07-30"", ""form_type"": ""10-Q""}, ""total_debt"": {""filed_date"": ""2026-02-19"", ""form_type"": ""10-K""}, ""shares_outstanding"": {""filed_date"": ""2026-07-30"", ""form_type"": ""10-Q""}}",4
GME,GameStop Corp.,0.1454115520981171,0.014533321163071369,4,,-0.19776441686178176,1,4,0,8,3,0.4039267329103316,0.4039267329103316,0.8660164271047228,18.66,8372578787.155148,179125000.0,0.0,835300000.0,389600000.0,143300000.0,Consumer Discretionary,0.02,2026-08-17T07:16:15.737975,True,True,2026-08-17T07:04:15.149357,"{""revenue"": {""filed_date"": ""2026-06-11"", ""form_type"": ""10-Q""}, ""operating_income"": {""filed_date"": ""2026-06-11"", ""form_type"": ""10-Q""}, ""net_income"": {""filed_date"": ""2026-06-11"", ""form_type"": ""10-Q""}, ""total_assets"": {""filed_date"": ""2026-06-11"", ""form_type"": ""10-Q""}, ""current_assets"": {""filed_date"": ""2026-06-11"", ""form_type"": ""10-Q""}, ""current_liabilities"": {""filed_date"": ""2026-06-11"", ""form_type"": ""10-Q""}, ""long_term_debt"": {""filed_date"": ""2026-03-24"", ""form_type"": ""10-K""}, ""cash_and_equivalents"": {""filed_date"": ""2026-06-11"", ""form_type"": ""10-Q""}, ""ppe"": {""filed_date"": ""2026-06-11"", ""form_type"": ""10-Q""}, ""stockholders_equity"": {""filed_date"": ""2026-06-11"", ""form_type"": ""10-Q""}, ""operating_cash_flow"": {""filed_date"": ""2026-06-11"", ""form_type"": ""10-Q""}, ""capex"": {""filed_date"": ""2026-06-11"", ""form_type"": ""10-Q""}, ""total_debt"": {""filed_date"": ""2023-12-06"", ""form_type"": ""10-Q""}, ""shares_outstanding"": {""filed_date"": ""2026-06-11"", ""form_type"": ""10-Q""}}",5
PFE,Pfizer Inc.,0.14515216694758382,0.8079737572546051,5,,0.0123716748218308,2,4,2,10,4,0.11701261701261702,0.11701261701261702,1.4139344262295082,26.79,152694260667.51703,28017500000.0,0.0,29484000000.0,2440000000.0,22414000000.0,Health Care,0.25,2026-08-17T07:16:15.723268,True,True,2026-08-17T07:04:15.149357,"{""revenue"": {""filed_date"": ""2026-08-04"", ""form_type"": ""10-Q""}, ""operating_income"": {""filed_date"": ""2022-02-24"", ""form_type"": ""10-K""}, ""net_income"": {""filed_date"": ""2026-08-04"", ""form_type"": ""10-Q""}, ""total_assets"": {""filed_date"": ""2026-08-04"", ""form_type"": ""10-Q""}, ""current_assets"": {""filed_date"": ""2026-08-04"", ""form_type"": ""10-Q""}, ""current_liabilities"": {""filed_date"": ""2026-08-04"", ""form_type"": ""10-Q""}, ""long_term_debt"": {""filed_date"": ""2021-02-25"", ""form_type"": ""10-K""}, ""cash_and_equivalents"": {""filed_date"": ""2026-08-04"", ""form_type"": ""10-Q""}, ""ppe"": {""filed_date"": ""2026-08-04"", ""form_type"": ""10-Q""}, ""stockholders_equity"": {""filed_date"": ""2026-08-04"", ""form_type"": ""10-Q""}, ""operating_cash_flow"": {""filed_date"": ""2026-08-04"", ""form_type"": ""10-Q""}, ""capex"": {""filed_date"": ""2026-08-04"", ""form_type"": ""10-Q""}, ""total_debt"": {""filed_date"": ""2026-08-04"", ""form_type"": ""10-Q""}, ""shares_outstanding"": {""filed_date"": ""2026-08-04"", ""form_type"": ""10-Q""}}",6
THC,Tenet Healthcare Corporation,0.14322260879512477,0.3020192203865673,4,,0.1436499205826441,3,4,0,8,4,0.4924778761061947,0.4924778761061947,0.9404309252217997,267.9,21571039608.551025,3496250000.0,0.0,4520000000.0,2367000000.0,2797000000.0,Health Care,0.03,2026-08-17T07:16:15.733408,True,True,2026-08-17T07:04:15.149357,"{""revenue"": {""filed_date"": ""2020-05-04"", ""form_type"": ""10-Q""}, ""operating_income"": {""filed_date"": ""2026-07-29"", ""form_type"": ""10-Q""}, ""net_income"": {""filed_date"": ""2026-04-16"", ""form_type"": ""DEF 14A""}, ""total_assets"": {""filed_date"": ""2026-07-29"", ""form_type"": ""10-Q""}, ""current_assets"": {""filed_date"": ""2026-07-29"", ""form_type"": ""10-Q""}, ""current_liabilities"": {""filed_date"": ""2026-07-29"", ""form_type"": ""10-Q""}, ""long_term_debt"": {""filed_date"": ""2011-08-02"", ""form_type"": ""10-Q""}, ""cash_and_equivalents"": {""filed_date"": ""2026-07-29"", ""form_type"": ""10-Q""}, ""ppe"": {""filed_date"": ""2019-11-04"", ""form_type"": ""10-Q""}, ""stockholders_equity"": {""filed_date"": ""2026-07-29"", ""form_type"": ""10-Q""}, ""operating_cash_flow"": {""filed_date"": ""2026-07-29"", ""form_type"": ""10-Q""}, ""capex"": {""filed_date"": ""2026-07-29"", ""form_type"": ""10-Q""}, ""total_debt"": {""filed_date"": ""2011-08-02"", ""form_type"": ""10-Q""}, ""shares_outstanding"": {""filed_date"": ""2026-07-29"", ""form_type"": ""10-Q""}}",7
EMN,Eastman Chemical Company,0.1260265059349748,0.2157442613716378,4,,-0.04173185655030879,1,2,0,5,2,0.018550106609808104,0.018550106609808104,0.3,74.07,8468172930.7202835,1915000000.0,0.0,4690000000.0,290000000.0,1532000000.0,Materials,0.01,2026-08-17T07:16:15.739357,True,True,2026-08-17T07:04:15.149357,"{""revenue"": {""filed_date"": ""2026-07-31"", ""form_type"": ""10-Q""}, ""operating_income"": {""filed_date"": ""2018-03-01"", ""form_type"": ""10-K""}, ""net_income"": {""filed_date"": ""2026-07-31"", ""form_type"": ""10-Q""}, ""total_assets"": {""filed_date"": ""2026-07-31"", ""form_type"": ""10-Q""}, ""current_assets"": {""filed_date"": ""2026-07-31"", ""form_type"": ""10-Q""}, ""current_liabilities"": {""filed_date"": ""2026-07-31"", ""form_type"": ""10-Q""}, ""long_term_debt"": {""filed_date"": ""2014-02-28"", ""form_type"": ""10-K""}, ""cash_and_equivalents"": {""filed_date"": ""2026-02-13"", ""form_type"": ""10-K""}, ""ppe"": {""filed_date"": ""2026-07-31"", ""form_type"": ""10-Q""}, ""stockholders_equity"": {""filed_date"": ""2026-07-31"", ""form_type"": ""10-Q""}, ""operating_cash_flow"": {""filed_date"": ""2026-07-31"", ""form_type"": ""10-Q""}, ""capex"": {""filed_date"": ""2026-07-31"", ""form_type"": ""10-Q""}, ""total_debt"": {""filed_date"": ""2014-02-28"", ""form_type"": ""10-K""}, ""shares_outstanding"": {""filed_date"": ""2026-02-13"", ""form_type"": ""10-K""}}",8
PRU,"Prudential Financial, Inc.",0.12440074501917157,0.14928089402300587,5,,0.22819246533683815,3,4,1,9,4,0.10754481033764068,0.10754481033764068,2.120101137800253,125.13,43169849052.4292,4503750000.0,0.0,31187000000.0,1582000000.0,3603000000.0,Financials,0.07,2026-08-17T07:16:15.728192,True,True,2026-08-17T07:04:15.149357,"{""revenue"": {""filed_date"": ""2026-08-05"", ""form_type"": ""10-Q""}, ""operating_income"": {""filed_date"": ""2026-02-12"", ""form_type"": ""10-K""}, ""net_income"": {""filed_date"": ""2026-08-05"", ""form_type"": ""10-Q""}, ""total_assets"": {""filed_date"": ""2026-08-05"", ""form_type"": ""10-Q""}, ""long_term_debt"": {""filed_date"": ""2026-08-05"", ""form_type"": ""10-Q""}, ""cash_and_equivalents"": {""filed_date"": ""2026-08-05"", ""form_type"": ""10-Q""}, ""stockholders_equity"": {""filed_date"": ""2026-08-05"", ""form_type"": ""10-Q""}, ""operating_cash_flow"": {""filed_date"": ""2026-08-05"", ""form_type"": ""10-Q""}, ""total_debt"": {""filed_date"": ""2026-08-05"", ""form_type"": ""10-Q""}, ""shares_outstanding"": {""filed_date"": ""2026-08-05"", ""form_type"": ""10-Q""}}",9
DINO,HF Sinclair Corporation,0.11740362966990106,0.14088435560388127,6,,0.65711739376054,3,3,1,9,4,0.06731710896323027,0.06731710896323027,1.2772727272727273,93.67,16653012810.29805,2518750000.0,0.0,29219912000.0,1540000000.0,2015000000.0,Energy,0.01,2026-08-17T07:16:15.740480,True,True,2026-08-17T07:04:15.149357,"{""revenue"": {""filed_date"": ""2022-11-07"", ""form_type"": ""10-Q""}, ""operating_income"": {""filed_date"": ""2026-07-30"", ""form_type"": ""10-Q""}, ""net_income"": {""filed_date"": ""2026-07-30"", ""form_type"": ""10-Q""}, ""total_assets"": {""filed_date"": ""2026-07-30"", ""form_type"": ""10-Q""}, ""current_assets"": {""filed_date"": ""2026-07-30"", ""form_type"": ""10-Q""}, ""current_liabilities"": {""filed_date"": ""2026-07-30"", ""form_type"": ""10-Q""}, ""long_term_debt"": {""filed_date"": ""2026-07-30"", ""form_type"": ""10-Q""}, ""cash_and_equivalents"": {""filed_date"": ""2026-07-30"", ""form_type"": ""10-Q""}, ""stockholders_equity"": {""filed_date"": ""2026-07-30"", ""form_type"": ""10-Q""}, ""operating_cash_flow"": {""filed_date"": ""2026-07-30"", ""form_type"": ""10-Q""}, ""capex"": {""filed_date"": ""2026-07-30"", ""form_type"": ""10-Q""}, ""total_debt"": {""filed_date"": ""2026-07-30"", ""form_type"": ""10-Q""}, ""shares_outstanding"": {""filed_date"": ""2022-05-09"", ""form_type"": ""10-Q""}}",10
MTN,"Vail Resorts, Inc.",0.11573114587850764,0.2761929170365813,5,,0.11211210340697571,3,5,0,10,4,0.22759181543480503,0.22759181543480503,1.7254464153513578,148.3,5284452014.544891,786693750.0,0.0,2560136000.0,337690000.0,629355000.0,Consumer Discretionary,0.01,2026-08-17T07:16:15.744351,True,True,2026-08-17T07:04:15.149357,"{""revenue"": {""filed_date"": ""2026-06-08"", ""form_type"": ""10-Q""}, ""operating_income"": {""filed_date"": ""2026-06-08"", ""form_type"": ""10-Q""}, ""net_income"": {""filed_date"": ""2026-06-08"", ""form_type"": ""10-Q""}, ""total_assets"": {""filed_date"": ""2026-06-08"", ""form_type"": ""10-Q""}, ""current_assets"": {""filed_date"": ""2026-06-08"", ""form_type"": ""10-Q""}, ""current_liabilities"": {""filed_date"": ""2026-06-08"", ""form_type"": ""10-Q""}, ""long_term_debt"": {""filed_date"": ""2026-06-08"", ""form_type"": ""10-Q""}, ""cash_and_equivalents"": {""filed_date"": ""2026-06-08"", ""form_type"": ""10-Q""}, ""ppe"": {""filed_date"": ""2026-06-08"", ""form_type"": ""10-Q""}, ""stockholders_equity"": {""filed_date"": ""2026-06-08"", ""form_type"": ""10-Q""}, ""operating_cash_flow"": {""filed_date"": ""2026-06-08"", ""form_type"": ""10-Q""}, ""total_debt"": {""filed_date"": ""2025-12-10"", ""form_type"": ""10-Q""}, ""shares_outstanding"": {""filed_date"": ""2026-06-08"", ""form_type"": ""10-Q""}}",11
CPB,The Campbell's Company,0.11503860204372138,0.3623931623931624,6,,-0.13650015144252828,1,4,0,9,4,0.11029315104509005,0.11029315104509005,1.812095032397408,23.17,6909438673.061331,1060000000.0,0.0,7607000000.0,463000000.0,848000000.0,Consumer Staples,0.01,2026-08-17T07:16:15.742733,True,True,2026-08-17T07:04:15.149357,"{""revenue"": {""filed_date"": ""2026-06-08"", ""form_type"": ""10-Q""}, ""operating_income"": {""filed_date"": ""2026-06-08"", ""form_type"": ""10-Q""}, ""net_income"": {""filed_date"": ""2026-06-08"", ""form_type"": ""10-Q""}, ""total_assets"": {""filed_date"": ""2026-06-08"", ""form_type"": ""10-Q""}, ""current_assets"": {""filed_date"": ""2026-06-08"", ""form_type"": ""10-Q""}, ""current_liabilities"": {""filed_date"": ""2026-06-08"", ""form_type"": ""10-Q""}, ""long_term_debt"": {""filed_date"": ""2019-06-05"", ""form_type"": ""10-Q""}, ""cash_and_equivalents"": {""filed_date"": ""2026-06-08"", ""form_type"": ""10-Q""}, ""ppe"": {""filed_date"": ""2026-06-08"", ""form_type"": ""10-Q""}, ""stockholders_equity"": {""filed_date"": ""2026-06-08"", ""form_type"": ""10-Q""}, ""operating_cash_flow"": {""filed_date"": ""2026-06-08"", ""form_type"": ""10-Q""}, ""capex"": {""filed_date"": ""2026-06-08"", ""form_type"": ""10-Q""}, ""total_debt"": {""filed_date"": ""2026-06-08"", ""form_type"": ""10-Q""}, ""shares_outstanding"": {""filed_date"": ""2026-06-08"", ""form_type"": ""10-Q""}}",12
CNC,Centene Corporation,0.11469023610332943,0.37971698113207547,6,,0.6364298319136855,3,3,1,9,4,0.07685248688697198,0.07685248688697198,3.022796352583587,67.47,33329843253.02124,3823750000.0,0.0,103523000000.0,2632000000.0,3059000000.0,Health Care,0.02,2026-08-17T07:16:15.734306,True,True,2026-08-17T07:04:15.149357,"{""revenue"": {""filed_date"": ""2026-07-28"", ""form_type"": ""10-Q""}, ""operating_income"": {""filed_date"": ""2026-07-28"", ""form_type"": ""10-Q""}, ""net_income"": {""filed_date"": ""2026-07-28"", ""form_type"": ""10-Q""}, ""total_assets"": {""filed_date"": ""2026-07-28"", ""form_type"": ""10-Q""}, ""current_assets"": {""filed_date"": ""2026-07-28"", ""form_type"": ""10-Q""}, ""current_liabilities"": {""filed_date"": ""2026-07-28"", ""form_type"": ""10-Q""}, ""long_term_debt"": {""filed_date"": ""2026-02-17"", ""form_type"": ""10-K""}, ""cash_and_equivalents"": {""filed_date"": ""2026-07-28"", ""form_type"": ""10-Q""}, ""ppe"": {""filed_date"": ""2026-07-28"", ""form_type"": ""10-Q""}, ""stockholders_equity"": {""filed_date"": ""2026-07-28"", ""form_type"": ""10-Q""}, ""operating_cash_flow"": {""filed_date"": ""2026-07-28"", ""form_type"": ""10-Q""}, ""capex"": {""filed_date"": ""2026-07-28"", ""form_type"": ""10-Q""}, ""total_debt"": {""filed_date"": ""2026-02-17"", ""form_type"": ""10-K""}, ""shares_outstanding"": {""filed_date"": ""2026-07-28"", ""form_type"": ""10-Q""}}",13
CHRD,Chord Energy Corporation,0.11167557992747493,0.07979681925173228,5,,0.40783957325243664,3,5,0,10,4,1.7599216521977599,1.7599216521977599,2.561748770105113,137.32,7511112183.65918,1169927500.0,0.0,922553000.0,633794000.0,935942000.0,Energy,0.01,2026-08-17T07:16:15.742577,True,True,2026-08-17T07:04:15.149357,"{""revenue"": {""filed_date"": ""2018-08-07"", ""form_type"": ""10-Q""}, ""operating_income"": {""filed_date"": ""2026-08-06"", ""form_type"": ""10-Q""}, ""net_income"": {""filed_date"": ""2026-08-06"", ""form_type"": ""10-Q""}, ""total_assets"": {""filed_date"": ""2026-08-06"", ""form_type"": ""10-Q""}, ""current_assets"": {""filed_date"": ""2026-08-06"", ""form_type"": ""10-Q""}, ""current_liabilities"": {""filed_date"": ""2026-08-06"", ""form_type"": ""10-Q""}, ""long_term_debt"": {""filed_date"": ""2026-08-06"", ""form_type"": ""10-Q""}, ""cash_and_equivalents"": {""filed_date"": ""2026-08-06"", ""form_type"": ""10-Q""}, ""ppe"": {""filed_date"": ""2026-08-06"", ""form_type"": ""10-Q""}, ""stockholders_equity"": {""filed_date"": ""2026-08-06"", ""form_type"": ""10-Q""}, ""operating_cash_flow"": {""filed_date"": ""2026-08-06"", ""form_type"": ""10-Q""}, ""total_debt"": {""filed_date"": ""2026-08-06"", ""form_type"": ""10-Q""}, ""shares_outstanding"": {""filed_date"": ""2026-08-06"", ""form_type"": ""10-Q""}}",14
NXST,"Nexstar Media Group, Inc.",0.11148985960551341,0.24396887159533073,5,,-0.17189468003758304,1,5,0,10,3,0.17320743582177633,0.17320743582177633,2.066901408450704,189.57,5840329846.216736,783750000.0,0.0,3389000000.0,284000000.0,627000000.0,Communication,0.01,2026-08-17T07:16:15.744299,True,True,2026-08-17T07:04:15.149357,"{""revenue"": {""filed_date"": ""2026-08-07"", ""form_type"": ""10-Q""}, ""operating_income"": {""filed_date"": ""2026-08-07"", ""form_type"": ""10-Q""}, ""net_income"": {""filed_date"": ""2026-08-07"", ""form_type"": ""10-Q""}, ""total_assets"": {""filed_date"": ""2026-08-07"", ""form_type"": ""10-Q""}, ""current_assets"": {""filed_date"": ""2026-08-07"", ""form_type"": ""10-Q""}, ""current_liabilities"": {""filed_date"": ""2026-08-07"", ""form_type"": ""10-Q""}, ""long_term_debt"": {""filed_date"": ""2026-08-07"", ""form_type"": ""10-Q""}, ""cash_and_equivalents"": {""filed_date"": ""2026-08-07"", ""form_type"": ""10-Q""}, ""ppe"": {""filed_date"": ""2026-08-07"", ""form_type"": ""10-Q""}, ""stockholders_equity"": {""filed_date"": ""2026-08-07"", ""form_type"": ""10-Q""}, ""operating_cash_flow"": {""filed_date"": ""2026-08-07"", ""form_type"": ""10-Q""}, ""capex"": {""filed_date"": ""2026-08-07"", ""form_type"": ""10-Q""}, ""total_debt"": {""filed_date"": ""2011-11-09"", ""form_type"": ""10-Q""}, ""shares_outstanding"": {""filed_date"": ""2026-08-07"", ""form_type"": ""10-Q""}}",15
CNH,CNH Industrial N.V.,0.11124366485761095,0.13349239782913314,5,,-0.19474626687374832,1,3,0,7,2,0.020859891065013327,0.020859891065013327,1.2413793103448276,10.44,16789176612.549736,2077500000.0,0.0,8629000000.0,145000000.0,1662000000.0,Industrials,0.02,2026-08-17T07:16:15.736825,True,True,2026-08-17T07:04:15.149357,"{""revenue"": {""filed_date"": ""2026-08-03"", ""form_type"": ""10-Q""}, ""operating_income"": {""filed_date"": ""2018-03-02"", ""form_type"": ""20-F""}, ""net_income"": {""filed_date"": ""2026-08-03"", ""form_type"": ""10-Q""}, ""total_assets"": {""filed_date"": ""2026-08-03"", ""form_type"": ""10-Q""}, ""long_term_debt"": {""filed_date"": ""2016-11-07"", ""form_type"": ""6-K""}, ""cash_and_equivalents"": {""filed_date"": ""2026-08-03"", ""form_type"": ""10-Q""}, ""ppe"": {""filed_date"": ""2026-08-03"", ""form_type"": ""10-Q""}, ""stockholders_equity"": {""filed_date"": ""2026-08-03"", ""form_type"": ""10-Q""}, ""operating_cash_flow"": {""filed_date"": ""2026-08-03"", ""form_type"": ""10-Q""}, ""total_debt"": {""filed_date"": ""2016-11-07"", ""form_type"": ""6-K""}, ""shares_outstanding"": {""filed_date"": ""2026-08-03"", ""form_type"": ""10-Q""}}",16
DOX,Amdocs Limited Ordinary Shares,0.1077345939719433,0.5953437626080385,6,,-0.1319363646994532,1,5,0,10,4,0.14474117725333663,0.14474117725333663,1.4688410513445946,58.22,6180868209.594727,785760000.0,0.0,5004989000.0,493197000.0,628608000.0,Information Technology,0.02,2026-08-17T07:16:15.737609,True,True,2026-08-17T07:04:15.149357,"{""revenue"": {""filed_date"": ""2024-12-17"", ""form_type"": ""20-F""}, ""operating_income"": {""filed_date"": ""2024-12-17"", ""form_type"": ""20-F""}, ""net_income"": {""filed_date"": ""2024-12-17"", ""form_type"": ""20-F""}, ""total_assets"": {""filed_date"": ""2024-12-17"", ""form_type"": ""20-F""}, ""current_assets"": {""filed_date"": ""2024-12-17"", ""form_type"": ""20-F""}, ""current_liabilities"": {""filed_date"": ""2024-12-17"", ""form_type"": ""20-F""}, ""long_term_debt"": {""filed_date"": ""2024-12-17"", ""form_type"": ""20-F""}, ""cash_and_equivalents"": {""filed_date"": ""2024-12-17"", ""form_type"": ""20-F""}, ""ppe"": {""filed_date"": ""2024-12-17"", ""form_type"": ""20-F""}, ""stockholders_equity"": {""filed_date"": ""2024-12-17"", ""form_type"": ""20-F""}, ""operating_cash_flow"": {""filed_date"": ""2024-12-17"", ""form_type"": ""20-F""}, ""capex"": {""filed_date"": ""2024-12-17"", ""form_type"": ""20-F""}, ""shares_outstanding"": {""filed_date"": ""2024-12-17"", ""form_type"": ""20-F""}}",17
AES,The AES Corporation,0.10488450727682445,0.02372537809885141,5,,-0.07928782632088803,1,5,0,10,3,0.3403514086640412,0.3403514086640412,2.461117196056955,14.73,10504812786.032307,1141250000.0,0.0,6602000000.0,913000000.0,913000000.0,Utilities,0.02,2026-08-17T07:16:15.737732,True,True,2026-08-17T07:04:15.149357,"{""revenue"": {""filed_date"": ""2026-08-04"", ""form_type"": ""10-Q""}, ""operating_income"": {""filed_date"": ""2026-08-04"", ""form_type"": ""10-Q""}, ""net_income"": {""filed_date"": ""2026-08-04"", ""form_type"": ""10-Q""}, ""total_assets"": {""filed_date"": ""2026-08-04"", ""form_type"": ""10-Q""}, ""current_assets"": {""filed_date"": ""2026-08-04"", ""form_type"": ""10-Q""}, ""current_liabilities"": {""filed_date"": ""2026-08-04"", ""form_type"": ""10-Q""}, ""cash_and_equivalents"": {""filed_date"": ""2026-08-04"", ""form_type"": ""10-Q""}, ""ppe"": {""filed_date"": ""2026-08-04"", ""form_type"": ""10-Q""}, ""stockholders_equity"": {""filed_date"": ""2026-08-04"", ""form_type"": ""10-Q""}, ""operating_cash_flow"": {""filed_date"": ""2026-08-04"", ""form_type"": ""10-Q""}, ""capex"": {""filed_date"": ""2026-08-04"", ""form_type"": ""10-Q""}, ""shares_outstanding"": {""filed_date"": ""2026-08-04"", ""form_type"": ""10-Q""}}",18
UNM,Unum Group,0.10323958158701216,0.12388749790441458,5,,0.29525509895617874,3,5,0,10,4,0.1255427347885565,0.1255427347885565,1.726938024135815,93.33,14911916305.109024,1924375000.0,0.0,6725200000.0,488900000.0,1539500000.0,Financials,0.02,2026-08-17T07:16:15.735768,True,True,2026-08-17T07:04:15.149357,"{""revenue"": {""filed_date"": ""2026-07-29"", ""form_type"": ""10-Q""}, ""operating_income"": {""filed_date"": ""2024-10-30"", ""form_type"": ""10-Q""}, ""net_income"": {""filed_date"": ""2026-07-29"", ""form_type"": ""10-Q""}, ""total_assets"": {""filed_date"": ""2026-07-29"", ""form_type"": ""10-Q""}, ""long_term_debt"": {""filed_date"": ""2026-02-17"", ""form_type"": ""10-K""}, ""ppe"": {""filed_date"": ""2026-07-29"", ""form_type"": ""10-Q""}, ""stockholders_equity"": {""filed_date"": ""2026-07-29"", ""form_type"": ""10-Q""}, ""operating_cash_flow"": {""filed_date"": ""2026-07-29"", ""form_type"": ""10-Q""}, ""capex"": {""filed_date"": ""2026-07-29"", ""form_type"": ""10-Q""}, ""total_debt"": {""filed_date"": ""2021-02-17"", ""form_type"": ""10-K""}, ""shares_outstanding"": {""filed_date"": ""2026-07-29"", ""form_type"": ""10-Q""}}",19
CE,Celanese Corporation,0.10178358186344934,0.0742874469375379,5,,-0.17943700285118253,1,3,0,7,2,0.056003144036156416,0.056003144036156416,1.6863905325443787,45.66,5011135944.413643,612500000.0,0.0,5089000000.0,169000000.0,490000000.0,Materials,0.01,2026-08-17T07:16:15.745042,True,True,2026-08-17T07:04:15.149357,"{""revenue"": {""filed_date"": ""2026-08-05"", ""form_type"": ""10-Q""}, ""operating_income"": {""filed_date"": ""2026-08-05"", ""form_type"": ""10-Q""}, ""net_income"": {""filed_date"": ""2026-08-05"", ""form_type"": ""10-Q""}, ""total_assets"": {""filed_date"": ""2026-08-05"", ""form_type"": ""10-Q""}, ""current_assets"": {""filed_date"": ""2026-08-05"", ""form_type"": ""10-Q""}, ""current_liabilities"": {""filed_date"": ""2026-08-05"", ""form_type"": ""10-Q""}, ""long_term_debt"": {""filed_date"": ""2026-08-05"", ""form_type"": ""10-Q""}, ""cash_and_equivalents"": {""filed_date"": ""2023-02-24"", ""form_type"": ""10-K""}, ""ppe"": {""filed_date"": ""2026-08-05"", ""form_type"": ""10-Q""}, ""stockholders_equity"": {""filed_date"": ""2026-08-05"", ""form_type"": ""10-Q""}, ""operating_cash_flow"": {""filed_date"": ""2026-08-05"", ""form_type"": ""10-Q""}, ""capex"": {""filed_date"": ""2026-08-05"", ""form_type"": ""10-Q""}, ""total_debt"": {""filed_date"": ""2026-08-05"", ""form_type"": ""10-Q""}, ""shares_outstanding"": {""filed_date"": ""2025-11-07"", ""form_type"": ""10-Q""}}",20
CMCSA,Comcast Corporation,0.10175208579848295,0.1565800333507386,5,,-0.14911969006464673,1,5,2,10,3,0.12324383904188464,0.12324383904188464,2.629057729426215,26.18,92903306564.09793,11620000000.0,0.0,121572000000.0,5699000000.0,9296000000.0,Communication,0.21,2026-08-17T07:16:15.723648,True,True,2026-08-17T07:04:15.149357,"{""revenue"": {""filed_date"": ""2024-01-31"", ""form_type"": ""10-K""}, ""operating_income"": {""filed_date"": ""2026-07-23"", ""form_type"": ""10-Q""}, ""net_income"": {""filed_date"": ""2026-07-23"", ""form_type"": ""10-Q""}, ""total_assets"": {""filed_date"": ""2026-07-23"", ""form_type"": ""10-Q""}, ""current_assets"": {""filed_date"": ""2026-07-23"", ""form_type"": ""10-Q""}, ""current_liabilities"": {""filed_date"": ""2026-07-23"", ""form_type"": ""10-Q""}, ""cash_and_equivalents"": {""filed_date"": ""2026-07-23"", ""form_type"": ""10-Q""}, ""ppe"": {""filed_date"": ""2026-07-23"", ""form_type"": ""10-Q""}, ""stockholders_equity"": {""filed_date"": ""2026-07-23"", ""form_type"": ""10-Q""}, ""operating_cash_flow"": {""filed_date"": ""2026-07-23"", ""form_type"": ""10-Q""}, ""capex"": {""filed_date"": ""2026-07-23"", ""form_type"": ""10-Q""}, ""total_debt"": {""filed_date"": ""2026-07-23"", ""form_type"": ""10-Q""}, ""shares_outstanding"": {""filed_date"": ""2026-07-23"", ""form_type"": ""10-Q""}}",21
VFC,V.F. Corporation,0.10128953444977996,0.20033439505384407,6,,-0.2519956122340111,1,3,1,9,3,0.06400061171432941,0.06400061171432941,2.6332731837439196,14.87,5845911010.909319,720711250.0,0.0,10488556000.0,254920000.0,576569000.0,Consumer Discretionary,0.01,2026-08-17T07:16:15.745673,True,True,2026-08-17T07:04:15.149357,"{""revenue"": {""filed_date"": ""2020-05-27"", ""form_type"": ""10-K""}, ""operating_income"": {""filed_date"": ""2026-05-20"", ""form_type"": ""10-K""}, ""net_income"": {""filed_date"": ""2026-05-20"", ""form_type"": ""10-K""}, ""total_assets"": {""filed_date"": ""2026-05-20"", ""form_type"": ""10-K""}, ""current_assets"": {""filed_date"": ""2026-05-20"", ""form_type"": ""10-K""}, ""current_liabilities"": {""filed_date"": ""2026-05-20"", ""form_type"": ""10-K""}, ""long_term_debt"": {""filed_date"": ""2026-05-20"", ""form_type"": ""10-K""}, ""cash_and_equivalents"": {""filed_date"": ""2026-05-20"", ""form_type"": ""10-K""}, ""ppe"": {""filed_date"": ""2022-01-28"", ""form_type"": ""10-Q""}, ""stockholders_equity"": {""filed_date"": ""2026-05-20"", ""form_type"": ""10-K""}, ""operating_cash_flow"": {""filed_date"": ""2026-05-20"", ""form_type"": ""10-K""}, ""total_debt"": {""filed_date"": ""2019-05-24"", ""form_type"": ""10-K""}, ""shares_outstanding"": {""filed_date"": ""2026-05-20"", ""form_type"": ""10-K""}}",22
VOYA,"Voya Financial, Inc.",0.10088109581787116,0.1210573149814454,5,,0.38184323179304214,3,4,0,8,4,0.11892029539088363,0.11892029539088363,1.6920289855072463,101.52,9197341046.354073,1297500000.0,0.0,3927000000.0,276000000.0,1038000000.0,Financials,0.01,2026-08-17T07:16:15.740531,True,True,2026-08-17T07:04:15.149357,"{""revenue"": {""filed_date"": ""2026-08-06"", ""form_type"": ""10-Q""}, ""operating_income"": {""filed_date"": ""2026-02-20"", ""form_type"": ""10-K""}, ""net_income"": {""filed_date"": ""2026-08-06"", ""form_type"": ""10-Q""}, ""total_assets"": {""filed_date"": ""2026-08-06"", ""form_type"": ""10-Q""}, ""long_term_debt"": {""filed_date"": ""2026-08-06"", ""form_type"": ""10-Q""}, ""cash_and_equivalents"": {""filed_date"": ""2022-05-05"", ""form_type"": ""10-Q""}, ""stockholders_equity"": {""filed_date"": ""2026-08-06"", ""form_type"": ""10-Q""}, ""operating_cash_flow"": {""filed_date"": ""2026-08-06"", ""form_type"": ""10-Q""}, ""capex"": {""filed_date"": ""2017-11-01"", ""form_type"": ""10-Q""}, ""total_debt"": {""filed_date"": ""2026-08-06"", ""form_type"": ""10-Q""}, ""shares_outstanding"": {""filed_date"": ""2026-08-06"", ""form_type"": ""10-Q""}}",23
AR,Antero Resources Corporation,0.09620927474856361,0.12412031766127252,5,,0.11121016190854187,3,5,0,10,4,0.3703049500023966,0.3703049500023966,1.9228251851851852,37.37,11488995101.61972,1381138750.0,0.0,3504968000.0,675000000.0,1104911000.0,Energy,0.01,2026-08-17T07:16:15.738542,True,True,2026-08-17T07:04:15.149357,"{""revenue"": {""filed_date"": ""2026-07-29"", ""form_type"": ""10-Q""}, ""operating_income"": {""filed_date"": ""2026-07-29"", ""form_type"": ""10-Q""}, ""net_income"": {""filed_date"": ""2026-04-23"", ""form_type"": ""DEF 14A""}, ""total_assets"": {""filed_date"": ""2026-07-29"", ""form_type"": ""10-Q""}, ""current_assets"": {""filed_date"": ""2026-07-29"", ""form_type"": ""10-Q""}, ""current_liabilities"": {""filed_date"": ""2026-07-29"", ""form_type"": ""10-Q""}, ""long_term_debt"": {""filed_date"": ""2026-07-29"", ""form_type"": ""10-Q""}, ""cash_and_equivalents"": {""filed_date"": ""2021-07-28"", ""form_type"": ""10-Q""}, ""ppe"": {""filed_date"": ""2020-07-29"", ""form_type"": ""10-Q""}, ""stockholders_equity"": {""filed_date"": ""2026-07-29"", ""form_type"": ""10-Q""}, ""operating_cash_flow"": {""filed_date"": ""2026-07-29"", ""form_type"": ""10-Q""}, ""capex"": {""filed_date"": ""2023-04-26"", ""form_type"": ""10-Q""}, ""shares_outstanding"": {""filed_date"": ""2026-07-29"", ""form_type"": ""10-Q""}}",24
CF,"CF Industries Holdings, Inc.",0.09523671806885335,0.2037379338673239,5,,0.2730035115966924,3,5,0,10,4,0.3265209125475285,0.3265209125475285,3.729641693811075,118.3,17903301240.84732,2480000000.0,0.0,4208000000.0,368400000.0,1984000000.0,Materials,0.02,2026-08-17T07:16:15.734582,True,True,2026-08-17T07:04:15.149357,"{""revenue"": {""filed_date"": ""2026-08-06"", ""form_type"": ""10-Q""}, ""operating_income"": {""filed_date"": ""2026-08-06"", ""form_type"": ""10-Q""}, ""net_income"": {""filed_date"": ""2012-05-04"", ""form_type"": ""10-Q""}, ""total_assets"": {""filed_date"": ""2026-08-06"", ""form_type"": ""10-Q""}, ""current_assets"": {""filed_date"": ""2026-08-06"", ""form_type"": ""10-Q""}, ""current_liabilities"": {""filed_date"": ""2026-08-06"", ""form_type"": ""10-Q""}, ""long_term_debt"": {""filed_date"": ""2026-08-06"", ""form_type"": ""10-Q""}, ""cash_and_equivalents"": {""filed_date"": ""2020-02-24"", ""form_type"": ""10-K""}, ""ppe"": {""filed_date"": ""2026-08-06"", ""form_type"": ""10-Q""}, ""stockholders_equity"": {""filed_date"": ""2026-08-06"", ""form_type"": ""10-Q""}, ""operating_cash_flow"": {""filed_date"": ""2026-08-06"", ""form_type"": ""10-Q""}, ""capex"": {""filed_date"": ""2026-08-06"", ""form_type"": ""10-Q""}, ""total_debt"": {""filed_date"": ""2026-08-06"", ""form_type"": ""10-Q""}, ""shares_outstanding"": {""filed_date"": ""2026-02-25"", ""form_type"": ""10-K""}}",25
THO,"THOR Industries, Inc.",0.09320922145636047,0.17129007427795717,5,,-0.3023023839135662,1,2,0,6,2,0.010559284655952971,0.010559284655952971,0.5636096297759343,79.0,4112532467.0,537688750.0,0.0,7296517000.0,136701000.0,430151000.0,Consumer Discretionary,0.01,2026-08-17T07:16:15.744451,True,True,2026-08-17T07:04:15.149357,"{""revenue"": {""filed_date"": ""2026-06-03"", ""form_type"": ""10-Q""}, ""operating_income"": {""filed_date"": ""2018-09-20"", ""form_type"": ""10-K""}, ""net_income"": {""filed_date"": ""2026-06-03"", ""form_type"": ""10-Q""}, ""total_assets"": {""filed_date"": ""2026-06-03"", ""form_type"": ""10-Q""}, ""current_assets"": {""filed_date"": ""2026-06-03"", ""form_type"": ""10-Q""}, ""current_liabilities"": {""filed_date"": ""2026-06-03"", ""form_type"": ""10-Q""}, ""long_term_debt"": {""filed_date"": ""2026-06-03"", ""form_type"": ""10-Q""}, ""cash_and_equivalents"": {""filed_date"": ""2026-06-03"", ""form_type"": ""10-Q""}, ""ppe"": {""filed_date"": ""2025-09-24"", ""form_type"": ""10-K""}, ""stockholders_equity"": {""filed_date"": ""2026-06-03"", ""form_type"": ""10-Q""}, ""operating_cash_flow"": {""filed_date"": ""2026-06-03"", ""form_type"": ""10-Q""}, ""capex"": {""filed_date"": ""2019-03-06"", ""form_type"": ""10-Q""}, ""total_debt"": {""filed_date"": ""2026-06-03"", ""form_type"": ""10-Q""}, ""shares_outstanding"": {""filed_date"": ""2026-06-03"", ""form_type"": ""10-Q""}}",26
AN,"AutoNation, Inc.",0.0920739961314703,0.2358747066929867,4,,0.04626535122661151,2,0,1,3,2,-0.003627085203124189,,-0.1261935483870968,209.41,6923263505.532288,791625000.0,0.0,13481900000.0,387500000.0,633300000.0,Consumer Discretionary,0.01,2026-08-17T07:16:15.744715,True,True,2026-08-17T07:04:15.149357,"{""revenue"": {""filed_date"": ""2026-07-31"", ""form_type"": ""10-Q""}, ""operating_income"": {""filed_date"": ""2026-07-31"", ""form_type"": ""10-Q""}, ""net_income"": {""filed_date"": ""2026-07-31"", ""form_type"": ""10-Q""}, ""total_assets"": {""filed_date"": ""2026-07-31"", ""form_type"": ""10-Q""}, ""current_assets"": {""filed_date"": ""2026-07-31"", ""form_type"": ""10-Q""}, ""current_liabilities"": {""filed_date"": ""2026-07-31"", ""form_type"": ""10-Q""}, ""long_term_debt"": {""filed_date"": ""2011-10-21"", ""form_type"": ""10-Q""}, ""cash_and_equivalents"": {""filed_date"": ""2026-07-31"", ""form_type"": ""10-Q""}, ""ppe"": {""filed_date"": ""2026-07-31"", ""form_type"": ""10-Q""}, ""stockholders_equity"": {""filed_date"": ""2026-07-31"", ""form_type"": ""10-Q""}, ""operating_cash_flow"": {""filed_date"": ""2026-07-31"", ""form_type"": ""10-Q""}, ""capex"": {""filed_date"": ""2026-07-31"", ""form_type"": ""10-Q""}, ""total_debt"": {""filed_date"": ""2011-04-26"", ""form_type"": ""10-Q""}, ""shares_outstanding"": {""filed_date"": ""2026-07-31"", ""form_type"": ""10-Q""}}",27
BRBR,"BellRing Brands, Inc.",0.08989714606050862,0.45217578629900906,4,,-0.40542035147329497,1,4,0,8,3,0.12097524660338731,0.12097524660338731,0.5813953488372093,10.75,1249990585.5,262375000.0,0.0,537300000.0,111800000.0,209900000.0,Consumer Staples,0.01,2026-08-17T07:16:15.745120,True,True,2026-08-17T07:04:15.149357,"{""revenue"": {""filed_date"": ""2026-02-03"", ""form_type"": ""10-Q""}, ""operating_income"": {""filed_date"": ""2026-08-04"", ""form_type"": ""10-Q""}, ""net_income"": {""filed_date"": ""2026-08-04"", ""form_type"": ""10-Q""}, ""total_assets"": {""filed_date"": ""2026-08-04"", ""form_type"": ""10-Q""}, ""current_assets"": {""filed_date"": ""2026-08-04"", ""form_type"": ""10-Q""}, ""current_liabilities"": {""filed_date"": ""2026-08-04"", ""form_type"": ""10-Q""}, ""long_term_debt"": {""filed_date"": ""2026-08-04"", ""form_type"": ""10-Q""}, ""cash_and_equivalents"": {""filed_date"": ""2026-08-04"", ""form_type"": ""10-Q""}, ""ppe"": {""filed_date"": ""2026-08-04"", ""form_type"": ""10-Q""}, ""stockholders_equity"": {""filed_date"": ""2026-08-04"", ""form_type"": ""10-Q""}, ""operating_cash_flow"": {""filed_date"": ""2026-08-04"", ""form_type"": ""10-Q""}, ""total_debt"": {""filed_date"": ""2026-08-04"", ""form_type"": ""10-Q""}, ""shares_outstanding"": {""filed_date"": ""2022-08-05"", ""form_type"": ""10-Q""}}",28
MPC,Marathon Petroleum Corporation,0.0889390603020395,0.19611192268794247,5,,0.7879948422294232,3,5,2,10,4,0.36819760710150523,0.36819760710150523,2.026553372278279,355.42,103760122731.74759,10907500000.0,0.0,31092000000.0,5649000000.0,8726000000.0,Energy,0.09,2026-08-17T07:16:15.726447,True,True,2026-08-17T07:04:15.149357,"{""revenue"": {""filed_date"": ""2020-02-28"", ""form_type"": ""10-K""}, ""operating_income"": {""filed_date"": ""2026-08-04"", ""form_type"": ""10-Q""}, ""net_income"": {""filed_date"": ""2026-08-04"", ""form_type"": ""10-Q""}, ""total_assets"": {""filed_date"": ""2026-08-04"", ""form_type"": ""10-Q""}, ""current_assets"": {""filed_date"": ""2026-08-04"", ""form_type"": ""10-Q""}, ""current_liabilities"": {""filed_date"": ""2026-08-04"", ""form_type"": ""10-Q""}, ""long_term_debt"": {""filed_date"": ""2012-05-09"", ""form_type"": ""10-Q""}, ""cash_and_equivalents"": {""filed_date"": ""2026-08-04"", ""form_type"": ""10-Q""}, ""ppe"": {""filed_date"": ""2021-11-02"", ""form_type"": ""10-Q""}, ""stockholders_equity"": {""filed_date"": ""2026-08-04"", ""form_type"": ""10-Q""}, ""operating_cash_flow"": {""filed_date"": ""2026-08-04"", ""form_type"": ""10-Q""}, ""capex"": {""filed_date"": ""2026-08-04"", ""form_type"": ""10-Q""}, ""total_debt"": {""filed_date"": ""2026-08-04"", ""form_type"": ""10-Q""}, ""shares_outstanding"": {""filed_date"": ""2012-02-29"", ""form_type"": ""10-K""}}",29
AMG,"Affiliated Managers Group, Inc.",0.0887676929052535,1.7927184466019417,5,,0.1591141552105852,3,5,0,10,4,0.45403171390013497,0.45403171390013497,1.8167397907526155,374.37,9887892132.484741,1384875000.0,0.0,1185600000.0,296300000.0,1107900000.0,Financials,0.01,2026-08-17T07:16:15.742411,True,True,2026-08-17T07:04:15.149357,"{""revenue"": {""filed_date"": ""2026-08-07"", ""form_type"": ""10-Q""}, ""operating_income"": {""filed_date"": ""2018-02-23"", ""form_type"": ""10-K""}, ""net_income"": {""filed_date"": ""2026-08-07"", ""form_type"": ""10-Q""}, ""total_assets"": {""filed_date"": ""2026-08-07"", ""form_type"": ""10-Q""}, ""current_assets"": {""filed_date"": ""2013-11-12"", ""form_type"": ""10-Q""}, ""current_liabilities"": {""filed_date"": ""2013-11-12"", ""form_type"": ""10-Q""}, ""long_term_debt"": {""filed_date"": ""2026-08-07"", ""form_type"": ""10-Q""}, ""cash_and_equivalents"": {""filed_date"": ""2026-08-07"", ""form_type"": ""10-Q""}, ""ppe"": {""filed_date"": ""2026-08-07"", ""form_type"": ""10-Q""}, ""stockholders_equity"": {""filed_date"": ""2026-08-07"", ""form_type"": ""10-Q""}, ""operating_cash_flow"": {""filed_date"": ""2026-08-07"", ""form_type"": ""10-Q""}, ""capex"": {""filed_date"": ""2026-08-07"", ""form_type"": ""10-Q""}, ""total_debt"": {""filed_date"": ""2026-08-07"", ""form_type"": ""10-Q""}, ""shares_outstanding"": {""filed_date"": ""2021-11-05"", ""form_type"": ""10-Q""}}",30
ACN,Accenture plc,0.08699657927186799,0.9545573753419153,6,,-0.17897545226006803,1,5,2,10,4,0.16697699678731395,0.16697699678731395,1.4536157015233722,176.89,108246439287.51018,10678178750.0,0.0,55504334000.0,6375789000.0,8542543000.0,Information Technology,0.27,2026-08-17T07:16:15.723028,True,True,2026-08-17T07:04:15.149357,"{""revenue"": {""filed_date"": ""2026-06-18"", ""form_type"": ""10-Q""}, ""operating_income"": {""filed_date"": ""2026-06-18"", ""form_type"": ""10-Q""}, ""net_income"": {""filed_date"": ""2026-06-18"", ""form_type"": ""10-Q""}, ""total_assets"": {""filed_date"": ""2026-06-18"", ""form_type"": ""10-Q""}, ""current_assets"": {""filed_date"": ""2026-06-18"", ""form_type"": ""10-Q""}, ""current_liabilities"": {""filed_date"": ""2026-06-18"", ""form_type"": ""10-Q""}, ""cash_and_equivalents"": {""filed_date"": ""2026-06-18"", ""form_type"": ""10-Q""}, ""ppe"": {""filed_date"": ""2026-06-18"", ""form_type"": ""10-Q""}, ""stockholders_equity"": {""filed_date"": ""2026-06-18"", ""form_type"": ""10-Q""}, ""operating_cash_flow"": {""filed_date"": ""2026-06-18"", ""form_type"": ""10-Q""}, ""capex"": {""filed_date"": ""2026-06-18"", ""form_type"": ""10-Q""}, ""total_debt"": {""filed_date"": ""2026-06-18"", ""form_type"": ""10-Q""}, ""shares_outstanding"": {""filed_date"": ""2026-06-18"", ""form_type"": ""10-Q""}}",31
AIG,"American International Group, Inc.",0.08632810433856314,0.10359372520627576,4,,-0.022614978511917447,1,4,1,8,3,0.13622133236257736,0.13622133236257736,0.604328165374677,76.64,40074532153.01134,5316250000.0,0.0,13735000000.0,3096000000.0,4253000000.0,Financials,0.08,2026-08-17T07:16:15.726890,True,True,2026-08-17T07:04:15.149357,"{""revenue"": {""filed_date"": ""2026-08-07"", ""form_type"": ""10-Q""}, ""operating_income"": {""filed_date"": ""2022-05-05"", ""form_type"": ""10-Q""}, ""net_income"": {""filed_date"": ""2026-02-12"", ""form_type"": ""10-K""}, ""total_assets"": {""filed_date"": ""2026-08-07"", ""form_type"": ""10-Q""}, ""long_term_debt"": {""filed_date"": ""2026-02-12"", ""form_type"": ""10-K""}, ""ppe"": {""filed_date"": ""2026-02-12"", ""form_type"": ""10-K""}, ""stockholders_equity"": {""filed_date"": ""2026-08-07"", ""form_type"": ""10-Q""}, ""operating_cash_flow"": {""filed_date"": ""2026-08-07"", ""form_type"": ""10-Q""}, ""total_debt"": {""filed_date"": ""2026-02-12"", ""form_type"": ""10-K""}, ""shares_outstanding"": {""filed_date"": ""2026-08-07"", ""form_type"": ""10-Q""}}",32
AVT,"Avnet, Inc.",0.08593817419281104,0.11193604907516874,4,,0.48504267888897806,3,0,1,3,2,-0.010166403313062289,,-0.8401143578287563,95.71,7855204744.949944,905977500.0,0.0,27632683000.0,334389000.0,724782000.0,Information Technology,0.01,2026-08-17T07:16:15.745831,True,True,2026-08-17T07:04:15.149357,"{""revenue"": {""filed_date"": ""2026-08-14"", ""form_type"": ""10-K""}, ""operating_income"": {""filed_date"": ""2026-08-14"", ""form_type"": ""10-K""}, ""net_income"": {""filed_date"": ""2026-08-14"", ""form_type"": ""10-K""}, ""total_assets"": {""filed_date"": ""2026-08-14"", ""form_type"": ""10-K""}, ""current_assets"": {""filed_date"": ""2026-08-14"", ""form_type"": ""10-K""}, ""current_liabilities"": {""filed_date"": ""2026-08-14"", ""form_type"": ""10-K""}, ""long_term_debt"": {""filed_date"": ""2015-08-07"", ""form_type"": ""10-K""}, ""cash_and_equivalents"": {""filed_date"": ""2026-08-14"", ""form_type"": ""10-K""}, ""ppe"": {""filed_date"": ""2026-08-14"", ""form_type"": ""10-K""}, ""stockholders_equity"": {""filed_date"": ""2026-08-14"", ""form_type"": ""10-K""}, ""operating_cash_flow"": {""filed_date"": ""2026-08-14"", ""form_type"": ""10-K""}, ""capex"": {""filed_date"": ""2026-08-14"", ""form_type"": ""10-K""}, ""total_debt"": {""filed_date"": ""2026-08-14"", ""form_type"": ""10-K""}, ""shares_outstanding"": {""filed_date"": ""2026-08-14"", ""form_type"": ""10-K""}}",33
UGI,UGI Corporation,0.08489182295593747,0.12220129734254027,4,,-0.06407075083122475,1,5,0,9,3,0.15937038858829317,0.15937038858829317,1.4210526315789473,35.37,7586686753.684658,1460000000.0,0.0,6099000000.0,684000000.0,1168000000.0,Utilities,0.01,2026-08-17T07:16:15.739923,True,True,2026-08-17T07:04:15.149357,"{""revenue"": {""filed_date"": ""2026-08-06"", ""form_type"": ""10-Q""}, ""operating_income"": {""filed_date"": ""2026-08-06"", ""form_type"": ""10-Q""}, ""net_income"": {""filed_date"": ""2026-08-06"", ""form_type"": ""10-Q""}, ""total_assets"": {""filed_date"": ""2026-08-06"", ""form_type"": ""10-Q""}, ""current_assets"": {""filed_date"": ""2026-08-06"", ""form_type"": ""10-Q""}, ""current_liabilities"": {""filed_date"": ""2026-08-06"", ""form_type"": ""10-Q""}, ""long_term_debt"": {""filed_date"": ""2025-11-21"", ""form_type"": ""10-K""}, ""cash_and_equivalents"": {""filed_date"": ""2026-08-06"", ""form_type"": ""10-Q""}, ""ppe"": {""filed_date"": ""2026-08-06"", ""form_type"": ""10-Q""}, ""stockholders_equity"": {""filed_date"": ""2026-08-06"", ""form_type"": ""10-Q""}, ""operating_cash_flow"": {""filed_date"": ""2026-08-06"", ""form_type"": ""10-Q""}, ""capex"": {""filed_date"": ""2026-08-06"", ""form_type"": ""10-Q""}, ""total_debt"": {""filed_date"": ""2025-11-21"", ""form_type"": ""10-K""}, ""shares_outstanding"": {""filed_date"": ""2013-12-16"", ""form_type"": ""10-K""}}",34
T,AT&T Inc.,0.08438232370139889,0.10750645619598578,5,,-0.11132285773221684,1,5,2,10,3,0.6387796524165926,0.6387796524165926,4.763954588457899,24.89,170555874646.1357,17120000000.0,0.0,63064000000.0,8456000000.0,13696000000.0,Communication,0.34,2026-08-17T07:16:15.722442,True,True,2026-08-17T07:04:15.149357,"{""revenue"": {""filed_date"": ""2026-07-22"", ""form_type"": ""10-Q""}, ""operating_income"": {""filed_date"": ""2026-07-22"", ""form_type"": ""10-Q""}, ""net_income"": {""filed_date"": ""2026-07-22"", ""form_type"": ""10-Q""}, ""total_assets"": {""filed_date"": ""2026-07-22"", ""form_type"": ""10-Q""}, ""current_assets"": {""filed_date"": ""2026-07-22"", ""form_type"": ""10-Q""}, ""current_liabilities"": {""filed_date"": ""2026-07-22"", ""form_type"": ""10-Q""}, ""long_term_debt"": {""filed_date"": ""2026-02-09"", ""form_type"": ""10-K""}, ""cash_and_equivalents"": {""filed_date"": ""2026-07-22"", ""form_type"": ""10-Q""}, ""ppe"": {""filed_date"": ""2020-08-05"", ""form_type"": ""10-Q""}, ""stockholders_equity"": {""filed_date"": ""2026-07-22"", ""form_type"": ""10-Q""}, ""operating_cash_flow"": {""filed_date"": ""2026-02-09"", ""form_type"": ""10-K""}, ""capex"": {""filed_date"": ""2018-02-20"", ""form_type"": ""10-K""}, ""total_debt"": {""filed_date"": ""2026-07-22"", ""form_type"": ""10-Q""}, ""shares_outstanding"": {""filed_date"": ""2026-07-22"", ""form_type"": ""10-Q""}}",35
NFG,National Fuel Gas Company,0.08224677803247303,0.09041980285156281,5,,-0.048181656283826375,1,5,0,10,3,0.5052977541507988,0.5052977541507988,1.821576098631179,81.92,7786094336.047226,1040248750.0,0.0,2047377000.0,567934000.0,832199000.0,Utilities,0.01,2026-08-17T07:16:15.739862,True,True,2026-08-17T07:04:15.149357,"{""revenue"": {""filed_date"": ""2026-07-30"", ""form_type"": ""10-Q""}, ""operating_income"": {""filed_date"": ""2026-07-30"", ""form_type"": ""10-Q""}, ""net_income"": {""filed_date"": ""2026-07-30"", ""form_type"": ""10-Q""}, ""total_assets"": {""filed_date"": ""2026-07-30"", ""form_type"": ""10-Q""}, ""current_assets"": {""filed_date"": ""2026-07-30"", ""form_type"": ""10-Q""}, ""current_liabilities"": {""filed_date"": ""2026-07-30"", ""form_type"": ""10-Q""}, ""long_term_debt"": {""filed_date"": ""2026-07-30"", ""form_type"": ""10-Q""}, ""cash_and_equivalents"": {""filed_date"": ""2026-07-30"", ""form_type"": ""10-Q""}, ""ppe"": {""filed_date"": ""2026-07-30"", ""form_type"": ""10-Q""}, ""stockholders_equity"": {""filed_date"": ""2025-01-30"", ""form_type"": ""10-Q""}, ""operating_cash_flow"": {""filed_date"": ""2026-07-30"", ""form_type"": ""10-Q""}, ""capex"": {""filed_date"": ""2026-07-30"", ""form_type"": ""10-Q""}, ""total_debt"": {""filed_date"": ""2026-07-30"", ""form_type"": ""10-Q""}, ""shares_outstanding"": {""filed_date"": ""2026-07-30"", ""form_type"": ""10-Q""}}",36
EOG,"EOG Resources, Inc.",0.08184898542798412,0.12820727470595622,5,,0.2090510307559938,3,5,2,10,4,0.491281127340583,0.491281127340583,1.6230867346938775,142.61,75958154988.39066,7657500000.0,0.0,15541000000.0,4704000000.0,6126000000.0,Energy,0.11,2026-08-17T07:16:15.725482,True,True,2026-08-17T07:04:15.149357,"{""revenue"": {""filed_date"": ""2026-08-04"", ""form_type"": ""10-Q""}, ""operating_income"": {""filed_date"": ""2026-08-04"", ""form_type"": ""10-Q""}, ""net_income"": {""filed_date"": ""2026-08-04"", ""form_type"": ""10-Q""}, ""total_assets"": {""filed_date"": ""2026-08-04"", ""form_type"": ""10-Q""}, ""current_assets"": {""filed_date"": ""2026-08-04"", ""form_type"": ""10-Q""}, ""current_liabilities"": {""filed_date"": ""2026-08-04"", ""form_type"": ""10-Q""}, ""long_term_debt"": {""filed_date"": ""2010-11-02"", ""form_type"": ""10-Q""}, ""cash_and_equivalents"": {""filed_date"": ""2026-08-04"", ""form_type"": ""10-Q""}, ""ppe"": {""filed_date"": ""2026-08-04"", ""form_type"": ""10-Q""}, ""stockholders_equity"": {""filed_date"": ""2026-08-04"", ""form_type"": ""10-Q""}, ""operating_cash_flow"": {""filed_date"": ""2026-08-04"", ""form_type"": ""10-Q""}, ""total_debt"": {""filed_date"": ""2010-11-02"", ""form_type"": ""10-Q""}, ""shares_outstanding"": {""filed_date"": ""2013-02-22"", ""form_type"": ""10-K""}}",37
SF,Stifel Financial Corp.,0.081765243230967,0.0981182918771604,3,,0.09771231377336177,2,0,0,2,1,-0.08063506243586263,,-0.5575543632924318,85.62,12928768879.81865,1160555000.0,0.0,3304431000.0,477896000.0,928444000.0,Financials,0.02,2026-08-17T07:16:15.736477,True,True,2026-08-17T07:04:15.149357,"{""revenue"": {""filed_date"": ""2026-08-05"", ""form_type"": ""10-Q""}, ""operating_income"": {""filed_date"": ""2025-02-26"", ""form_type"": ""10-K""}, ""net_income"": {""filed_date"": ""2026-08-05"", ""form_type"": ""10-Q""}, ""total_assets"": {""filed_date"": ""2026-08-05"", ""form_type"": ""10-Q""}, ""long_term_debt"": {""filed_date"": ""2026-08-05"", ""form_type"": ""10-Q""}, ""cash_and_equivalents"": {""filed_date"": ""2026-08-05"", ""form_type"": ""10-Q""}, ""ppe"": {""filed_date"": ""2026-08-05"", ""form_type"": ""10-Q""}, ""stockholders_equity"": {""filed_date"": ""2021-02-19"", ""form_type"": ""10-K""}, ""operating_cash_flow"": {""filed_date"": ""2026-08-05"", ""form_type"": ""10-Q""}, ""total_debt"": {""filed_date"": ""2026-08-05"", ""form_type"": ""10-Q""}, ""shares_outstanding"": {""filed_date"": ""2026-08-05"", ""form_type"": ""10-Q""}}",38
PRI,"Primerica, Inc.",0.07967442721141466,0.09560931265369758,4,,0.22092799371326835,3,4,0,8,4,0.20175985277590275,0.20175985277590275,0.8935607354207975,313.69,9654546996.640015,939042500.0,0.0,1737759000.0,392374000.0,751234000.0,Financials,0.01,2026-08-17T07:16:15.738513,True,True,2026-08-17T07:04:15.149357,"{""revenue"": {""filed_date"": ""2026-08-06"", ""form_type"": ""10-Q""}, ""operating_income"": {""filed_date"": ""2026-02-27"", ""form_type"": ""10-K""}, ""net_income"": {""filed_date"": ""2026-08-06"", ""form_type"": ""10-Q""}, ""total_assets"": {""filed_date"": ""2026-08-06"", ""form_type"": ""10-Q""}, ""long_term_debt"": {""filed_date"": ""2013-02-27"", ""form_type"": ""10-K""}, ""cash_and_equivalents"": {""filed_date"": ""2026-08-06"", ""form_type"": ""10-Q""}, ""ppe"": {""filed_date"": ""2026-02-27"", ""form_type"": ""10-K""}, ""stockholders_equity"": {""filed_date"": ""2026-08-06"", ""form_type"": ""10-Q""}, ""operating_cash_flow"": {""filed_date"": ""2026-08-06"", ""form_type"": ""10-Q""}, ""capex"": {""filed_date"": ""2012-05-08"", ""form_type"": ""8-K""}, ""total_debt"": {""filed_date"": ""2013-02-27"", ""form_type"": ""10-K""}, ""shares_outstanding"": {""filed_date"": ""2026-08-06"", ""form_type"": ""10-Q""}}",39
CROX,"Crocs, Inc.",0.07905668804262803,0.8072977076436767,4,,0.31825464005704024,3,4,0,8,4,0.12888037412092293,0.12888037412092293,0.7906950937820308,131.72,6315325337.526703,608152500.0,0.0,2100925000.0,342443000.0,486522000.0,Consumer Discretionary,0.01,2026-08-17T07:16:15.745455,True,True,2026-08-17T07:04:15.149357,"{""revenue"": {""filed_date"": ""2026-07-30"", ""form_type"": ""10-Q""}, ""operating_income"": {""filed_date"": ""2026-07-30"", ""form_type"": ""10-Q""}, ""net_income"": {""filed_date"": ""2026-07-30"", ""form_type"": ""10-Q""}, ""total_assets"": {""filed_date"": ""2026-07-30"", ""form_type"": ""10-Q""}, ""current_assets"": {""filed_date"": ""2026-07-30"", ""form_type"": ""10-Q""}, ""current_liabilities"": {""filed_date"": ""2026-07-30"", ""form_type"": ""10-Q""}, ""long_term_debt"": {""filed_date"": ""2015-08-07"", ""form_type"": ""10-Q""}, ""cash_and_equivalents"": {""filed_date"": ""2026-07-30"", ""form_type"": ""10-Q""}, ""ppe"": {""filed_date"": ""2026-07-30"", ""form_type"": ""10-Q""}, ""stockholders_equity"": {""filed_date"": ""2026-07-30"", ""form_type"": ""10-Q""}, ""operating_cash_flow"": {""filed_date"": ""2026-07-30"", ""form_type"": ""10-Q""}, ""capex"": {""filed_date"": ""2026-07-30"", ""form_type"": ""10-Q""}, ""total_debt"": {""filed_date"": ""2015-08-07"", ""form_type"": ""10-Q""}, ""shares_outstanding"": {""filed_date"": ""2026-07-30"", ""form_type"": ""10-Q""}}",40
GAP,"The Gap, Inc.",0.07734333591510599,0.0913195156987482,4,,-0.24134181702445312,1,2,0,5,2,0.06090935087217615,0.06090935087217615,0.6283185840707964,20.6,7415566157.121065,556250000.0,0.0,3497000000.0,339000000.0,445000000.0,Consumer Discretionary,0.01,2026-08-17T07:16:15.745506,True,True,2026-08-17T07:04:15.149357,"{""revenue"": {""filed_date"": ""2026-05-29"", ""form_type"": ""10-Q""}, ""operating_income"": {""filed_date"": ""2026-05-29"", ""form_type"": ""10-Q""}, ""net_income"": {""filed_date"": ""2026-05-29"", ""form_type"": ""10-Q""}, ""total_assets"": {""filed_date"": ""2026-05-29"", ""form_type"": ""10-Q""}, ""current_assets"": {""filed_date"": ""2026-05-29"", ""form_type"": ""10-Q""}, ""current_liabilities"": {""filed_date"": ""2026-05-29"", ""form_type"": ""10-Q""}, ""long_term_debt"": {""filed_date"": ""2018-06-01"", ""form_type"": ""10-Q""}, ""cash_and_equivalents"": {""filed_date"": ""2026-05-29"", ""form_type"": ""10-Q""}, ""ppe"": {""filed_date"": ""2026-05-29"", ""form_type"": ""10-Q""}, ""stockholders_equity"": {""filed_date"": ""2026-05-29"", ""form_type"": ""10-Q""}, ""operating_cash_flow"": {""filed_date"": ""2026-05-29"", ""form_type"": ""10-Q""}, ""capex"": {""filed_date"": ""2026-05-29"", ""form_type"": ""10-Q""}, ""total_debt"": {""filed_date"": ""2020-06-09"", ""form_type"": ""10-Q""}, ""shares_outstanding"": {""filed_date"": ""2026-05-29"", ""form_type"": ""10-Q""}}",41
CLX,The Clorox Company,0.07675703185452466,1.2845417236662107,4,,-0.11936584572389984,1,2,0,5,2,0.09288537549407115,0.09288537549407115,0.6650943396226415,105.7,12782406859.44786,1173750000.0,0.0,3036000000.0,424000000.0,939000000.0,Consumer Staples,0.02,2026-08-17T07:16:15.734096,True,True,2026-08-17T07:04:15.149357,"{""revenue"": {""filed_date"": ""2019-02-04"", ""form_type"": ""10-Q""}, ""operating_income"": {""filed_date"": ""2020-08-13"", ""form_type"": ""10-K""}, ""net_income"": {""filed_date"": ""2026-04-30"", ""form_type"": ""10-Q""}, ""total_assets"": {""filed_date"": ""2026-04-30"", ""form_type"": ""10-Q""}, ""current_assets"": {""filed_date"": ""2026-04-30"", ""form_type"": ""10-Q""}, ""current_liabilities"": {""filed_date"": ""2026-04-30"", ""form_type"": ""10-Q""}, ""long_term_debt"": {""filed_date"": ""2025-08-08"", ""form_type"": ""10-K""}, ""cash_and_equivalents"": {""filed_date"": ""2026-04-30"", ""form_type"": ""10-Q""}, ""ppe"": {""filed_date"": ""2026-04-30"", ""form_type"": ""10-Q""}, ""stockholders_equity"": {""filed_date"": ""2026-04-30"", ""form_type"": ""10-Q""}, ""operating_cash_flow"": {""filed_date"": ""2026-04-30"", ""form_type"": ""10-Q""}, ""capex"": {""filed_date"": ""2026-04-30"", ""form_type"": ""10-Q""}, ""total_debt"": {""filed_date"": ""2020-05-01"", ""form_type"": ""10-Q""}, ""shares_outstanding"": {""filed_date"": ""2026-04-30"", ""form_type"": ""10-Q""}}",42
VLO,Valero Energy Corporation,0.07576355864125016,0.5256887000075889,5,,0.7463263227133388,3,3,1,8,3,,,1.3987557696166968,341.67,98376179466.08347,8658750000.0,0.0,0.0,4983000000.0,6927000000.0,Energy,0.08,2026-08-17T07:16:15.727373,True,True,2026-08-17T07:04:15.149357,"{""operating_income"": {""filed_date"": ""2026-07-30"", ""form_type"": ""10-Q""}, ""net_income"": {""filed_date"": ""2026-07-30"", ""form_type"": ""10-Q""}, ""total_assets"": {""filed_date"": ""2026-07-30"", ""form_type"": ""10-Q""}, ""current_assets"": {""filed_date"": ""2026-07-30"", ""form_type"": ""10-Q""}, ""current_liabilities"": {""filed_date"": ""2026-07-30"", ""form_type"": ""10-Q""}, ""long_term_debt"": {""filed_date"": ""2026-02-25"", ""form_type"": ""10-K""}, ""cash_and_equivalents"": {""filed_date"": ""2026-07-30"", ""form_type"": ""10-Q""}, ""ppe"": {""filed_date"": ""2025-10-23"", ""form_type"": ""10-Q""}, ""stockholders_equity"": {""filed_date"": ""2026-07-30"", ""form_type"": ""10-Q""}, ""operating_cash_flow"": {""filed_date"": ""2026-07-30"", ""form_type"": ""10-Q""}, ""capex"": {""filed_date"": ""2018-11-06"", ""form_type"": ""10-Q""}, ""total_debt"": {""filed_date"": ""2026-07-30"", ""form_type"": ""10-Q""}, ""shares_outstanding"": {""filed_date"": ""2026-07-30"", ""form_type"": ""10-Q""}}",43
GM,General Motors Company,0.07515606601481771,0.07007814872229236,5,,0.07318371446076824,2,4,2,10,4,0.10151663938897981,0.10151663938897981,2.3662258392675484,86.77,78479257176.38623,5481250000.0,0.0,91650000000.0,3932000000.0,4385000000.0,Consumer Discretionary,0.09,2026-08-17T07:16:15.726166,True,True,2026-08-17T07:04:15.149357,"{""revenue"": {""filed_date"": ""2026-07-21"", ""form_type"": ""10-Q""}, ""operating_income"": {""filed_date"": ""2026-07-21"", ""form_type"": ""10-Q""}, ""net_income"": {""filed_date"": ""2026-07-21"", ""form_type"": ""10-Q""}, ""total_assets"": {""filed_date"": ""2026-07-21"", ""form_type"": ""10-Q""}, ""current_assets"": {""filed_date"": ""2026-07-21"", ""form_type"": ""10-Q""}, ""current_liabilities"": {""filed_date"": ""2026-07-21"", ""form_type"": ""10-Q""}, ""cash_and_equivalents"": {""filed_date"": ""2026-07-21"", ""form_type"": ""10-Q""}, ""ppe"": {""filed_date"": ""2023-10-24"", ""form_type"": ""10-Q""}, ""stockholders_equity"": {""filed_date"": ""2026-07-21"", ""form_type"": ""10-Q""}, ""operating_cash_flow"": {""filed_date"": ""2026-07-21"", ""form_type"": ""10-Q""}, ""capex"": {""filed_date"": ""2026-07-21"", ""form_type"": ""10-Q""}, ""shares_outstanding"": {""filed_date"": ""2026-07-21"", ""form_type"": ""10-Q""}}",44
LYB,LyondellBasell Industries N.V.,0.07506666502027531,0.08802173376142257,3,,0.16486647834742196,3,2,1,5,2,0.02949798460974716,0.02949798460974716,,63.76,20596899277.311523,2227500000.0,0.0,16374000000.0,-738000000.0,1782000000.0,Materials,0.03,2026-08-17T07:16:15.734021,True,True,2026-08-17T07:04:15.149357,"{""revenue"": {""filed_date"": ""2026-07-31"", ""form_type"": ""10-Q""}, ""operating_income"": {""filed_date"": ""2026-07-31"", ""form_type"": ""10-Q""}, ""net_income"": {""filed_date"": ""2026-04-10"", ""form_type"": ""DEF 14A""}, ""total_assets"": {""filed_date"": ""2026-07-31"", ""form_type"": ""10-Q""}, ""current_assets"": {""filed_date"": ""2026-07-31"", ""form_type"": ""10-Q""}, ""current_liabilities"": {""filed_date"": ""2026-07-31"", ""form_type"": ""10-Q""}, ""long_term_debt"": {""filed_date"": ""2014-02-20"", ""form_type"": ""10-K""}, ""cash_and_equivalents"": {""filed_date"": ""2026-07-31"", ""form_type"": ""10-Q""}, ""ppe"": {""filed_date"": ""2026-07-31"", ""form_type"": ""10-Q""}, ""stockholders_equity"": {""filed_date"": ""2026-07-31"", ""form_type"": ""10-Q""}, ""operating_cash_flow"": {""filed_date"": ""2026-07-31"", ""form_type"": ""10-Q""}, ""capex"": {""filed_date"": ""2026-07-31"", ""form_type"": ""10-Q""}, ""total_debt"": {""filed_date"": ""2014-02-20"", ""form_type"": ""10-K""}, ""shares_outstanding"": {""filed_date"": ""2026-07-31"", ""form_type"": ""10-Q""}}",45
TAP,Molson Coors Beverage Company,0.07486394474003664,0.16791373865543827,5,,-0.1409092406724752,1,5,0,10,3,0.36363636363636365,0.36363636363636365,2.1420365535248043,42.77,7974634799.761837,737750000.0,0.0,2256100000.0,383000000.0,590200000.0,Consumer Staples,0.02,2026-08-17T07:16:15.738418,True,True,2026-08-17T07:04:15.149357,"{""revenue"": {""filed_date"": ""2021-04-29"", ""form_type"": ""10-Q""}, ""operating_income"": {""filed_date"": ""2026-08-06"", ""form_type"": ""10-Q""}, ""net_income"": {""filed_date"": ""2026-08-06"", ""form_type"": ""10-Q""}, ""total_assets"": {""filed_date"": ""2026-08-06"", ""form_type"": ""10-Q""}, ""current_assets"": {""filed_date"": ""2026-08-06"", ""form_type"": ""10-Q""}, ""current_liabilities"": {""filed_date"": ""2026-08-06"", ""form_type"": ""10-Q""}, ""long_term_debt"": {""filed_date"": ""2026-08-06"", ""form_type"": ""10-Q""}, ""cash_and_equivalents"": {""filed_date"": ""2026-08-06"", ""form_type"": ""10-Q""}, ""ppe"": {""filed_date"": ""2021-04-29"", ""form_type"": ""10-Q""}, ""stockholders_equity"": {""filed_date"": ""2026-08-06"", ""form_type"": ""10-Q""}, ""operating_cash_flow"": {""filed_date"": ""2026-08-06"", ""form_type"": ""10-Q""}, ""total_debt"": {""filed_date"": ""2026-08-06"", ""form_type"": ""10-Q""}, ""shares_outstanding"": {""filed_date"": ""2026-08-06"", ""form_type"": ""10-Q""}}",46
EXE,Expand Energy Corporation,0.07485048231323564,0.06185358758888171,5,,-0.06131493693554146,1,5,0,10,3,0.546281555606095,0.546281555606095,2.072476272648835,94.78,22674110016.192596,1913750000.0,0.0,4397000000.0,1159000000.0,1531000000.0,Energy,0.03,2026-08-17T07:16:15.731790,True,True,2026-08-17T07:04:15.149357,"{""revenue"": {""filed_date"": ""2026-04-28"", ""form_type"": ""10-Q""}, ""operating_income"": {""filed_date"": ""2026-04-28"", ""form_type"": ""10-Q""}, ""net_income"": {""filed_date"": ""2026-04-28"", ""form_type"": ""10-Q""}, ""total_assets"": {""filed_date"": ""2026-04-28"", ""form_type"": ""10-Q""}, ""current_assets"": {""filed_date"": ""2026-04-28"", ""form_type"": ""10-Q""}, ""current_liabilities"": {""filed_date"": ""2026-04-28"", ""form_type"": ""10-Q""}, ""long_term_debt"": {""filed_date"": ""2026-04-28"", ""form_type"": ""10-Q""}, ""cash_and_equivalents"": {""filed_date"": ""2026-04-28"", ""form_type"": ""10-Q""}, ""ppe"": {""filed_date"": ""2026-04-28"", ""form_type"": ""10-Q""}, ""stockholders_equity"": {""filed_date"": ""2026-04-28"", ""form_type"": ""10-Q""}, ""operating_cash_flow"": {""filed_date"": ""2026-04-28"", ""form_type"": ""10-Q""}, ""capex"": {""filed_date"": ""2026-04-28"", ""form_type"": ""10-Q""}, ""total_debt"": {""filed_date"": ""2022-02-24"", ""form_type"": ""10-K""}, ""shares_outstanding"": {""filed_date"": ""2020-08-10"", ""form_type"": ""10-Q""}}",47
BBWI,"Bath & Body Works, Inc.",0.07470132228123096,0.14189189189189189,5,,-0.197697166499028,1,5,0,10,3,0.17706821480406387,0.17706821480406387,1.3333333333333333,19.41,3912314740.1641083,288750000.0,0.0,1378000000.0,183000000.0,231000000.0,Consumer Discretionary,0.01,2026-08-17T07:16:15.742155,True,True,2026-08-17T07:04:15.149357,"{""revenue"": {""filed_date"": ""2026-05-27"", ""form_type"": ""10-Q""}, ""operating_income"": {""filed_date"": ""2026-05-27"", ""form_type"": ""10-Q""}, ""net_income"": {""filed_date"": ""2026-05-27"", ""form_type"": ""10-Q""}, ""total_assets"": {""filed_date"": ""2026-05-27"", ""form_type"": ""10-Q""}, ""current_assets"": {""filed_date"": ""2026-05-27"", ""form_type"": ""10-Q""}, ""current_liabilities"": {""filed_date"": ""2026-05-27"", ""form_type"": ""10-Q""}, ""long_term_debt"": {""filed_date"": ""2026-05-27"", ""form_type"": ""10-Q""}, ""cash_and_equivalents"": {""filed_date"": ""2026-05-27"", ""form_type"": ""10-Q""}, ""ppe"": {""filed_date"": ""2026-05-27"", ""form_type"": ""10-Q""}, ""stockholders_equity"": {""filed_date"": ""2026-05-27"", ""form_type"": ""10-Q""}, ""operating_cash_flow"": {""filed_date"": ""2026-05-27"", ""form_type"": ""10-Q""}, ""capex"": {""filed_date"": ""2026-05-27"", ""form_type"": ""10-Q""}, ""total_debt"": {""filed_date"": ""2026-05-27"", ""form_type"": ""10-Q""}, ""shares_outstanding"": {""filed_date"": ""2026-05-27"", ""form_type"": ""10-Q""}}",48
AMCR,Amcor plc,0.07452561576882297,0.34414642986589344,5,,-0.043363545522668974,1,5,0,10,3,0.423258559622196,0.423258559622196,1.9448462929475587,46.03,21281771546.31317,2373750000.0,0.0,5082000000.0,1106000000.0,1899000000.0,Materials,0.03,2026-08-17T07:16:15.732003,True,True,2026-08-17T07:04:15.149357,"{""revenue"": {""filed_date"": ""2025-08-15"", ""form_type"": ""10-K""}, ""operating_income"": {""filed_date"": ""2026-08-14"", ""form_type"": ""10-K""}, ""net_income"": {""filed_date"": ""2026-08-14"", ""form_type"": ""10-K""}, ""total_assets"": {""filed_date"": ""2026-08-14"", ""form_type"": ""10-K""}, ""current_assets"": {""filed_date"": ""2026-08-14"", ""form_type"": ""10-K""}, ""current_liabilities"": {""filed_date"": ""2026-08-14"", ""form_type"": ""10-K""}, ""long_term_debt"": {""filed_date"": ""2019-09-03"", ""form_type"": ""10-K""}, ""cash_and_equivalents"": {""filed_date"": ""2026-08-14"", ""form_type"": ""10-K""}, ""ppe"": {""filed_date"": ""2025-04-29"", ""form_type"": ""8-K""}, ""stockholders_equity"": {""filed_date"": ""2026-08-14"", ""form_type"": ""10-K""}, ""operating_cash_flow"": {""filed_date"": ""2026-08-14"", ""form_type"": ""10-K""}, ""capex"": {""filed_date"": ""2025-04-29"", ""form_type"": ""8-K""}, ""total_debt"": {""filed_date"": ""2019-09-03"", ""form_type"": ""10-K""}, ""shares_outstanding"": {""filed_date"": ""2019-05-09"", ""form_type"": ""10-Q""}}",49
EXP,Eagle Materials Inc.,0.0743321178566837,0.21156896402850375,4,,-0.09001068968334684,1,5,0,9,3,0.8129693407901251,0.8129693407901251,1.5116276792620953,208.52,6396418900.059128,738130000.0,0.0,189894000.0,102127000.0,590504000.0,Materials,0.01,2026-08-17T07:16:15.739709,True,True,2026-08-17T07:04:15.149357,"{""revenue"": {""filed_date"": ""2014-05-23"", ""form_type"": ""10-K""}, ""operating_income"": {""filed_date"": ""2025-01-29"", ""form_type"": ""10-Q""}, ""net_income"": {""filed_date"": ""2026-07-29"", ""form_type"": ""10-Q""}, ""total_assets"": {""filed_date"": ""2026-07-29"", ""form_type"": ""10-Q""}, ""current_assets"": {""filed_date"": ""2026-07-29"", ""form_type"": ""10-Q""}, ""current_liabilities"": {""filed_date"": ""2026-07-29"", ""form_type"": ""10-Q""}, ""long_term_debt"": {""filed_date"": ""2026-05-19"", ""form_type"": ""10-K""}, ""cash_and_equivalents"": {""filed_date"": ""2026-07-29"", ""form_type"": ""10-Q""}, ""ppe"": {""filed_date"": ""2026-07-29"", ""form_type"": ""10-Q""}, ""stockholders_equity"": {""filed_date"": ""2026-07-29"", ""form_type"": ""10-Q""}, ""operating_cash_flow"": {""filed_date"": ""2026-07-29"", ""form_type"": ""10-Q""}, ""capex"": {""filed_date"": ""2026-07-29"", ""form_type"": ""10-Q""}, ""total_debt"": {""filed_date"": ""2026-05-19"", ""form_type"": ""10-K""}, ""shares_outstanding"": {""filed_date"": ""2026-07-29"", ""form_type"": ""10-Q""}}",50
LAD,"Lithia Motors, Inc.",0.07405675734709664,0.32982795608463383,3,,0.26155567445520556,3,0,0,2,1,-0.01851379229673111,,-0.4830743618201998,377.55,8299725177.451416,980125000.0,0.0,9403800000.0,360400000.0,784100000.0,Consumer Discretionary,0.01,2026-08-17T07:16:15.739099,True,True,2026-08-17T07:04:15.149357,"{""revenue"": {""filed_date"": ""2019-10-25"", ""form_type"": ""10-Q""}, ""operating_income"": {""filed_date"": ""2026-07-29"", ""form_type"": ""10-Q""}, ""net_income"": {""filed_date"": ""2026-07-29"", ""form_type"": ""10-Q""}, ""total_assets"": {""filed_date"": ""2026-07-29"", ""form_type"": ""10-Q""}, ""current_assets"": {""filed_date"": ""2026-07-29"", ""form_type"": ""10-Q""}, ""current_liabilities"": {""filed_date"": ""2026-07-29"", ""form_type"": ""10-Q""}, ""long_term_debt"": {""filed_date"": ""2022-02-18"", ""form_type"": ""10-K""}, ""cash_and_equivalents"": {""filed_date"": ""2026-07-29"", ""form_type"": ""10-Q""}, ""ppe"": {""filed_date"": ""2021-10-27"", ""form_type"": ""10-Q""}, ""stockholders_equity"": {""filed_date"": ""2026-07-29"", ""form_type"": ""10-Q""}, ""operating_cash_flow"": {""filed_date"": ""2026-07-29"", ""form_type"": ""10-Q""}, ""capex"": {""filed_date"": ""2026-07-29"", ""form_type"": ""10-Q""}, ""total_debt"": {""filed_date"": ""2022-02-18"", ""form_type"": ""10-K""}, ""shares_outstanding"": {""filed_date"": ""2026-07-29"", ""form_type"": ""10-Q""}}",51
LKQ,LKQ Corporation,0.07192687489652774,0.13084665482534044,4,,-0.20116621308674185,1,2,0,5,2,0.007997673404100625,0.007997673404100625,0.2558139534883721,25.42,6431313045.422527,552500000.0,0.0,6877000000.0,215000000.0,442000000.0,Consumer Discretionary,0.01,2026-08-17T07:16:15.739028,True,True,2026-08-17T07:04:15.149357,"{""revenue"": {""filed_date"": ""2026-07-30"", ""form_type"": ""10-Q""}, ""operating_income"": {""filed_date"": ""2026-07-30"", ""form_type"": ""10-Q""}, ""net_income"": {""filed_date"": ""2026-07-30"", ""form_type"": ""10-Q""}, ""total_assets"": {""filed_date"": ""2026-07-30"", ""form_type"": ""10-Q""}, ""current_assets"": {""filed_date"": ""2026-07-30"", ""form_type"": ""10-Q""}, ""current_liabilities"": {""filed_date"": ""2026-07-30"", ""form_type"": ""10-Q""}, ""cash_and_equivalents"": {""filed_date"": ""2026-07-30"", ""form_type"": ""10-Q""}, ""ppe"": {""filed_date"": ""2026-07-30"", ""form_type"": ""10-Q""}, ""stockholders_equity"": {""filed_date"": ""2026-07-30"", ""form_type"": ""10-Q""}, ""operating_cash_flow"": {""filed_date"": ""2026-07-30"", ""form_type"": ""10-Q""}, ""total_debt"": {""filed_date"": ""2011-04-29"", ""form_type"": ""10-Q""}, ""shares_outstanding"": {""filed_date"": ""2026-07-30"", ""form_type"": ""10-Q""}}",52
CI,The Cigna Group,0.07074418589537532,0.0,5,,-0.017016191918532403,1,2,2,7,2,0.005065566986772449,0.005065566986772449,0.21424260712130355,282.56,74663791079.04163,6292500000.0,0.0,140162000000.0,3314000000.0,5034000000.0,Health Care,0.14,2026-08-17T07:16:15.724753,True,True,2026-08-17T07:04:15.149357,"{""revenue"": {""filed_date"": ""2026-07-30"", ""form_type"": ""10-Q""}, ""operating_income"": {""filed_date"": ""2026-07-30"", ""form_type"": ""10-Q""}, ""net_income"": {""filed_date"": ""2026-07-30"", ""form_type"": ""10-Q""}, ""total_assets"": {""filed_date"": ""2026-07-30"", ""form_type"": ""10-Q""}, ""current_assets"": {""filed_date"": ""2026-07-30"", ""form_type"": ""10-Q""}, ""current_liabilities"": {""filed_date"": ""2026-07-30"", ""form_type"": ""10-Q""}, ""long_term_debt"": {""filed_date"": ""2019-05-02"", ""form_type"": ""10-Q""}, ""cash_and_equivalents"": {""filed_date"": ""2026-07-30"", ""form_type"": ""10-Q""}, ""ppe"": {""filed_date"": ""2026-02-26"", ""form_type"": ""10-K""}, ""stockholders_equity"": {""filed_date"": ""2026-07-30"", ""form_type"": ""10-Q""}, ""operating_cash_flow"": {""filed_date"": ""2026-07-30"", ""form_type"": ""10-Q""}, ""capex"": {""filed_date"": ""2020-02-27"", ""form_type"": ""10-K""}, ""total_debt"": {""filed_date"": ""2026-07-30"", ""form_type"": ""10-Q""}, ""shares_outstanding"": {""filed_date"": ""2026-02-26"", ""form_type"": ""10-K""}}",53
VZ,Verizon Communications Inc.,0.07064471725711223,0.15289964999950426,5,,0.02284996322687289,2,5,2,10,4,0.26813503559314633,0.26813503559314633,2.074211711711712,48.48,201423499891.05484,19276250000.0,0.0,68693000000.0,8880000000.0,15421000000.0,Communication,0.31,2026-08-17T07:16:15.722568,True,True,2026-08-17T07:04:15.149357,"{""revenue"": {""filed_date"": ""2026-07-31"", ""form_type"": ""10-Q""}, ""operating_income"": {""filed_date"": ""2026-07-31"", ""form_type"": ""10-Q""}, ""net_income"": {""filed_date"": ""2026-07-31"", ""form_type"": ""10-Q""}, ""total_assets"": {""filed_date"": ""2026-07-31"", ""form_type"": ""10-Q""}, ""current_assets"": {""filed_date"": ""2026-07-31"", ""form_type"": ""10-Q""}, ""current_liabilities"": {""filed_date"": ""2026-07-31"", ""form_type"": ""10-Q""}, ""long_term_debt"": {""filed_date"": ""2014-02-27"", ""form_type"": ""10-K""}, ""cash_and_equivalents"": {""filed_date"": ""2026-07-31"", ""form_type"": ""10-Q""}, ""ppe"": {""filed_date"": ""2026-07-31"", ""form_type"": ""10-Q""}, ""stockholders_equity"": {""filed_date"": ""2026-07-31"", ""form_type"": ""10-Q""}, ""operating_cash_flow"": {""filed_date"": ""2026-07-31"", ""form_type"": ""10-Q""}, ""total_debt"": {""filed_date"": ""2026-02-17"", ""form_type"": ""10-K""}, ""shares_outstanding"": {""filed_date"": ""2026-07-31"", ""form_type"": ""10-Q""}}",54
TPR,"Tapestry, Inc.",0.07058518732294186,1.0017267542253152,5,,-0.157002908113197,1,5,0,10,3,1.4324500434404865,1.4324500434404865,1.2950841133730444,128.98,25717537776.546844,2393000000.0,0.0,1381200000.0,1527700000.0,1914400000.0,Consumer Discretionary,0.03,2026-08-17T07:16:15.731820,True,True,2026-08-17T07:04:15.149357,"{""revenue"": {""filed_date"": ""2018-11-08"", ""form_type"": ""10-Q""}, ""operating_income"": {""filed_date"": ""2026-08-13"", ""form_type"": ""10-K""}, ""net_income"": {""filed_date"": ""2026-08-13"", ""form_type"": ""10-K""}, ""total_assets"": {""filed_date"": ""2026-08-13"", ""form_type"": ""10-K""}, ""current_assets"": {""filed_date"": ""2026-08-13"", ""form_type"": ""10-K""}, ""current_liabilities"": {""filed_date"": ""2026-08-13"", ""form_type"": ""10-K""}, ""long_term_debt"": {""filed_date"": ""2026-08-13"", ""form_type"": ""10-K""}, ""cash_and_equivalents"": {""filed_date"": ""2026-08-13"", ""form_type"": ""10-K""}, ""ppe"": {""filed_date"": ""2021-05-06"", ""form_type"": ""10-Q""}, ""stockholders_equity"": {""filed_date"": ""2026-08-13"", ""form_type"": ""10-K""}, ""operating_cash_flow"": {""filed_date"": ""2026-08-13"", ""form_type"": ""10-K""}, ""capex"": {""filed_date"": ""2026-08-13"", ""form_type"": ""10-K""}, ""total_debt"": {""filed_date"": ""2026-08-13"", ""form_type"": ""10-K""}, ""shares_outstanding"": {""filed_date"": ""2026-08-13"", ""form_type"": ""10-K""}}",55
UHS,"Universal Health Services, Inc.",0.06897331337104333,0.13549909134332072,6,,-0.2751788678383179,1,3,0,8,3,0.09251210474670744,0.09251210474670744,1.194875333920685,170.02,10020386532.103958,1274418750.0,0.0,9133194000.0,707129000.0,1019535000.0,Health Care,0.02,2026-08-17T07:16:15.737386,True,True,2026-08-17T07:04:15.149357,"{""revenue"": {""filed_date"": ""2026-08-07"", ""form_type"": ""10-Q""}, ""operating_income"": {""filed_date"": ""2026-08-07"", ""form_type"": ""10-Q""}, ""net_income"": {""filed_date"": ""2026-08-07"", ""form_type"": ""10-Q""}, ""total_assets"": {""filed_date"": ""2026-08-07"", ""form_type"": ""10-Q""}, ""current_assets"": {""filed_date"": ""2026-08-07"", ""form_type"": ""10-Q""}, ""current_liabilities"": {""filed_date"": ""2026-08-07"", ""form_type"": ""10-Q""}, ""long_term_debt"": {""filed_date"": ""2026-08-07"", ""form_type"": ""10-Q""}, ""cash_and_equivalents"": {""filed_date"": ""2026-08-07"", ""form_type"": ""10-Q""}, ""ppe"": {""filed_date"": ""2026-08-07"", ""form_type"": ""10-Q""}, ""stockholders_equity"": {""filed_date"": ""2026-08-07"", ""form_type"": ""10-Q""}, ""operating_cash_flow"": {""filed_date"": ""2026-08-07"", ""form_type"": ""10-Q""}, ""capex"": {""filed_date"": ""2026-08-07"", ""form_type"": ""10-Q""}, ""total_debt"": {""filed_date"": ""2026-08-07"", ""form_type"": ""10-Q""}, ""shares_outstanding"": {""filed_date"": ""2026-08-07"", ""form_type"": ""10-Q""}}",56
ARW,"Arrow Electronics, Inc.",0.06863496523710087,0.110164024659233,6,,0.40054987169494005,3,3,1,9,4,0.052302077722526985,0.052302077722526985,2.004858049257902,213.99,10893251747.40184,923668750.0,0.0,19465785000.0,507817000.0,738935000.0,Information Technology,0.01,2026-08-17T07:16:15.741275,True,True,2026-08-17T07:04:15.149357,"{""revenue"": {""filed_date"": ""2026-08-06"", ""form_type"": ""10-Q""}, ""operating_income"": {""filed_date"": ""2026-08-06"", ""form_type"": ""10-Q""}, ""net_income"": {""filed_date"": ""2026-08-06"", ""form_type"": ""10-Q""}, ""total_assets"": {""filed_date"": ""2026-08-06"", ""form_type"": ""10-Q""}, ""current_assets"": {""filed_date"": ""2026-08-06"", ""form_type"": ""10-Q""}, ""current_liabilities"": {""filed_date"": ""2026-08-06"", ""form_type"": ""10-Q""}, ""long_term_debt"": {""filed_date"": ""2026-08-06"", ""form_type"": ""10-Q""}, ""cash_and_equivalents"": {""filed_date"": ""2026-08-06"", ""form_type"": ""10-Q""}, ""ppe"": {""filed_date"": ""2026-08-06"", ""form_type"": ""10-Q""}, ""stockholders_equity"": {""filed_date"": ""2026-08-06"", ""form_type"": ""10-Q""}, ""operating_cash_flow"": {""filed_date"": ""2026-08-06"", ""form_type"": ""10-Q""}, ""capex"": {""filed_date"": ""2026-08-06"", ""form_type"": ""10-Q""}, ""total_debt"": {""filed_date"": ""2026-08-06"", ""form_type"": ""10-Q""}, ""shares_outstanding"": {""filed_date"": ""2012-02-01"", ""form_type"": ""10-K""}}",57
IT,"Gartner, Inc.",0.06842158982537892,0.0,5,,0.15860520026940597,3,5,0,10,4,1.675191962409749,1.675191962409749,1.585497005073899,181.09,11435647832.581543,868265000.0,0.0,471186000.0,497842000.0,694612000.0,Information Technology,0.03,2026-08-17T07:16:15.732354,True,True,2026-08-17T07:04:15.149357,"{""revenue"": {""filed_date"": ""2015-05-07"", ""form_type"": ""10-Q""}, ""operating_income"": {""filed_date"": ""2026-08-04"", ""form_type"": ""10-Q""}, ""net_income"": {""filed_date"": ""2026-08-04"", ""form_type"": ""10-Q""}, ""total_assets"": {""filed_date"": ""2026-08-04"", ""form_type"": ""10-Q""}, ""current_assets"": {""filed_date"": ""2026-08-04"", ""form_type"": ""10-Q""}, ""current_liabilities"": {""filed_date"": ""2026-08-04"", ""form_type"": ""10-Q""}, ""long_term_debt"": {""filed_date"": ""2017-05-04"", ""form_type"": ""10-Q""}, ""cash_and_equivalents"": {""filed_date"": ""2026-08-04"", ""form_type"": ""10-Q""}, ""ppe"": {""filed_date"": ""2026-08-04"", ""form_type"": ""10-Q""}, ""stockholders_equity"": {""filed_date"": ""2026-08-04"", ""form_type"": ""10-Q""}, ""operating_cash_flow"": {""filed_date"": ""2026-08-04"", ""form_type"": ""10-Q""}, ""total_debt"": {""filed_date"": ""2015-02-27"", ""form_type"": ""10-K""}, ""shares_outstanding"": {""filed_date"": ""2026-08-04"", ""form_type"": ""10-Q""}}",58
INGR,Ingredion Incorporated,0.068269153830038,0.08171368861024034,4,,-0.0821943110823209,1,2,0,5,2,0.03377265238879736,0.03377265238879736,0.48046875,105.2,6634330398.344009,488750000.0,0.0,3642000000.0,256000000.0,391000000.0,Consumer Staples,0.01,2026-08-17T07:16:15.739198,True,True,2026-08-17T07:04:15.149357,"{""revenue"": {""filed_date"": ""2026-08-07"", ""form_type"": ""10-Q""}, ""operating_income"": {""filed_date"": ""2026-08-07"", ""form_type"": ""10-Q""}, ""net_income"": {""filed_date"": ""2026-08-07"", ""form_type"": ""10-Q""}, ""total_assets"": {""filed_date"": ""2026-08-07"", ""form_type"": ""10-Q""}, ""current_assets"": {""filed_date"": ""2026-08-07"", ""form_type"": ""10-Q""}, ""current_liabilities"": {""filed_date"": ""2026-08-07"", ""form_type"": ""10-Q""}, ""long_term_debt"": {""filed_date"": ""2020-05-06"", ""form_type"": ""10-Q""}, ""cash_and_equivalents"": {""filed_date"": ""2026-08-07"", ""form_type"": ""10-Q""}, ""ppe"": {""filed_date"": ""2026-08-07"", ""form_type"": ""10-Q""}, ""stockholders_equity"": {""filed_date"": ""2026-08-07"", ""form_type"": ""10-Q""}, ""operating_cash_flow"": {""filed_date"": ""2026-08-07"", ""form_type"": ""10-Q""}, ""capex"": {""filed_date"": ""2026-08-07"", ""form_type"": ""10-Q""}, ""total_debt"": {""filed_date"": ""2026-08-07"", ""form_type"": ""10-Q""}, ""shares_outstanding"": {""filed_date"": ""2025-02-20"", ""form_type"": ""10-K""}}",59
GL,Globe Life Inc.,0.06706216857658139,0.08047460229189767,5,,0.24569015625713775,3,5,0,10,4,0.23264286408370838,0.23264286408370838,1.316560177547544,181.0,14053701741.0,1311440000.0,0.0,3159349000.0,558273000.0,1049152000.0,Financials,0.02,2026-08-17T07:16:15.736119,True,True,2026-08-17T07:04:15.149357,"{""revenue"": {""filed_date"": ""2026-08-05"", ""form_type"": ""10-Q""}, ""operating_income"": {""filed_date"": ""2024-11-06"", ""form_type"": ""10-Q""}, ""net_income"": {""filed_date"": ""2026-08-05"", ""form_type"": ""10-Q""}, ""total_assets"": {""filed_date"": ""2026-08-05"", ""form_type"": ""10-Q""}, ""long_term_debt"": {""filed_date"": ""2024-02-28"", ""form_type"": ""10-K""}, ""cash_and_equivalents"": {""filed_date"": ""2013-11-08"", ""form_type"": ""10-Q""}, ""ppe"": {""filed_date"": ""2026-02-25"", ""form_type"": ""10-K""}, ""stockholders_equity"": {""filed_date"": ""2026-08-05"", ""form_type"": ""10-Q""}, ""operating_cash_flow"": {""filed_date"": ""2026-08-05"", ""form_type"": ""10-Q""}, ""capex"": {""filed_date"": ""2026-08-05"", ""form_type"": ""10-Q""}, ""total_debt"": {""filed_date"": ""2024-02-28"", ""form_type"": ""10-K""}, ""shares_outstanding"": {""filed_date"": ""2026-08-05"", ""form_type"": ""10-Q""}}",60
AVY,Avery Dennison Corporation,0.06687161290564415,0.47184535346322554,6,,-0.06904165249219892,1,4,0,9,4,0.10105188950522234,0.10105188950522234,1.4634605051047824,178.93,13560771692.97107,1156375000.0,0.0,5390300000.0,372200000.0,925100000.0,Materials,0.02,2026-08-17T07:16:15.734729,True,True,2026-08-17T07:04:15.149357,"{""revenue"": {""filed_date"": ""2018-10-30"", ""form_type"": ""10-Q""}, ""operating_income"": {""filed_date"": ""2026-02-25"", ""form_type"": ""10-K""}, ""net_income"": {""filed_date"": ""2026-08-04"", ""form_type"": ""10-Q""}, ""total_assets"": {""filed_date"": ""2026-08-04"", ""form_type"": ""10-Q""}, ""current_assets"": {""filed_date"": ""2026-08-04"", ""form_type"": ""10-Q""}, ""current_liabilities"": {""filed_date"": ""2026-08-04"", ""form_type"": ""10-Q""}, ""long_term_debt"": {""filed_date"": ""2026-02-25"", ""form_type"": ""10-K""}, ""cash_and_equivalents"": {""filed_date"": ""2026-08-04"", ""form_type"": ""10-Q""}, ""ppe"": {""filed_date"": ""2026-08-04"", ""form_type"": ""10-Q""}, ""stockholders_equity"": {""filed_date"": ""2026-08-04"", ""form_type"": ""10-Q""}, ""operating_cash_flow"": {""filed_date"": ""2026-08-04"", ""form_type"": ""10-Q""}, ""capex"": {""filed_date"": ""2026-08-04"", ""form_type"": ""10-Q""}, ""total_debt"": {""filed_date"": ""2026-08-04"", ""form_type"": ""10-Q""}, ""shares_outstanding"": {""filed_date"": ""2026-08-04"", ""form_type"": ""10-Q""}}",61
PR,Permian Resources Corporation,0.06686636147150571,0.0,5,,0.28696252219350304,3,5,0,10,4,0.7149213183121952,0.7149213183121952,2.7757545892517976,21.5,18007476123.5,1744276250.0,0.0,3246181000.0,836084000.0,1395421000.0,Energy,0.02,2026-08-17T07:16:15.738389,True,True,2026-08-17T07:04:15.149357,"{""revenue"": {""filed_date"": ""2026-08-06"", ""form_type"": ""10-Q""}, ""operating_income"": {""filed_date"": ""2026-08-06"", ""form_type"": ""10-Q""}, ""net_income"": {""filed_date"": ""2026-08-06"", ""form_type"": ""10-Q""}, ""total_assets"": {""filed_date"": ""2026-08-06"", ""form_type"": ""10-Q""}, ""current_assets"": {""filed_date"": ""2026-08-06"", ""form_type"": ""10-Q""}, ""current_liabilities"": {""filed_date"": ""2026-08-06"", ""form_type"": ""10-Q""}, ""long_term_debt"": {""filed_date"": ""2026-08-06"", ""form_type"": ""10-Q""}, ""cash_and_equivalents"": {""filed_date"": ""2026-08-06"", ""form_type"": ""10-Q""}, ""ppe"": {""filed_date"": ""2026-08-06"", ""form_type"": ""10-Q""}, ""stockholders_equity"": {""filed_date"": ""2026-08-06"", ""form_type"": ""10-Q""}, ""operating_cash_flow"": {""filed_date"": ""2026-08-06"", ""form_type"": ""10-Q""}, ""total_debt"": {""filed_date"": ""2026-08-06"", ""form_type"": ""10-Q""}, ""shares_outstanding"": {""filed_date"": ""2026-02-26"", ""form_type"": ""10-K""}}",62
DIS,The Walt Disney Company,0.06667645779471504,0.42738408965856767,5,,0.021137443730067648,2,5,2,10,4,0.1638153330628166,0.1638153330628166,1.71744202003568,106.85,184496492843.98486,18447500000.0,0.0,76397000000.0,7287000000.0,14758000000.0,Communication,0.36,2026-08-17T07:16:15.722347,True,True,2026-08-17T07:04:15.149357,"{""revenue"": {""filed_date"": ""2026-08-05"", ""form_type"": ""10-Q""}, ""operating_income"": {""filed_date"": ""2026-08-05"", ""form_type"": ""10-Q""}, ""net_income"": {""filed_date"": ""2026-08-05"", ""form_type"": ""10-Q""}, ""total_assets"": {""filed_date"": ""2026-08-05"", ""form_type"": ""10-Q""}, ""current_assets"": {""filed_date"": ""2026-08-05"", ""form_type"": ""10-Q""}, ""current_liabilities"": {""filed_date"": ""2026-08-05"", ""form_type"": ""10-Q""}, ""long_term_debt"": {""filed_date"": ""2025-11-13"", ""form_type"": ""10-K""}, ""cash_and_equivalents"": {""filed_date"": ""2026-08-05"", ""form_type"": ""10-Q""}, ""ppe"": {""filed_date"": ""2026-08-05"", ""form_type"": ""10-Q""}, ""stockholders_equity"": {""filed_date"": ""2026-08-05"", ""form_type"": ""10-Q""}, ""operating_cash_flow"": {""filed_date"": ""2026-08-05"", ""form_type"": ""10-Q""}, ""capex"": {""filed_date"": ""2026-08-05"", ""form_type"": ""10-Q""}, ""total_debt"": {""filed_date"": ""2025-11-13"", ""form_type"": ""10-K""}, ""shares_outstanding"": {""filed_date"": ""2025-11-13"", ""form_type"": ""10-K""}}",63
AFL,Aflac Incorporated,0.06520213884943625,0.0782425666193235,4,,0.06331242448242595,2,4,1,8,4,0.12761432116270827,0.12761432116270827,0.5856832971800434,121.45,60888142012.12167,4463750000.0,0.0,8463000000.0,1844000000.0,3571000000.0,Financials,0.09,2026-08-17T07:16:15.726508,True,True,2026-08-17T07:04:15.149357,"{""revenue"": {""filed_date"": ""2026-08-07"", ""form_type"": ""10-Q""}, ""operating_income"": {""filed_date"": ""2023-11-02"", ""form_type"": ""10-Q""}, ""net_income"": {""filed_date"": ""2026-08-07"", ""form_type"": ""10-Q""}, ""total_assets"": {""filed_date"": ""2026-08-07"", ""form_type"": ""10-Q""}, ""cash_and_equivalents"": {""filed_date"": ""2026-08-07"", ""form_type"": ""10-Q""}, ""ppe"": {""filed_date"": ""2026-08-07"", ""form_type"": ""10-Q""}, ""stockholders_equity"": {""filed_date"": ""2026-08-07"", ""form_type"": ""10-Q""}, ""operating_cash_flow"": {""filed_date"": ""2026-08-07"", ""form_type"": ""10-Q""}, ""shares_outstanding"": {""filed_date"": ""2026-08-07"", ""form_type"": ""10-Q""}}",64
POST,"Post Holdings, Inc.",0.06479151356222776,0.17936062815479528,4,,-0.2539170788180444,1,4,0,8,3,0.11212391533533371,0.11212391533533371,2.855431639818257,80.95,3668863198.386444,799500000.0,0.0,6165500000.0,242100000.0,639600000.0,Consumer Staples,0.01,2026-08-17T07:16:15.743890,True,True,2026-08-17T07:04:15.149357,"{""revenue"": {""filed_date"": ""2026-08-06"", ""form_type"": ""10-Q""}, ""operating_income"": {""filed_date"": ""2026-08-06"", ""form_type"": ""10-Q""}, ""net_income"": {""filed_date"": ""2026-08-06"", ""form_type"": ""10-Q""}, ""total_assets"": {""filed_date"": ""2026-08-06"", ""form_type"": ""10-Q""}, ""current_assets"": {""filed_date"": ""2026-08-06"", ""form_type"": ""10-Q""}, ""current_liabilities"": {""filed_date"": ""2026-08-06"", ""form_type"": ""10-Q""}, ""long_term_debt"": {""filed_date"": ""2017-08-04"", ""form_type"": ""10-Q""}, ""cash_and_equivalents"": {""filed_date"": ""2026-08-06"", ""form_type"": ""10-Q""}, ""ppe"": {""filed_date"": ""2026-08-06"", ""form_type"": ""10-Q""}, ""stockholders_equity"": {""filed_date"": ""2026-08-06"", ""form_type"": ""10-Q""}, ""operating_cash_flow"": {""filed_date"": ""2026-08-06"", ""form_type"": ""10-Q""}, ""total_debt"": {""filed_date"": ""2017-08-04"", ""form_type"": ""10-Q""}, ""shares_outstanding"": {""filed_date"": ""2012-12-13"", ""form_type"": ""10-K""}}",65
DAR,Darling Ingredients Inc.,0.06376513820686408,0.2258297124949391,5,,0.3152834865598721,3,5,0,10,4,0.20961104449328055,0.20961104449328055,1.3159932901988978,67.04,10579107633.112885,977511250.0,0.0,3274899000.0,521625000.0,782009000.0,Consumer Staples,0.01,2026-08-17T07:16:15.744829,True,True,2026-08-17T07:04:15.149357,"{""revenue"": {""filed_date"": ""2026-08-07"", ""form_type"": ""10-Q""}, ""operating_income"": {""filed_date"": ""2026-08-07"", ""form_type"": ""10-Q""}, ""net_income"": {""filed_date"": ""2026-08-07"", ""form_type"": ""10-Q""}, ""total_assets"": {""filed_date"": ""2026-08-07"", ""form_type"": ""10-Q""}, ""current_assets"": {""filed_date"": ""2026-08-07"", ""form_type"": ""10-Q""}, ""current_liabilities"": {""filed_date"": ""2026-08-07"", ""form_type"": ""10-Q""}, ""long_term_debt"": {""filed_date"": ""2016-11-10"", ""form_type"": ""10-Q""}, ""cash_and_equivalents"": {""filed_date"": ""2026-08-07"", ""form_type"": ""10-Q""}, ""ppe"": {""filed_date"": ""2026-08-07"", ""form_type"": ""10-Q""}, ""stockholders_equity"": {""filed_date"": ""2026-08-07"", ""form_type"": ""10-Q""}, ""operating_cash_flow"": {""filed_date"": ""2026-08-07"", ""form_type"": ""10-Q""}, ""capex"": {""filed_date"": ""2026-03-03"", ""form_type"": ""10-K""}, ""total_debt"": {""filed_date"": ""2016-11-10"", ""form_type"": ""10-Q""}, ""shares_outstanding"": {""filed_date"": ""2026-08-07"", ""form_type"": ""10-Q""}}",66
ES,Eversource Energy,0.06367774703248189,0.07641329643897826,3,,0.013187589854930957,2,4,0,7,3,0.32598934168805027,0.32598934168805027,,72.36,27213150838.54103,2021277500.0,0.0,7407552000.0,-434700000.0,1617022000.0,Utilities,0.04,2026-08-17T07:16:15.730636,True,True,2026-08-17T07:04:15.149357,"{""revenue"": {""filed_date"": ""2026-08-03"", ""form_type"": ""10-Q""}, ""operating_income"": {""filed_date"": ""2026-08-03"", ""form_type"": ""10-Q""}, ""net_income"": {""filed_date"": ""2024-02-14"", ""form_type"": ""10-K""}, ""total_assets"": {""filed_date"": ""2026-08-03"", ""form_type"": ""10-Q""}, ""current_assets"": {""filed_date"": ""2026-08-03"", ""form_type"": ""10-Q""}, ""current_liabilities"": {""filed_date"": ""2026-08-03"", ""form_type"": ""10-Q""}, ""long_term_debt"": {""filed_date"": ""2026-08-03"", ""form_type"": ""10-Q""}, ""cash_and_equivalents"": {""filed_date"": ""2026-08-03"", ""form_type"": ""10-Q""}, ""stockholders_equity"": {""filed_date"": ""2026-08-03"", ""form_type"": ""10-Q""}, ""operating_cash_flow"": {""filed_date"": ""2026-08-03"", ""form_type"": ""10-Q""}, ""capex"": {""filed_date"": ""2026-08-03"", ""form_type"": ""10-Q""}, ""shares_outstanding"": {""filed_date"": ""2026-08-03"", ""form_type"": ""10-Q""}}",67
GPC,Genuine Parts Company,0.06354740981771485,0.3897405816200564,6,,0.09552667959197746,2,3,1,9,4,0.03625355035439686,0.03625355035439686,1.1154092955180692,135.03,18615202954.454163,1788131250.0,0.0,12801891000.0,416093000.0,1430505000.0,Consumer Discretionary,0.03,2026-08-17T07:16:15.732171,True,True,2026-08-17T07:04:15.149357,"{""revenue"": {""filed_date"": ""2026-07-21"", ""form_type"": ""10-Q""}, ""operating_income"": {""filed_date"": ""2019-02-25"", ""form_type"": ""10-K""}, ""net_income"": {""filed_date"": ""2026-07-21"", ""form_type"": ""10-Q""}, ""total_assets"": {""filed_date"": ""2026-07-21"", ""form_type"": ""10-Q""}, ""current_assets"": {""filed_date"": ""2026-07-21"", ""form_type"": ""10-Q""}, ""current_liabilities"": {""filed_date"": ""2026-07-21"", ""form_type"": ""10-Q""}, ""long_term_debt"": {""filed_date"": ""2026-02-20"", ""form_type"": ""10-K""}, ""cash_and_equivalents"": {""filed_date"": ""2020-10-22"", ""form_type"": ""10-Q""}, ""ppe"": {""filed_date"": ""2026-07-21"", ""form_type"": ""10-Q""}, ""stockholders_equity"": {""filed_date"": ""2026-07-21"", ""form_type"": ""10-Q""}, ""operating_cash_flow"": {""filed_date"": ""2026-07-21"", ""form_type"": ""10-Q""}, ""capex"": {""filed_date"": ""2026-07-21"", ""form_type"": ""10-Q""}, ""total_debt"": {""filed_date"": ""2026-02-20"", ""form_type"": ""10-K""}, ""shares_outstanding"": {""filed_date"": ""2026-07-21"", ""form_type"": ""10-Q""}}",68
BEN,"Franklin Resources, Inc.",0.06318169900932727,0.11985777831820874,4,,0.26226467979557905,3,2,0,5,3,0.07577873118224976,0.07577873118224976,0.4293728423475259,33.86,17203484482.705536,1025125000.0,0.0,3939100000.0,695200000.0,820100000.0,Financials,0.01,2026-08-17T07:16:15.739740,True,True,2026-08-17T07:04:15.149357,"{""revenue"": {""filed_date"": ""2020-07-28"", ""form_type"": ""10-Q""}, ""operating_income"": {""filed_date"": ""2026-07-31"", ""form_type"": ""10-Q""}, ""net_income"": {""filed_date"": ""2026-07-31"", ""form_type"": ""10-Q""}, ""total_assets"": {""filed_date"": ""2026-07-31"", ""form_type"": ""10-Q""}, ""current_assets"": {""filed_date"": ""2012-07-30"", ""form_type"": ""10-Q""}, ""current_liabilities"": {""filed_date"": ""2012-07-30"", ""form_type"": ""10-Q""}, ""long_term_debt"": {""filed_date"": ""2026-07-31"", ""form_type"": ""10-Q""}, ""cash_and_equivalents"": {""filed_date"": ""2022-02-01"", ""form_type"": ""10-Q""}, ""ppe"": {""filed_date"": ""2026-07-31"", ""form_type"": ""10-Q""}, ""stockholders_equity"": {""filed_date"": ""2026-07-31"", ""form_type"": ""10-Q""}, ""operating_cash_flow"": {""filed_date"": ""2026-07-31"", ""form_type"": ""10-Q""}, ""capex"": {""filed_date"": ""2026-07-31"", ""form_type"": ""10-Q""}, ""total_debt"": {""filed_date"": ""2012-07-30"", ""form_type"": ""10-Q""}, ""shares_outstanding"": {""filed_date"": ""2026-07-31"", ""form_type"": ""10-Q""}}",69
VNO,Vornado Realty Trust,0.06295183187855696,0.07554219825426835,5,,0.3439007368990718,3,5,0,10,4,0.22950093721475187,0.22950093721475187,8.58087817547277,39.0,7335812484.0,728701250.0,0.0,921347000.0,24642000.0,582961000.0,Real Estate,0.01,2026-08-17T07:16:15.741950,True,True,2026-08-17T07:04:15.149357,"{""revenue"": {""filed_date"": ""2026-08-03"", ""form_type"": ""10-Q""}, ""operating_income"": {""filed_date"": ""2019-02-11"", ""form_type"": ""10-K""}, ""net_income"": {""filed_date"": ""2026-08-03"", ""form_type"": ""10-Q""}, ""total_assets"": {""filed_date"": ""2026-08-03"", ""form_type"": ""10-Q""}, ""long_term_debt"": {""filed_date"": ""2026-08-03"", ""form_type"": ""10-Q""}, ""cash_and_equivalents"": {""filed_date"": ""2026-08-03"", ""form_type"": ""10-Q""}, ""stockholders_equity"": {""filed_date"": ""2026-08-03"", ""form_type"": ""10-Q""}, ""operating_cash_flow"": {""filed_date"": ""2026-08-03"", ""form_type"": ""10-Q""}, ""total_debt"": {""filed_date"": ""2026-08-03"", ""form_type"": ""10-Q""}, ""shares_outstanding"": {""filed_date"": ""2026-08-03"", ""form_type"": ""10-Q""}}",70
VNT,Vontier Corporation,0.06284929892408839,0.6999005469915465,4,,-0.1903212414609867,1,3,0,7,2,0.10800769588005042,0.10800769588005042,0.4008864811622753,32.84,4439968020.629883,351875000.0,0.0,1507300000.0,406100000.0,281500000.0,Information Technology,0.01,2026-08-17T07:16:15.741898,True,True,2026-08-17T07:04:15.149357,"{""revenue"": {""filed_date"": ""2026-08-06"", ""form_type"": ""10-Q""}, ""operating_income"": {""filed_date"": ""2026-08-06"", ""form_type"": ""10-Q""}, ""net_income"": {""filed_date"": ""2026-04-10"", ""form_type"": ""DEF 14A""}, ""total_assets"": {""filed_date"": ""2026-08-06"", ""form_type"": ""10-Q""}, ""current_assets"": {""filed_date"": ""2026-08-06"", ""form_type"": ""10-Q""}, ""current_liabilities"": {""filed_date"": ""2026-08-06"", ""form_type"": ""10-Q""}, ""long_term_debt"": {""filed_date"": ""2023-11-02"", ""form_type"": ""10-Q""}, ""cash_and_equivalents"": {""filed_date"": ""2026-08-06"", ""form_type"": ""10-Q""}, ""ppe"": {""filed_date"": ""2026-08-06"", ""form_type"": ""10-Q""}, ""stockholders_equity"": {""filed_date"": ""2026-08-06"", ""form_type"": ""10-Q""}, ""operating_cash_flow"": {""filed_date"": ""2026-08-06"", ""form_type"": ""10-Q""}, ""capex"": {""filed_date"": ""2026-08-06"", ""form_type"": ""10-Q""}, ""total_debt"": {""filed_date"": ""2026-08-06"", ""form_type"": ""10-Q""}, ""shares_outstanding"": {""filed_date"": ""2026-08-06"", ""form_type"": ""10-Q""}}",71
G,Genpact Limited,0.061633068537954104,0.3089132549645857,4,,-0.09291777158240352,1,2,0,5,2,0.02589082423641179,0.02589082423641179,0.16650722264400178,33.86,5689645123.580063,489406250.0,0.0,1889009000.0,293729000.0,391525000.0,Industrials,0.01,2026-08-17T07:16:15.740681,True,True,2026-08-17T07:04:15.149357,"{""revenue"": {""filed_date"": ""2016-11-08"", ""form_type"": ""10-Q""}, ""operating_income"": {""filed_date"": ""2026-08-07"", ""form_type"": ""10-Q""}, ""net_income"": {""filed_date"": ""2026-08-07"", ""form_type"": ""10-Q""}, ""total_assets"": {""filed_date"": ""2026-08-07"", ""form_type"": ""10-Q""}, ""current_assets"": {""filed_date"": ""2026-08-07"", ""form_type"": ""10-Q""}, ""current_liabilities"": {""filed_date"": ""2026-08-07"", ""form_type"": ""10-Q""}, ""long_term_debt"": {""filed_date"": ""2026-08-07"", ""form_type"": ""10-Q""}, ""cash_and_equivalents"": {""filed_date"": ""2026-08-07"", ""form_type"": ""10-Q""}, ""ppe"": {""filed_date"": ""2026-08-07"", ""form_type"": ""10-Q""}, ""stockholders_equity"": {""filed_date"": ""2026-08-07"", ""form_type"": ""10-Q""}, ""operating_cash_flow"": {""filed_date"": ""2026-08-07"", ""form_type"": ""10-Q""}, ""capex"": {""filed_date"": ""2026-08-07"", ""form_type"": ""10-Q""}, ""total_debt"": {""filed_date"": ""2026-08-07"", ""form_type"": ""10-Q""}, ""shares_outstanding"": {""filed_date"": ""2026-08-07"", ""form_type"": ""10-Q""}}",72
EQT,EQT Corporation,0.0613892723476187,0.07368063868006879,5,,-0.052042936329504394,1,5,0,10,3,0.7907718655009486,0.7907718655009486,2.4154766067721853,54.42,34040579574.645996,3037497500.0,0.0,5188676000.0,1698654000.0,2429998000.0,Energy,0.05,2026-08-17T07:16:15.729323,True,True,2026-08-17T07:04:15.149357,"{""revenue"": {""filed_date"": ""2026-07-22"", ""form_type"": ""10-Q""}, ""operating_income"": {""filed_date"": ""2026-07-22"", ""form_type"": ""10-Q""}, ""net_income"": {""filed_date"": ""2026-07-22"", ""form_type"": ""10-Q""}, ""total_assets"": {""filed_date"": ""2026-07-22"", ""form_type"": ""10-Q""}, ""current_assets"": {""filed_date"": ""2026-07-22"", ""form_type"": ""10-Q""}, ""current_liabilities"": {""filed_date"": ""2026-07-22"", ""form_type"": ""10-Q""}, ""long_term_debt"": {""filed_date"": ""2026-07-22"", ""form_type"": ""10-Q""}, ""cash_and_equivalents"": {""filed_date"": ""2026-07-22"", ""form_type"": ""10-Q""}, ""ppe"": {""filed_date"": ""2026-07-22"", ""form_type"": ""10-Q""}, ""stockholders_equity"": {""filed_date"": ""2026-07-22"", ""form_type"": ""10-Q""}, ""operating_cash_flow"": {""filed_date"": ""2026-07-22"", ""form_type"": ""10-Q""}, ""capex"": {""filed_date"": ""2026-07-22"", ""form_type"": ""10-Q""}, ""total_debt"": {""filed_date"": ""2026-07-22"", ""form_type"": ""10-Q""}, ""shares_outstanding"": {""filed_date"": ""2026-07-22"", ""form_type"": ""10-Q""}}",73
FDX,FedEx Corporation,0.06116654290050881,0.10811399168810608,5,,0.11520715393389885,3,5,2,10,4,0.2596590247876178,0.2596590247876178,2.0133092713737875,334.64,79169532217.86475,6828750000.0,0.0,34372000000.0,4433000000.0,5463000000.0,Industrials,0.09,2026-08-17T07:16:15.726707,True,True,2026-08-17T07:04:15.149357,"{""revenue"": {""filed_date"": ""2019-12-17"", ""form_type"": ""10-Q""}, ""operating_income"": {""filed_date"": ""2026-07-20"", ""form_type"": ""10-K""}, ""net_income"": {""filed_date"": ""2026-07-20"", ""form_type"": ""10-K""}, ""total_assets"": {""filed_date"": ""2026-07-20"", ""form_type"": ""10-K""}, ""current_assets"": {""filed_date"": ""2026-07-20"", ""form_type"": ""10-K""}, ""current_liabilities"": {""filed_date"": ""2026-07-20"", ""form_type"": ""10-K""}, ""long_term_debt"": {""filed_date"": ""2026-07-20"", ""form_type"": ""10-K""}, ""cash_and_equivalents"": {""filed_date"": ""2026-07-20"", ""form_type"": ""10-K""}, ""ppe"": {""filed_date"": ""2026-03-19"", ""form_type"": ""10-Q""}, ""stockholders_equity"": {""filed_date"": ""2026-07-20"", ""form_type"": ""10-K""}, ""operating_cash_flow"": {""filed_date"": ""2026-07-20"", ""form_type"": ""10-K""}, ""total_debt"": {""filed_date"": ""2026-07-20"", ""form_type"": ""10-K""}, ""shares_outstanding"": {""filed_date"": ""2026-07-20"", ""form_type"": ""10-K""}}",74
EPAM,"EPAM Systems, Inc.",0.06071879381014314,0.16640076609059343,3,,-0.3803945629415183,1,0,0,2,0,-0.04458981714082054,,-0.20907816711590296,100.5,5184491590.5,336237500.0,0.0,869795000.0,185500000.0,268990000.0,Information Technology,0.02,2026-08-17T07:16:15.737638,True,True,2026-08-17T07:04:15.149357,"{""revenue"": {""filed_date"": ""2018-08-06"", ""form_type"": ""10-Q""}, ""operating_income"": {""filed_date"": ""2026-08-06"", ""form_type"": ""10-Q""}, ""net_income"": {""filed_date"": ""2026-08-06"", ""form_type"": ""10-Q""}, ""total_assets"": {""filed_date"": ""2026-08-06"", ""form_type"": ""10-Q""}, ""current_assets"": {""filed_date"": ""2026-08-06"", ""form_type"": ""10-Q""}, ""current_liabilities"": {""filed_date"": ""2026-08-06"", ""form_type"": ""10-Q""}, ""long_term_debt"": {""filed_date"": ""2016-02-23"", ""form_type"": ""10-K""}, ""cash_and_equivalents"": {""filed_date"": ""2026-08-06"", ""form_type"": ""10-Q""}, ""ppe"": {""filed_date"": ""2026-08-06"", ""form_type"": ""10-Q""}, ""stockholders_equity"": {""filed_date"": ""2026-08-06"", ""form_type"": ""10-Q""}, ""operating_cash_flow"": {""filed_date"": ""2026-08-06"", ""form_type"": ""10-Q""}, ""capex"": {""filed_date"": ""2026-08-06"", ""form_type"": ""10-Q""}, ""total_debt"": {""filed_date"": ""2016-02-23"", ""form_type"": ""10-K""}, ""shares_outstanding"": {""filed_date"": ""2026-08-06"", ""form_type"": ""10-Q""}}",75
TFC,Truist Financial Corporation,0.060617241334927796,0.07274068960191335,5,,0.03817614300020264,2,3,1,8,3,,,3.2661596958174903,53.1,64868348718.74637,6633750000.0,0.0,0.0,526000000.0,5307000000.0,Financials,0.1,2026-08-17T07:16:15.725895,True,True,2026-08-17T07:04:15.149357,"{""operating_income"": {""filed_date"": ""2026-02-24"", ""form_type"": ""10-K""}, ""net_income"": {""filed_date"": ""2009-08-13"", ""form_type"": ""10-Q/A""}, ""total_assets"": {""filed_date"": ""2026-07-31"", ""form_type"": ""10-Q""}, ""long_term_debt"": {""filed_date"": ""2026-07-31"", ""form_type"": ""10-Q""}, ""cash_and_equivalents"": {""filed_date"": ""2022-02-23"", ""form_type"": ""10-K""}, ""ppe"": {""filed_date"": ""2026-07-31"", ""form_type"": ""10-Q""}, ""stockholders_equity"": {""filed_date"": ""2026-07-31"", ""form_type"": ""10-Q""}, ""operating_cash_flow"": {""filed_date"": ""2026-07-31"", ""form_type"": ""10-Q""}, ""capex"": {""filed_date"": ""2023-02-28"", ""form_type"": ""10-K""}, ""total_debt"": {""filed_date"": ""2026-07-31"", ""form_type"": ""10-Q""}, ""shares_outstanding"": {""filed_date"": ""2026-07-31"", ""form_type"": ""10-Q""}}",76
RMD,ResMed Inc.,0.06026100199179863,0.5373024538525023,5,,-0.11997705392524985,1,5,0,10,3,0.6106936290100855,0.6106936290100855,1.1854771209478412,224.46,32378873573.250824,2358393750.0,0.0,2957013000.0,1523293000.0,1886715000.0,Health Care,0.07,2026-08-17T07:16:15.727747,True,True,2026-08-17T07:04:15.149357,"{""revenue"": {""filed_date"": ""2020-08-13"", ""form_type"": ""10-K""}, ""operating_income"": {""filed_date"": ""2026-08-13"", ""form_type"": ""10-K""}, ""net_income"": {""filed_date"": ""2026-08-13"", ""form_type"": ""10-K""}, ""total_assets"": {""filed_date"": ""2026-08-13"", ""form_type"": ""10-K""}, ""current_assets"": {""filed_date"": ""2026-08-13"", ""form_type"": ""10-K""}, ""current_liabilities"": {""filed_date"": ""2026-08-13"", ""form_type"": ""10-K""}, ""long_term_debt"": {""filed_date"": ""2026-08-13"", ""form_type"": ""10-K""}, ""cash_and_equivalents"": {""filed_date"": ""2026-08-13"", ""form_type"": ""10-K""}, ""ppe"": {""filed_date"": ""2026-08-13"", ""form_type"": ""10-K""}, ""stockholders_equity"": {""filed_date"": ""2026-08-13"", ""form_type"": ""10-K""}, ""operating_cash_flow"": {""filed_date"": ""2026-08-13"", ""form_type"": ""10-K""}, ""capex"": {""filed_date"": ""2026-08-13"", ""form_type"": ""10-K""}, ""total_debt"": {""filed_date"": ""2026-08-13"", ""form_type"": ""10-K""}, ""shares_outstanding"": {""filed_date"": ""2026-08-13"", ""form_type"": ""10-K""}}",77
INTU,Intuit Inc.,0.060187070346409625,0.8249199328961415,5,,-0.08150934754619767,1,5,2,10,3,0.43915993915993917,0.43915993915993917,1.7861051629788247,345.66,94550800421.72241,6761250000.0,0.0,17094000000.0,4203000000.0,5409000000.0,Information Technology,0.3,2026-08-17T07:16:15.722693,True,True,2026-08-17T07:04:15.149357,"{""revenue"": {""filed_date"": ""2026-05-20"", ""form_type"": ""10-Q""}, ""operating_income"": {""filed_date"": ""2026-05-20"", ""form_type"": ""10-Q""}, ""net_income"": {""filed_date"": ""2026-05-20"", ""form_type"": ""10-Q""}, ""total_assets"": {""filed_date"": ""2026-05-20"", ""form_type"": ""10-Q""}, ""current_assets"": {""filed_date"": ""2026-05-20"", ""form_type"": ""10-Q""}, ""current_liabilities"": {""filed_date"": ""2026-05-20"", ""form_type"": ""10-Q""}, ""long_term_debt"": {""filed_date"": ""2026-05-20"", ""form_type"": ""10-Q""}, ""cash_and_equivalents"": {""filed_date"": ""2026-05-20"", ""form_type"": ""10-Q""}, ""ppe"": {""filed_date"": ""2026-05-20"", ""form_type"": ""10-Q""}, ""stockholders_equity"": {""filed_date"": ""2026-05-20"", ""form_type"": ""10-Q""}, ""operating_cash_flow"": {""filed_date"": ""2026-05-20"", ""form_type"": ""10-Q""}, ""capex"": {""filed_date"": ""2026-05-20"", ""form_type"": ""10-Q""}, ""total_debt"": {""filed_date"": ""2021-09-08"", ""form_type"": ""10-K""}, ""shares_outstanding"": {""filed_date"": ""2025-09-03"", ""form_type"": ""10-K""}}",78
TROW,"T. Rowe Price Group, Inc.",0.06000029526864907,0.07200035432237888,5,,0.21045679263347516,3,5,0,10,4,0.645651860051013,0.645651860051013,1.1870465404353212,110.56,23584199855.20935,1526250000.0,0.0,2077900000.0,1130200000.0,1221000000.0,Financials,0.04,2026-08-17T07:16:15.730696,True,True,2026-08-17T07:04:15.149357,"{""revenue"": {""filed_date"": ""2011-10-25"", ""form_type"": ""10-Q""}, ""operating_income"": {""filed_date"": ""2026-07-31"", ""form_type"": ""10-Q""}, ""net_income"": {""filed_date"": ""2026-07-31"", ""form_type"": ""10-Q""}, ""total_assets"": {""filed_date"": ""2026-07-31"", ""form_type"": ""10-Q""}, ""cash_and_equivalents"": {""filed_date"": ""2026-07-31"", ""form_type"": ""10-Q""}, ""ppe"": {""filed_date"": ""2026-07-31"", ""form_type"": ""10-Q""}, ""stockholders_equity"": {""filed_date"": ""2026-07-31"", ""form_type"": ""10-Q""}, ""operating_cash_flow"": {""filed_date"": ""2026-07-31"", ""form_type"": ""10-Q""}, ""capex"": {""filed_date"": ""2026-07-31"", ""form_type"": ""10-Q""}, ""shares_outstanding"": {""filed_date"": ""2026-02-13"", ""form_type"": ""10-K""}}",79
THG,"The Hanover Insurance Group, Inc.",0.05997051742361294,0.07196462090833552,4,,0.3011014318755379,3,2,0,5,3,0.0965982028241335,0.0965982028241335,0.875,225.29,7844647355.311661,627625000.0,0.0,3427600000.0,378400000.0,502100000.0,Financials,0.01,2026-08-17T07:16:15.743300,True,True,2026-08-17T07:04:15.149357,"{""revenue"": {""filed_date"": ""2026-07-29"", ""form_type"": ""10-Q""}, ""operating_income"": {""filed_date"": ""2026-07-29"", ""form_type"": ""10-Q""}, ""net_income"": {""filed_date"": ""2026-07-29"", ""form_type"": ""10-Q""}, ""total_assets"": {""filed_date"": ""2026-07-29"", ""form_type"": ""10-Q""}, ""long_term_debt"": {""filed_date"": ""2026-07-29"", ""form_type"": ""10-Q""}, ""cash_and_equivalents"": {""filed_date"": ""2026-07-29"", ""form_type"": ""10-Q""}, ""stockholders_equity"": {""filed_date"": ""2026-07-29"", ""form_type"": ""10-Q""}, ""operating_cash_flow"": {""filed_date"": ""2026-07-29"", ""form_type"": ""10-Q""}, ""capex"": {""filed_date"": ""2026-07-29"", ""form_type"": ""10-Q""}, ""total_debt"": {""filed_date"": ""2026-07-29"", ""form_type"": ""10-Q""}, ""shares_outstanding"": {""filed_date"": ""2026-07-29"", ""form_type"": ""10-Q""}}",80
CZR,"Caesars Entertainment, Inc.",0.05993132071679052,0.07110268828525304,3,,0.5699207811211344,3,4,0,7,3,1.5334217795870893,1.5334217795870893,,29.75,6060681067.0,1266250000.0,0.0,440192000.0,-160000000.0,1013000000.0,Consumer Discretionary,0.01,2026-08-17T07:16:15.744561,True,True,2026-08-17T07:04:15.149357,"{""revenue"": {""filed_date"": ""2018-05-08"", ""form_type"": ""10-Q""}, ""operating_income"": {""filed_date"": ""2026-07-28"", ""form_type"": ""10-Q""}, ""net_income"": {""filed_date"": ""2026-07-28"", ""form_type"": ""10-Q""}, ""total_assets"": {""filed_date"": ""2026-07-28"", ""form_type"": ""10-Q""}, ""current_assets"": {""filed_date"": ""2026-07-28"", ""form_type"": ""10-Q""}, ""current_liabilities"": {""filed_date"": ""2026-07-28"", ""form_type"": ""10-Q""}, ""long_term_debt"": {""filed_date"": ""2026-07-28"", ""form_type"": ""10-Q""}, ""cash_and_equivalents"": {""filed_date"": ""2026-07-28"", ""form_type"": ""10-Q""}, ""ppe"": {""filed_date"": ""2022-11-02"", ""form_type"": ""10-Q""}, ""stockholders_equity"": {""filed_date"": ""2026-07-28"", ""form_type"": ""10-Q""}, ""operating_cash_flow"": {""filed_date"": ""2026-07-28"", ""form_type"": ""10-Q""}, ""capex"": {""filed_date"": ""2026-07-28"", ""form_type"": ""10-Q""}, ""total_debt"": {""filed_date"": ""2026-07-28"", ""form_type"": ""10-Q""}, ""shares_outstanding"": {""filed_date"": ""2026-02-17"", ""form_type"": ""10-K""}}",81
NCLH,Norwegian Cruise Line Holdings Ltd.,0.059250515955522484,0.03876248175055312,5,,-0.21120332249046544,1,5,0,10,3,1.093269460485247,1.093269460485247,4.321381093396166,19.01,8729161057.559757,745337500.0,0.0,1293403000.0,327219000.0,596270000.0,Consumer Discretionary,0.02,2026-08-17T07:16:15.736852,True,True,2026-08-17T07:04:15.149357,"{""revenue"": {""filed_date"": ""2018-05-07"", ""form_type"": ""10-Q""}, ""operating_income"": {""filed_date"": ""2026-08-03"", ""form_type"": ""10-Q""}, ""net_income"": {""filed_date"": ""2026-08-03"", ""form_type"": ""10-Q""}, ""total_assets"": {""filed_date"": ""2026-08-03"", ""form_type"": ""10-Q""}, ""current_assets"": {""filed_date"": ""2026-08-03"", ""form_type"": ""10-Q""}, ""current_liabilities"": {""filed_date"": ""2026-08-03"", ""form_type"": ""10-Q""}, ""long_term_debt"": {""filed_date"": ""2021-02-26"", ""form_type"": ""10-K""}, ""cash_and_equivalents"": {""filed_date"": ""2026-08-03"", ""form_type"": ""10-Q""}, ""ppe"": {""filed_date"": ""2026-08-03"", ""form_type"": ""10-Q""}, ""stockholders_equity"": {""filed_date"": ""2026-08-03"", ""form_type"": ""10-Q""}, ""operating_cash_flow"": {""filed_date"": ""2026-08-03"", ""form_type"": ""10-Q""}, ""capex"": {""filed_date"": ""2026-08-03"", ""form_type"": ""10-Q""}, ""total_debt"": {""filed_date"": ""2021-02-26"", ""form_type"": ""10-K""}, ""shares_outstanding"": {""filed_date"": ""2026-08-03"", ""form_type"": ""10-Q""}}",82
GDDY,GoDaddy Inc.,0.05907666314561668,0.0,5,,0.04067989953960952,2,5,0,10,4,1.443461781427669,1.443461781427669,2.0101165603694744,94.91,12020134050.437744,816250000.0,0.0,633200000.0,454700000.0,653000000.0,Information Technology,0.03,2026-08-17T07:16:15.731942,True,True,2026-08-17T07:04:15.149357,"{""revenue"": {""filed_date"": ""2018-05-09"", ""form_type"": ""10-Q""}, ""operating_income"": {""filed_date"": ""2026-07-31"", ""form_type"": ""10-Q""}, ""net_income"": {""filed_date"": ""2026-07-31"", ""form_type"": ""10-Q""}, ""total_assets"": {""filed_date"": ""2026-07-31"", ""form_type"": ""10-Q""}, ""current_assets"": {""filed_date"": ""2026-07-31"", ""form_type"": ""10-Q""}, ""current_liabilities"": {""filed_date"": ""2026-07-31"", ""form_type"": ""10-Q""}, ""long_term_debt"": {""filed_date"": ""2026-07-31"", ""form_type"": ""10-Q""}, ""cash_and_equivalents"": {""filed_date"": ""2019-11-07"", ""form_type"": ""10-Q""}, ""ppe"": {""filed_date"": ""2026-07-31"", ""form_type"": ""10-Q""}, ""stockholders_equity"": {""filed_date"": ""2026-07-31"", ""form_type"": ""10-Q""}, ""operating_cash_flow"": {""filed_date"": ""2026-07-31"", ""form_type"": ""10-Q""}, ""capex"": {""filed_date"": ""2026-07-31"", ""form_type"": ""10-Q""}, ""shares_outstanding"": {""filed_date"": ""2026-07-31"", ""form_type"": ""10-Q""}}",83
NEM,Newmont Corporation,0.058964617559680486,0.16990000239802402,5,,-0.03299935401888776,1,5,1,10,3,0.9997019818208911,0.9997019818208911,1.2278550512445094,117.76,124082804083.88953,8856250000.0,0.0,6711000000.0,5464000000.0,7085000000.0,Materials,0.13,2026-08-17T07:16:15.724942,True,True,2026-08-17T07:04:15.149357,"{""revenue"": {""filed_date"": ""2017-02-21"", ""form_type"": ""10-K""}, ""operating_income"": {""filed_date"": ""2026-02-19"", ""form_type"": ""10-K""}, ""net_income"": {""filed_date"": ""2026-07-23"", ""form_type"": ""10-Q""}, ""total_assets"": {""filed_date"": ""2026-07-23"", ""form_type"": ""10-Q""}, ""current_assets"": {""filed_date"": ""2026-07-23"", ""form_type"": ""10-Q""}, ""current_liabilities"": {""filed_date"": ""2026-07-23"", ""form_type"": ""10-Q""}, ""long_term_debt"": {""filed_date"": ""2026-07-23"", ""form_type"": ""10-Q""}, ""cash_and_equivalents"": {""filed_date"": ""2026-07-23"", ""form_type"": ""10-Q""}, ""ppe"": {""filed_date"": ""2025-10-23"", ""form_type"": ""10-Q""}, ""stockholders_equity"": {""filed_date"": ""2026-07-23"", ""form_type"": ""10-Q""}, ""operating_cash_flow"": {""filed_date"": ""2026-07-23"", ""form_type"": ""10-Q""}, ""total_debt"": {""filed_date"": ""2026-07-23"", ""form_type"": ""10-Q""}, ""shares_outstanding"": {""filed_date"": ""2026-02-19"", ""form_type"": ""10-K""}}",84
LDOS,"Leidos Holdings, Inc.",0.05885156365897361,0.3789395624768261,6,,-0.1042163411253295,1,5,0,10,4,0.1221254744362581,0.1221254744362581,1.6041055718475072,143.83,18091723805.100067,1277500000.0,0.0,8958000000.0,682000000.0,1022000000.0,Industrials,0.04,2026-08-17T07:16:15.731134,True,True,2026-08-17T07:04:15.149357,"{""revenue"": {""filed_date"": ""2026-08-04"", ""form_type"": ""10-Q""}, ""operating_income"": {""filed_date"": ""2026-08-04"", ""form_type"": ""10-Q""}, ""net_income"": {""filed_date"": ""2026-08-04"", ""form_type"": ""10-Q""}, ""total_assets"": {""filed_date"": ""2026-08-04"", ""form_type"": ""10-Q""}, ""current_assets"": {""filed_date"": ""2026-08-04"", ""form_type"": ""10-Q""}, ""current_liabilities"": {""filed_date"": ""2026-08-04"", ""form_type"": ""10-Q""}, ""long_term_debt"": {""filed_date"": ""2015-10-30"", ""form_type"": ""10-Q""}, ""cash_and_equivalents"": {""filed_date"": ""2026-08-04"", ""form_type"": ""10-Q""}, ""ppe"": {""filed_date"": ""2022-11-01"", ""form_type"": ""10-Q""}, ""stockholders_equity"": {""filed_date"": ""2026-08-04"", ""form_type"": ""10-Q""}, ""operating_cash_flow"": {""filed_date"": ""2026-08-04"", ""form_type"": ""10-Q""}, ""capex"": {""filed_date"": ""2020-02-18"", ""form_type"": ""10-K""}, ""total_debt"": {""filed_date"": ""2026-08-04"", ""form_type"": ""10-Q""}, ""shares_outstanding"": {""filed_date"": ""2026-08-04"", ""form_type"": ""10-Q""}}",85
F,Ford Motor Company,0.058734893352425835,0.04282430817320952,4,,0.04095737169824303,2,2,2,7,3,0.007113821138211382,0.007113821138211382,,14.37,57301749278.44589,2911250000.0,0.0,184992000000.0,-36000000.0,2329000000.0,Consumer Discretionary,0.08,2026-08-17T07:16:15.727158,True,True,2026-08-17T07:04:15.149357,"{""revenue"": {""filed_date"": ""2025-02-06"", ""form_type"": ""10-K""}, ""operating_income"": {""filed_date"": ""2026-04-30"", ""form_type"": ""10-Q""}, ""net_income"": {""filed_date"": ""2025-07-31"", ""form_type"": ""10-Q""}, ""total_assets"": {""filed_date"": ""2026-04-30"", ""form_type"": ""10-Q""}, ""current_assets"": {""filed_date"": ""2026-04-30"", ""form_type"": ""10-Q""}, ""current_liabilities"": {""filed_date"": ""2026-04-30"", ""form_type"": ""10-Q""}, ""long_term_debt"": {""filed_date"": ""2021-02-05"", ""form_type"": ""10-K""}, ""cash_and_equivalents"": {""filed_date"": ""2026-04-30"", ""form_type"": ""10-Q""}, ""ppe"": {""filed_date"": ""2025-10-24"", ""form_type"": ""10-Q""}, ""stockholders_equity"": {""filed_date"": ""2026-04-30"", ""form_type"": ""10-Q""}, ""operating_cash_flow"": {""filed_date"": ""2026-04-30"", ""form_type"": ""10-Q""}, ""shares_outstanding"": {""filed_date"": ""2026-04-30"", ""form_type"": ""10-Q""}}",86
DRI,"Darden Restaurants, Inc.",0.05863391570812622,2.1078705553335997,4,,0.04651093879848986,2,0,1,3,2,0.0,,0.0,225.26,25576415332.856506,1978500000.0,0.0,13210900000.0,1206700000.0,1582800000.0,Consumer Discretionary,0.04,2026-08-17T07:16:15.730605,True,True,2026-08-17T07:04:15.149357,"{""revenue"": {""filed_date"": ""2026-07-24"", ""form_type"": ""10-K""}, ""operating_income"": {""filed_date"": ""2026-07-24"", ""form_type"": ""10-K""}, ""net_income"": {""filed_date"": ""2026-07-24"", ""form_type"": ""10-K""}, ""total_assets"": {""filed_date"": ""2026-07-24"", ""form_type"": ""10-K""}, ""current_assets"": {""filed_date"": ""2026-07-24"", ""form_type"": ""10-K""}, ""current_liabilities"": {""filed_date"": ""2026-07-24"", ""form_type"": ""10-K""}, ""long_term_debt"": {""filed_date"": ""2026-07-24"", ""form_type"": ""10-K""}, ""cash_and_equivalents"": {""filed_date"": ""2026-07-24"", ""form_type"": ""10-K""}, ""ppe"": {""filed_date"": ""2021-04-06"", ""form_type"": ""10-Q""}, ""stockholders_equity"": {""filed_date"": ""2026-07-24"", ""form_type"": ""10-K""}, ""capex"": {""filed_date"": ""2026-07-24"", ""form_type"": ""10-K""}, ""total_debt"": {""filed_date"": ""2026-07-24"", ""form_type"": ""10-K""}, ""shares_outstanding"": {""filed_date"": ""2026-07-24"", ""form_type"": ""10-K""}}",87
PG,The Procter & Gamble Company,0.05832405651544766,1.5339443840298275,6,,-0.0803781337786915,1,5,2,10,4,0.22469896130159023,0.22469896130159023,1.2187461049482737,144.55,336598989376.2201,24685000000.0,0.0,87032000000.0,16046000000.0,19748000000.0,Consumer Staples,0.62,2026-08-17T07:16:15.721860,True,True,2026-08-17T07:04:15.149357,"{""revenue"": {""filed_date"": ""2026-08-04"", ""form_type"": ""10-K""}, ""operating_income"": {""filed_date"": ""2026-08-04"", ""form_type"": ""10-K""}, ""net_income"": {""filed_date"": ""2026-08-04"", ""form_type"": ""10-K""}, ""total_assets"": {""filed_date"": ""2026-08-04"", ""form_type"": ""10-K""}, ""current_assets"": {""filed_date"": ""2026-08-04"", ""form_type"": ""10-K""}, ""current_liabilities"": {""filed_date"": ""2026-08-04"", ""form_type"": ""10-K""}, ""long_term_debt"": {""filed_date"": ""2015-08-07"", ""form_type"": ""10-K""}, ""cash_and_equivalents"": {""filed_date"": ""2019-10-22"", ""form_type"": ""10-Q""}, ""ppe"": {""filed_date"": ""2026-08-04"", ""form_type"": ""10-K""}, ""stockholders_equity"": {""filed_date"": ""2026-08-04"", ""form_type"": ""10-K""}, ""operating_cash_flow"": {""filed_date"": ""2026-08-04"", ""form_type"": ""10-K""}, ""capex"": {""filed_date"": ""2026-08-04"", ""form_type"": ""10-K""}, ""total_debt"": {""filed_date"": ""2026-08-04"", ""form_type"": ""10-K""}, ""shares_outstanding"": {""filed_date"": ""2026-08-04"", ""form_type"": ""10-K""}}",88
MTDR,Matador Resources Company,0.05760723178218738,0.05324872479753911,5,,0.15817538947726334,3,5,0,10,4,0.7576168079184986,0.7576168079184986,3.9677377529736737,53.69,6644363687.089447,780178750.0,0.0,1858029000.0,354780000.0,624143000.0,Energy,0.01,2026-08-17T07:16:15.744664,True,True,2026-08-17T07:04:15.149357,"{""revenue"": {""filed_date"": ""2026-08-07"", ""form_type"": ""10-Q""}, ""operating_income"": {""filed_date"": ""2026-08-07"", ""form_type"": ""10-Q""}, ""net_income"": {""filed_date"": ""2026-08-07"", ""form_type"": ""10-Q""}, ""total_assets"": {""filed_date"": ""2026-08-07"", ""form_type"": ""10-Q""}, ""current_assets"": {""filed_date"": ""2026-08-07"", ""form_type"": ""10-Q""}, ""current_liabilities"": {""filed_date"": ""2026-08-07"", ""form_type"": ""10-Q""}, ""long_term_debt"": {""filed_date"": ""2026-08-07"", ""form_type"": ""10-Q""}, ""cash_and_equivalents"": {""filed_date"": ""2026-08-07"", ""form_type"": ""10-Q""}, ""ppe"": {""filed_date"": ""2026-08-07"", ""form_type"": ""10-Q""}, ""stockholders_equity"": {""filed_date"": ""2026-08-07"", ""form_type"": ""10-Q""}, ""operating_cash_flow"": {""filed_date"": ""2026-08-07"", ""form_type"": ""10-Q""}, ""total_debt"": {""filed_date"": ""2026-08-07"", ""form_type"": ""10-Q""}, ""shares_outstanding"": {""filed_date"": ""2026-08-07"", ""form_type"": ""10-Q""}}",89
BR,"Broadridge Financial Solutions, Inc.",0.05747130313507524,2.562253743104807,5,,-0.00582710902155593,1,5,0,10,3,0.447117461372321,0.447117461372321,1.1968335853419905,171.01,19778724734.64,1625750000.0,0.0,3009500000.0,1124300000.0,1300600000.0,Industrials,0.05,2026-08-17T07:16:15.729385,True,True,2026-08-17T07:04:15.149357,"{""revenue"": {""filed_date"": ""2018-05-08"", ""form_type"": ""10-Q""}, ""operating_income"": {""filed_date"": ""2026-08-04"", ""form_type"": ""10-K""}, ""net_income"": {""filed_date"": ""2026-08-04"", ""form_type"": ""10-K""}, ""total_assets"": {""filed_date"": ""2026-08-04"", ""form_type"": ""10-K""}, ""current_assets"": {""filed_date"": ""2026-08-04"", ""form_type"": ""10-K""}, ""current_liabilities"": {""filed_date"": ""2026-08-04"", ""form_type"": ""10-K""}, ""long_term_debt"": {""filed_date"": ""2026-08-04"", ""form_type"": ""10-K""}, ""cash_and_equivalents"": {""filed_date"": ""2026-08-04"", ""form_type"": ""10-K""}, ""ppe"": {""filed_date"": ""2026-08-04"", ""form_type"": ""10-K""}, ""stockholders_equity"": {""filed_date"": ""2026-08-04"", ""form_type"": ""10-K""}, ""operating_cash_flow"": {""filed_date"": ""2026-08-04"", ""form_type"": ""10-K""}, ""capex"": {""filed_date"": ""2026-08-04"", ""form_type"": ""10-K""}, ""total_debt"": {""filed_date"": ""2026-08-04"", ""form_type"": ""10-K""}, ""shares_outstanding"": {""filed_date"": ""2026-08-04"", ""form_type"": ""10-K""}}",90
BPOP,"Popular, Inc.",0.056817420072714155,0.06818090408725698,5,,0.2407972345187849,3,5,0,10,4,0.7125552175638143,0.7125552175638143,1.0283934734141649,177.87,11344281661.451538,772697500.0,0.0,756100000.0,523888000.0,618158000.0,Financials,0.01,2026-08-17T07:16:15.738885,True,True,2026-08-17T07:04:15.149357,"{""revenue"": {""filed_date"": ""2013-02-28"", ""form_type"": ""10-K""}, ""operating_income"": {""filed_date"": ""2019-03-01"", ""form_type"": ""10-K""}, ""net_income"": {""filed_date"": ""2026-08-07"", ""form_type"": ""10-Q""}, ""total_assets"": {""filed_date"": ""2026-08-07"", ""form_type"": ""10-Q""}, ""cash_and_equivalents"": {""filed_date"": ""2011-05-10"", ""form_type"": ""10-Q""}, ""ppe"": {""filed_date"": ""2026-08-07"", ""form_type"": ""10-Q""}, ""stockholders_equity"": {""filed_date"": ""2026-08-07"", ""form_type"": ""10-Q""}, ""operating_cash_flow"": {""filed_date"": ""2026-08-07"", ""form_type"": ""10-Q""}, ""capex"": {""filed_date"": ""2026-08-07"", ""form_type"": ""10-Q""}, ""shares_outstanding"": {""filed_date"": ""2026-08-07"", ""form_type"": ""10-Q""}}",91
ATO,Atmos Energy Corporation,0.05674986675240724,0.2329429941315176,5,,-0.04665712913752251,1,5,0,10,3,0.39948556970931964,0.39948556970931964,1.3616254138317563,169.92,28714534616.332718,1999977500.0,0.0,4184046000.0,1227552000.0,1599982000.0,Utilities,0.04,2026-08-17T07:16:15.729960,True,True,2026-08-17T07:04:15.149357,"{""revenue"": {""filed_date"": ""2026-08-05"", ""form_type"": ""10-Q""}, ""operating_income"": {""filed_date"": ""2026-08-05"", ""form_type"": ""10-Q""}, ""net_income"": {""filed_date"": ""2026-08-05"", ""form_type"": ""10-Q""}, ""total_assets"": {""filed_date"": ""2026-08-05"", ""form_type"": ""10-Q""}, ""current_assets"": {""filed_date"": ""2026-08-05"", ""form_type"": ""10-Q""}, ""current_liabilities"": {""filed_date"": ""2026-08-05"", ""form_type"": ""10-Q""}, ""long_term_debt"": {""filed_date"": ""2019-11-12"", ""form_type"": ""10-K""}, ""cash_and_equivalents"": {""filed_date"": ""2026-08-05"", ""form_type"": ""10-Q""}, ""ppe"": {""filed_date"": ""2015-08-05"", ""form_type"": ""10-Q""}, ""stockholders_equity"": {""filed_date"": ""2026-08-05"", ""form_type"": ""10-Q""}, ""operating_cash_flow"": {""filed_date"": ""2026-08-05"", ""form_type"": ""10-Q""}, ""shares_outstanding"": {""filed_date"": ""2026-08-05"", ""form_type"": ""10-Q""}}",92
SWK,"Stanley Black & Decker, Inc.",0.056257049206477054,0.3041053532481157,4,,0.1474794385030889,3,2,0,5,3,0.04794353857386225,0.04794353857386225,0.9109272329033828,102.07,15414268500.783379,1376875000.0,0.0,7807100000.0,410900000.0,1101500000.0,Industrials,0.02,2026-08-17T07:16:15.735827,True,True,2026-08-17T07:04:15.149357,"{""revenue"": {""filed_date"": ""2026-07-29"", ""form_type"": ""10-Q""}, ""operating_income"": {""filed_date"": ""2024-10-29"", ""form_type"": ""10-Q""}, ""net_income"": {""filed_date"": ""2026-07-29"", ""form_type"": ""10-Q""}, ""total_assets"": {""filed_date"": ""2026-07-29"", ""form_type"": ""10-Q""}, ""current_assets"": {""filed_date"": ""2026-07-29"", ""form_type"": ""10-Q""}, ""current_liabilities"": {""filed_date"": ""2026-07-29"", ""form_type"": ""10-Q""}, ""long_term_debt"": {""filed_date"": ""2026-07-29"", ""form_type"": ""10-Q""}, ""cash_and_equivalents"": {""filed_date"": ""2026-07-29"", ""form_type"": ""10-Q""}, ""ppe"": {""filed_date"": ""2026-07-29"", ""form_type"": ""10-Q""}, ""stockholders_equity"": {""filed_date"": ""2026-07-29"", ""form_type"": ""10-Q""}, ""operating_cash_flow"": {""filed_date"": ""2026-07-29"", ""form_type"": ""10-Q""}, ""capex"": {""filed_date"": ""2026-07-29"", ""form_type"": ""10-Q""}, ""total_debt"": {""filed_date"": ""2026-07-29"", ""form_type"": ""10-Q""}, ""shares_outstanding"": {""filed_date"": ""2026-02-24"", ""form_type"": ""10-K""}}",93
SYY,Sysco Corporation,0.05583949868667361,0.22470475582508778,6,,-0.06165159581075523,1,3,1,9,3,0.023434621730285606,0.023434621730285606,1.213101160862355,82.99,39730659129.980316,2640000000.0,0.0,62429000000.0,1206000000.0,2112000000.0,Consumer Staples,0.07,2026-08-17T07:16:15.728219,True,True,2026-08-17T07:04:15.149357,"{""revenue"": {""filed_date"": ""2026-04-29"", ""form_type"": ""10-Q""}, ""operating_income"": {""filed_date"": ""2026-04-29"", ""form_type"": ""10-Q""}, ""net_income"": {""filed_date"": ""2026-04-29"", ""form_type"": ""10-Q""}, ""total_assets"": {""filed_date"": ""2026-04-29"", ""form_type"": ""10-Q""}, ""current_assets"": {""filed_date"": ""2026-04-29"", ""form_type"": ""10-Q""}, ""current_liabilities"": {""filed_date"": ""2026-04-29"", ""form_type"": ""10-Q""}, ""long_term_debt"": {""filed_date"": ""2021-08-30"", ""form_type"": ""10-K""}, ""cash_and_equivalents"": {""filed_date"": ""2026-04-29"", ""form_type"": ""10-Q""}, ""ppe"": {""filed_date"": ""2025-08-22"", ""form_type"": ""10-K""}, ""stockholders_equity"": {""filed_date"": ""2026-04-29"", ""form_type"": ""10-Q""}, ""operating_cash_flow"": {""filed_date"": ""2026-04-29"", ""form_type"": ""10-Q""}, ""total_debt"": {""filed_date"": ""2010-08-31"", ""form_type"": ""10-K""}, ""shares_outstanding"": {""filed_date"": ""2026-04-29"", ""form_type"": ""10-Q""}}",94
HPQ,HP Inc.,0.055633830777205094,0.0,6,,0.6750179292132696,3,3,1,9,4,0.045378908687513,0.045378908687513,1.315577889447236,30.11,27536278754.080353,1713750000.0,0.0,28846000000.0,995000000.0,1371000000.0,Information Technology,0.04,2026-08-17T07:16:15.730109,True,True,2026-08-17T07:04:15.149357,"{""revenue"": {""filed_date"": ""2026-05-28"", ""form_type"": ""10-Q""}, ""operating_income"": {""filed_date"": ""2026-05-28"", ""form_type"": ""10-Q""}, ""net_income"": {""filed_date"": ""2026-05-28"", ""form_type"": ""10-Q""}, ""total_assets"": {""filed_date"": ""2026-05-28"", ""form_type"": ""10-Q""}, ""current_assets"": {""filed_date"": ""2026-05-28"", ""form_type"": ""10-Q""}, ""current_liabilities"": {""filed_date"": ""2026-05-28"", ""form_type"": ""10-Q""}, ""long_term_debt"": {""filed_date"": ""2025-12-10"", ""form_type"": ""10-K""}, ""cash_and_equivalents"": {""filed_date"": ""2026-05-28"", ""form_type"": ""10-Q""}, ""ppe"": {""filed_date"": ""2026-05-28"", ""form_type"": ""10-Q""}, ""stockholders_equity"": {""filed_date"": ""2026-05-28"", ""form_type"": ""10-Q""}, ""operating_cash_flow"": {""filed_date"": ""2026-05-28"", ""form_type"": ""10-Q""}, ""capex"": {""filed_date"": ""2009-09-08"", ""form_type"": ""10-Q/A""}, ""total_debt"": {""filed_date"": ""2026-05-28"", ""form_type"": ""10-Q""}, ""shares_outstanding"": {""filed_date"": ""2026-05-28"", ""form_type"": ""10-Q""}}",95
MDT,Medtronic plc,0.0554304529031547,0.31475713034167235,5,,-0.03697338473686655,1,5,2,10,3,0.2015729842701573,0.2015729842701573,1.5267652572380754,91.27,116829720194.2733,8083750000.0,0.0,36364000000.0,4801000000.0,6467000000.0,Health Care,0.2,2026-08-17T07:16:15.723784,True,True,2026-08-17T07:04:15.149357,"{""revenue"": {""filed_date"": ""2026-06-18"", ""form_type"": ""10-K""}, ""operating_income"": {""filed_date"": ""2026-06-18"", ""form_type"": ""10-K""}, ""net_income"": {""filed_date"": ""2026-06-18"", ""form_type"": ""10-K""}, ""total_assets"": {""filed_date"": ""2026-06-18"", ""form_type"": ""10-K""}, ""current_assets"": {""filed_date"": ""2026-06-18"", ""form_type"": ""10-K""}, ""current_liabilities"": {""filed_date"": ""2026-06-18"", ""form_type"": ""10-K""}, ""long_term_debt"": {""filed_date"": ""2020-06-19"", ""form_type"": ""10-K""}, ""cash_and_equivalents"": {""filed_date"": ""2026-06-18"", ""form_type"": ""10-K""}, ""ppe"": {""filed_date"": ""2026-06-18"", ""form_type"": ""10-K""}, ""stockholders_equity"": {""filed_date"": ""2026-06-18"", ""form_type"": ""10-K""}, ""operating_cash_flow"": {""filed_date"": ""2026-06-18"", ""form_type"": ""10-K""}, ""capex"": {""filed_date"": ""2026-06-18"", ""form_type"": ""10-K""}, ""total_debt"": {""filed_date"": ""2026-06-18"", ""form_type"": ""10-K""}, ""shares_outstanding"": {""filed_date"": ""2026-06-18"", ""form_type"": ""10-K""}}",96
GNTX,Gentex Corporation,0.05499411139373385,0.16500639763141658,5,,-0.019695920406053582,1,5,0,10,3,0.2424461413954307,0.2424461413954307,1.50913389485521,23.87,5029011287.782488,331247891.25,0.0,1326742831.0,213144560.0,264998313.0,Consumer Discretionary,0.01,2026-08-17T07:16:15.742527,True,True,2026-08-17T07:04:15.149357,"{""revenue"": {""filed_date"": ""2026-08-04"", ""form_type"": ""10-Q""}, ""operating_income"": {""filed_date"": ""2026-08-04"", ""form_type"": ""10-Q""}, ""net_income"": {""filed_date"": ""2026-08-04"", ""form_type"": ""10-Q""}, ""total_assets"": {""filed_date"": ""2026-08-04"", ""form_type"": ""10-Q""}, ""current_assets"": {""filed_date"": ""2026-08-04"", ""form_type"": ""10-Q""}, ""current_liabilities"": {""filed_date"": ""2026-08-04"", ""form_type"": ""10-Q""}, ""long_term_debt"": {""filed_date"": ""2018-08-03"", ""form_type"": ""10-Q""}, ""cash_and_equivalents"": {""filed_date"": ""2026-08-04"", ""form_type"": ""10-Q""}, ""ppe"": {""filed_date"": ""2026-08-04"", ""form_type"": ""10-Q""}, ""stockholders_equity"": {""filed_date"": ""2026-05-06"", ""form_type"": ""10-Q""}, ""operating_cash_flow"": {""filed_date"": ""2026-08-04"", ""form_type"": ""10-Q""}, ""total_debt"": {""filed_date"": ""2018-08-03"", ""form_type"": ""10-Q""}, ""shares_outstanding"": {""filed_date"": ""2026-02-24"", ""form_type"": ""10-K""}}",97
ACM,AECOM,0.05491167328543713,0.4923057883473008,6,,-0.3025970731340469,1,3,1,9,3,0.0150858741506095,0.0150858741506095,1.0093398859651215,63.11,8122031460.300064,492276250.0,0.0,11218044000.0,167668000.0,393821000.0,Industrials,0.03,2026-08-17T07:16:15.733467,True,True,2026-08-17T07:04:15.149357,"{""revenue"": {""filed_date"": ""2026-08-11"", ""form_type"": ""10-Q""}, ""operating_income"": {""filed_date"": ""2026-08-11"", ""form_type"": ""10-Q""}, ""net_income"": {""filed_date"": ""2026-08-11"", ""form_type"": ""10-Q""}, ""total_assets"": {""filed_date"": ""2026-08-11"", ""form_type"": ""10-Q""}, ""current_assets"": {""filed_date"": ""2026-08-11"", ""form_type"": ""10-Q""}, ""current_liabilities"": {""filed_date"": ""2026-08-11"", ""form_type"": ""10-Q""}, ""long_term_debt"": {""filed_date"": ""2011-05-06"", ""form_type"": ""10-Q""}, ""cash_and_equivalents"": {""filed_date"": ""2026-08-11"", ""form_type"": ""10-Q""}, ""ppe"": {""filed_date"": ""2026-08-11"", ""form_type"": ""10-Q""}, ""stockholders_equity"": {""filed_date"": ""2026-08-11"", ""form_type"": ""10-Q""}, ""operating_cash_flow"": {""filed_date"": ""2026-08-11"", ""form_type"": ""10-Q""}, ""capex"": {""filed_date"": ""2026-08-11"", ""form_type"": ""10-Q""}, ""total_debt"": {""filed_date"": ""2026-08-11"", ""form_type"": ""10-Q""}, ""shares_outstanding"": {""filed_date"": ""2026-08-11"", ""form_type"": ""10-Q""}}",98
DVA,DaVita Inc.,0.054905112924301336,0.2597989722089915,4,,0.19712780516309283,3,4,0,8,4,0.11634760630116482,0.11634760630116482,1.751680070507877,180.06,11487827844.238281,1326116250.0,0.0,6969632000.0,462927000.0,1060893000.0,Health Care,0.01,2026-08-17T07:16:15.744885,True,True,2026-08-17T07:04:15.149357,"{""revenue"": {""filed_date"": ""2026-08-04"", ""form_type"": ""10-Q""}, ""operating_income"": {""filed_date"": ""2026-08-04"", ""form_type"": ""10-Q""}, ""net_income"": {""filed_date"": ""2026-08-04"", ""form_type"": ""10-Q""}, ""total_assets"": {""filed_date"": ""2026-08-04"", ""form_type"": ""10-Q""}, ""current_assets"": {""filed_date"": ""2026-08-04"", ""form_type"": ""10-Q""}, ""current_liabilities"": {""filed_date"": ""2026-08-04"", ""form_type"": ""10-Q""}, ""long_term_debt"": {""filed_date"": ""2015-02-26"", ""form_type"": ""10-K""}, ""cash_and_equivalents"": {""filed_date"": ""2026-08-04"", ""form_type"": ""10-Q""}, ""ppe"": {""filed_date"": ""2026-08-04"", ""form_type"": ""10-Q""}, ""stockholders_equity"": {""filed_date"": ""2026-08-04"", ""form_type"": ""10-Q""}, ""operating_cash_flow"": {""filed_date"": ""2026-08-04"", ""form_type"": ""10-Q""}, ""capex"": {""filed_date"": ""2026-08-04"", ""form_type"": ""10-Q""}, ""total_debt"": {""filed_date"": ""2015-02-26"", ""form_type"": ""10-K""}, ""shares_outstanding"": {""filed_date"": ""2026-08-04"", ""form_type"": ""10-Q""}}",99
MGM,MGM Resorts International,0.05436858313960084,0.10896328396074562,5,,0.28683973986147093,3,5,0,10,4,0.14638031255497674,0.14638031255497674,2.6980139809229136,44.1,11283039073.101997,1006097500.0,0.0,7696438000.0,417569000.0,804878000.0,Consumer Discretionary,0.01,2026-08-17T07:16:15.739892,True,True,2026-08-17T07:04:15.149357,"{""revenue"": {""filed_date"": ""2014-11-07"", ""form_type"": ""10-Q""}, ""operating_income"": {""filed_date"": ""2026-07-29"", ""form_type"": ""10-Q""}, ""net_income"": {""filed_date"": ""2026-07-29"", ""form_type"": ""10-Q""}, ""total_assets"": {""filed_date"": ""2026-07-29"", ""form_type"": ""10-Q""}, ""current_assets"": {""filed_date"": ""2026-07-29"", ""form_type"": ""10-Q""}, ""current_liabilities"": {""filed_date"": ""2026-07-29"", ""form_type"": ""10-Q""}, ""long_term_debt"": {""filed_date"": ""2026-07-29"", ""form_type"": ""10-Q""}, ""cash_and_equivalents"": {""filed_date"": ""2026-07-29"", ""form_type"": ""10-Q""}, ""ppe"": {""filed_date"": ""2025-10-29"", ""form_type"": ""10-Q""}, ""stockholders_equity"": {""filed_date"": ""2026-07-29"", ""form_type"": ""10-Q""}, ""operating_cash_flow"": {""filed_date"": ""2026-07-29"", ""form_type"": ""10-Q""}, ""capex"": {""filed_date"": ""2026-07-29"", ""form_type"": ""10-Q""}, ""total_debt"": {""filed_date"": ""2026-07-29"", ""form_type"": ""10-Q""}, ""shares_outstanding"": {""filed_date"": ""2026-07-29"", ""form_type"": ""10-Q""}}",100
LEA,Lear Corporation,0.05426178335711862,0.10741798311386841,6,,-0.07535371259905646,1,3,1,9,3,0.04642542510929007,0.04642542510929007,1.5299917830731307,124.95,8318516558.629944,653625000.0,0.0,12032200000.0,365100000.0,522900000.0,Consumer Discretionary,0.01,2026-08-17T07:16:15.743725,True,True,2026-08-17T07:04:15.149357,"{""revenue"": {""filed_date"": ""2026-07-31"", ""form_type"": ""10-Q""}, ""operating_income"": {""filed_date"": ""2026-07-31"", ""form_type"": ""10-Q""}, ""net_income"": {""filed_date"": ""2026-07-31"", ""form_type"": ""10-Q""}, ""total_assets"": {""filed_date"": ""2026-07-31"", ""form_type"": ""10-Q""}, ""current_assets"": {""filed_date"": ""2026-07-31"", ""form_type"": ""10-Q""}, ""current_liabilities"": {""filed_date"": ""2026-07-31"", ""form_type"": ""10-Q""}, ""long_term_debt"": {""filed_date"": ""2020-10-30"", ""form_type"": ""10-Q""}, ""cash_and_equivalents"": {""filed_date"": ""2026-07-31"", ""form_type"": ""10-Q""}, ""ppe"": {""filed_date"": ""2026-07-31"", ""form_type"": ""10-Q""}, ""stockholders_equity"": {""filed_date"": ""2026-07-31"", ""form_type"": ""10-Q""}, ""operating_cash_flow"": {""filed_date"": ""2026-07-31"", ""form_type"": ""10-Q""}, ""capex"": {""filed_date"": ""2026-07-31"", ""form_type"": ""10-Q""}, ""total_debt"": {""filed_date"": ""2020-10-30"", ""form_type"": ""10-Q""}, ""shares_outstanding"": {""filed_date"": ""2026-07-31"", ""form_type"": ""10-Q""}}",101
LW,"Lamb Weston Holdings, Inc.",0.054212789807062976,0.2745598959542942,4,,0.11948128487520246,3,5,0,9,4,0.40372511239563263,0.40372511239563263,3.2513793103448276,53.07,7296231153.10347,738875000.0,0.0,2335500000.0,290000000.0,591100000.0,Consumer Staples,0.01,2026-08-17T07:16:15.739990,True,True,2026-08-17T07:04:15.149357,"{""revenue"": {""filed_date"": ""2017-04-06"", ""form_type"": ""10-Q""}, ""operating_income"": {""filed_date"": ""2026-07-24"", ""form_type"": ""10-K""}, ""net_income"": {""filed_date"": ""2026-07-24"", ""form_type"": ""10-K""}, ""total_assets"": {""filed_date"": ""2026-07-24"", ""form_type"": ""10-K""}, ""current_assets"": {""filed_date"": ""2026-07-24"", ""form_type"": ""10-K""}, ""current_liabilities"": {""filed_date"": ""2026-07-24"", ""form_type"": ""10-K""}, ""long_term_debt"": {""filed_date"": ""2026-07-24"", ""form_type"": ""10-K""}, ""cash_and_equivalents"": {""filed_date"": ""2026-07-24"", ""form_type"": ""10-K""}, ""ppe"": {""filed_date"": ""2020-04-01"", ""form_type"": ""10-Q""}, ""stockholders_equity"": {""filed_date"": ""2026-07-24"", ""form_type"": ""10-K""}, ""operating_cash_flow"": {""filed_date"": ""2026-07-24"", ""form_type"": ""10-K""}, ""capex"": {""filed_date"": ""2026-07-24"", ""form_type"": ""10-K""}, ""total_debt"": {""filed_date"": ""2026-07-24"", ""form_type"": ""10-K""}, ""shares_outstanding"": {""filed_date"": ""2023-07-25"", ""form_type"": ""10-K""}}",102
MKL,Markel Group Inc.,0.0540042773908234,0.06480513286898808,4,,-0.11380404284495525,1,2,0,5,2,0.058763182976128286,0.058763182976128286,0.4649845800010454,1847.24,22887225894.924316,1608770000.0,0.0,7569042000.0,956550000.0,1287016000.0,Financials,0.04,2026-08-17T07:16:15.730546,True,True,2026-08-17T07:04:15.149357,"{""revenue"": {""filed_date"": ""2026-07-29"", ""form_type"": ""10-Q""}, ""operating_income"": {""filed_date"": ""2026-07-29"", ""form_type"": ""10-Q""}, ""net_income"": {""filed_date"": ""2026-07-29"", ""form_type"": ""10-Q""}, ""total_assets"": {""filed_date"": ""2026-07-29"", ""form_type"": ""10-Q""}, ""long_term_debt"": {""filed_date"": ""2026-07-29"", ""form_type"": ""10-Q""}, ""cash_and_equivalents"": {""filed_date"": ""2026-07-29"", ""form_type"": ""10-Q""}, ""ppe"": {""filed_date"": ""2026-02-26"", ""form_type"": ""10-K""}, ""stockholders_equity"": {""filed_date"": ""2026-07-29"", ""form_type"": ""10-Q""}, ""operating_cash_flow"": {""filed_date"": ""2026-07-29"", ""form_type"": ""10-Q""}, ""capex"": {""filed_date"": ""2026-07-29"", ""form_type"": ""10-Q""}, ""total_debt"": {""filed_date"": ""2026-07-29"", ""form_type"": ""10-Q""}, ""shares_outstanding"": {""filed_date"": ""2020-02-21"", ""form_type"": ""10-K""}}",103
HAL,Halliburton Company,0.053944290832717276,0.13046203438395415,5,,0.030373477720433275,2,3,1,8,3,0.09779798520103414,0.09779798520103414,1.1025125628140704,34.42,28676345706.632736,1821250000.0,0.0,11217000000.0,995000000.0,1457000000.0,Energy,0.03,2026-08-17T07:16:15.732293,True,True,2026-08-17T07:04:15.149357,"{""revenue"": {""filed_date"": ""2011-07-21"", ""form_type"": ""10-Q""}, ""operating_income"": {""filed_date"": ""2026-07-24"", ""form_type"": ""10-Q""}, ""net_income"": {""filed_date"": ""2026-07-24"", ""form_type"": ""10-Q""}, ""total_assets"": {""filed_date"": ""2026-07-24"", ""form_type"": ""10-Q""}, ""current_assets"": {""filed_date"": ""2026-07-24"", ""form_type"": ""10-Q""}, ""current_liabilities"": {""filed_date"": ""2026-07-24"", ""form_type"": ""10-Q""}, ""long_term_debt"": {""filed_date"": ""2026-07-24"", ""form_type"": ""10-Q""}, ""cash_and_equivalents"": {""filed_date"": ""2026-07-24"", ""form_type"": ""10-Q""}, ""ppe"": {""filed_date"": ""2026-07-24"", ""form_type"": ""10-Q""}, ""stockholders_equity"": {""filed_date"": ""2026-07-24"", ""form_type"": ""10-Q""}, ""operating_cash_flow"": {""filed_date"": ""2026-07-24"", ""form_type"": ""10-Q""}, ""total_debt"": {""filed_date"": ""2025-02-12"", ""form_type"": ""10-K""}, ""shares_outstanding"": {""filed_date"": ""2026-02-06"", ""form_type"": ""10-K""}}",104
NKE,"NIKE, Inc.",0.05392489526573972,0.19422027059102778,5,,-0.3618139572887171,1,2,2,7,2,0.061813009181430234,0.061813009181430234,0.9227799227799228,40.73,60316528176.19371,4091250000.0,0.0,46398000000.0,3108000000.0,3273000000.0,Consumer Discretionary,0.15,2026-08-17T07:16:15.724439,True,True,2026-08-17T07:04:15.149357,"{""revenue"": {""filed_date"": ""2026-07-15"", ""form_type"": ""10-K""}, ""operating_income"": {""filed_date"": ""2015-07-23"", ""form_type"": ""10-K""}, ""net_income"": {""filed_date"": ""2026-07-15"", ""form_type"": ""10-K""}, ""total_assets"": {""filed_date"": ""2026-07-15"", ""form_type"": ""10-K""}, ""current_assets"": {""filed_date"": ""2026-07-15"", ""form_type"": ""10-K""}, ""current_liabilities"": {""filed_date"": ""2026-07-15"", ""form_type"": ""10-K""}, ""long_term_debt"": {""filed_date"": ""2026-07-15"", ""form_type"": ""10-K""}, ""cash_and_equivalents"": {""filed_date"": ""2026-07-15"", ""form_type"": ""10-K""}, ""ppe"": {""filed_date"": ""2026-07-15"", ""form_type"": ""10-K""}, ""stockholders_equity"": {""filed_date"": ""2026-07-15"", ""form_type"": ""10-K""}, ""operating_cash_flow"": {""filed_date"": ""2026-07-15"", ""form_type"": ""10-K""}, ""capex"": {""filed_date"": ""2026-07-15"", ""form_type"": ""10-K""}, ""total_debt"": {""filed_date"": ""2026-07-15"", ""form_type"": ""10-K""}, ""shares_outstanding"": {""filed_date"": ""2026-07-15"", ""form_type"": ""10-K""}}",105
PAYX,"Paychex, Inc.",0.053564965117357324,1.0630504742547426,5,,0.3388684608651451,3,5,0,10,4,0.3926136363636364,0.3926136363636364,1.4525879211408443,122.02,43400421383.19626,3138125000.0,0.0,6512000000.0,1760100000.0,2510500000.0,Industrials,0.08,2026-08-17T07:16:15.727342,True,True,2026-08-17T07:04:15.149357,"{""revenue"": {""filed_date"": ""2026-07-17"", ""form_type"": ""10-K""}, ""operating_income"": {""filed_date"": ""2026-07-17"", ""form_type"": ""10-K""}, ""net_income"": {""filed_date"": ""2026-07-17"", ""form_type"": ""10-K""}, ""total_assets"": {""filed_date"": ""2026-07-17"", ""form_type"": ""10-K""}, ""current_assets"": {""filed_date"": ""2026-07-17"", ""form_type"": ""10-K""}, ""current_liabilities"": {""filed_date"": ""2026-07-17"", ""form_type"": ""10-K""}, ""long_term_debt"": {""filed_date"": ""2026-07-17"", ""form_type"": ""10-K""}, ""cash_and_equivalents"": {""filed_date"": ""2026-07-17"", ""form_type"": ""10-K""}, ""ppe"": {""filed_date"": ""2026-07-17"", ""form_type"": ""10-K""}, ""stockholders_equity"": {""filed_date"": ""2026-07-17"", ""form_type"": ""10-K""}, ""operating_cash_flow"": {""filed_date"": ""2026-07-17"", ""form_type"": ""10-K""}, ""capex"": {""filed_date"": ""2026-07-17"", ""form_type"": ""10-K""}, ""total_debt"": {""filed_date"": ""2026-07-17"", ""form_type"": ""10-K""}, ""shares_outstanding"": {""filed_date"": ""2026-07-17"", ""form_type"": ""10-K""}}",106
WH,"Wyndham Hotels & Resorts, Inc.",0.05338113209366986,2.028169014084507,4,,-0.07337525541195869,1,2,0,5,2,0.09307207837648705,0.09307207837648705,0.8159509202453987,73.63,5464164709.033066,360000000.0,0.0,1429000000.0,163000000.0,288000000.0,Consumer Discretionary,0.01,2026-08-17T07:16:15.742007,True,True,2026-08-17T07:04:15.149357,"{""revenue"": {""filed_date"": ""2026-02-19"", ""form_type"": ""10-K""}, ""operating_income"": {""filed_date"": ""2026-07-23"", ""form_type"": ""10-Q""}, ""net_income"": {""filed_date"": ""2026-07-23"", ""form_type"": ""10-Q""}, ""total_assets"": {""filed_date"": ""2026-07-23"", ""form_type"": ""10-Q""}, ""current_assets"": {""filed_date"": ""2026-07-23"", ""form_type"": ""10-Q""}, ""current_liabilities"": {""filed_date"": ""2026-07-23"", ""form_type"": ""10-Q""}, ""cash_and_equivalents"": {""filed_date"": ""2026-07-23"", ""form_type"": ""10-Q""}, ""ppe"": {""filed_date"": ""2026-07-23"", ""form_type"": ""10-Q""}, ""stockholders_equity"": {""filed_date"": ""2026-07-23"", ""form_type"": ""10-Q""}, ""operating_cash_flow"": {""filed_date"": ""2026-07-23"", ""form_type"": ""10-Q""}, ""capex"": {""filed_date"": ""2026-07-23"", ""form_type"": ""10-Q""}, ""shares_outstanding"": {""filed_date"": ""2024-02-15"", ""form_type"": ""10-K""}}",107
COR,"Cencora, Inc.",0.052716630018783954,0.0,5,,-0.12450271867416053,1,2,2,7,2,0.0067760650380497495,0.0067760650380497495,0.5692466546601329,313.82,59885382317.9599,3779073750.0,0.0,249042769000.0,2964497000.0,3023259000.0,Health Care,0.09,2026-08-17T07:16:15.726388,True,True,2026-08-17T07:04:15.149357,"{""revenue"": {""filed_date"": ""2026-08-05"", ""form_type"": ""10-Q""}, ""operating_income"": {""filed_date"": ""2026-08-05"", ""form_type"": ""10-Q""}, ""net_income"": {""filed_date"": ""2026-08-05"", ""form_type"": ""10-Q""}, ""total_assets"": {""filed_date"": ""2026-08-05"", ""form_type"": ""10-Q""}, ""current_assets"": {""filed_date"": ""2026-08-05"", ""form_type"": ""10-Q""}, ""current_liabilities"": {""filed_date"": ""2026-08-05"", ""form_type"": ""10-Q""}, ""long_term_debt"": {""filed_date"": ""2026-08-05"", ""form_type"": ""10-Q""}, ""cash_and_equivalents"": {""filed_date"": ""2026-08-05"", ""form_type"": ""10-Q""}, ""ppe"": {""filed_date"": ""2026-08-05"", ""form_type"": ""10-Q""}, ""stockholders_equity"": {""filed_date"": ""2026-08-05"", ""form_type"": ""10-Q""}, ""operating_cash_flow"": {""filed_date"": ""2026-08-05"", ""form_type"": ""10-Q""}, ""capex"": {""filed_date"": ""2026-08-05"", ""form_type"": ""10-Q""}, ""total_debt"": {""filed_date"": ""2026-08-05"", ""form_type"": ""10-Q""}, ""shares_outstanding"": {""filed_date"": ""2026-08-05"", ""form_type"": ""10-Q""}}",108
WBS,Webster Financial Corporation,0.05257761939757723,0.06309314327709267,5,,0.1078104864830745,3,5,0,10,4,0.4570449576076815,0.4570449576076815,1.340966561965727,79.0,12800642392.0,889732500.0,0.0,1475857000.0,503020000.0,711786000.0,Financials,0.02,2026-08-17T07:16:15.737416,True,True,2026-08-17T07:04:15.149357,"{""revenue"": {""filed_date"": ""2026-07-27"", ""form_type"": ""10-Q""}, ""operating_income"": {""filed_date"": ""2026-07-27"", ""form_type"": ""10-Q""}, ""net_income"": {""filed_date"": ""2026-07-27"", ""form_type"": ""10-Q""}, ""total_assets"": {""filed_date"": ""2026-07-27"", ""form_type"": ""10-Q""}, ""long_term_debt"": {""filed_date"": ""2026-07-27"", ""form_type"": ""10-Q""}, ""ppe"": {""filed_date"": ""2026-07-27"", ""form_type"": ""10-Q""}, ""stockholders_equity"": {""filed_date"": ""2026-07-27"", ""form_type"": ""10-Q""}, ""operating_cash_flow"": {""filed_date"": ""2026-07-27"", ""form_type"": ""10-Q""}, ""capex"": {""filed_date"": ""2026-07-27"", ""form_type"": ""10-Q""}, ""total_debt"": {""filed_date"": ""2026-07-27"", ""form_type"": ""10-Q""}, ""shares_outstanding"": {""filed_date"": ""2026-07-27"", ""form_type"": ""10-Q""}}",109
DBX,"Dropbox, Inc.",0.0525187979087983,0.7936060178655383,5,,0.40604570312834787,3,5,0,10,4,0.4361094703681827,0.4361094703681827,2.1065145030908226,34.42,7484374547.830673,422000000.0,0.0,1015800000.0,210300000.0,337600000.0,Information Technology,0.01,2026-08-17T07:16:15.744403,True,True,2026-08-17T07:04:15.149357,"{""revenue"": {""filed_date"": ""2018-11-09"", ""form_type"": ""10-Q""}, ""operating_income"": {""filed_date"": ""2026-08-07"", ""form_type"": ""10-Q""}, ""net_income"": {""filed_date"": ""2026-08-07"", ""form_type"": ""10-Q""}, ""total_assets"": {""filed_date"": ""2026-08-07"", ""form_type"": ""10-Q""}, ""current_assets"": {""filed_date"": ""2026-08-07"", ""form_type"": ""10-Q""}, ""current_liabilities"": {""filed_date"": ""2026-08-07"", ""form_type"": ""10-Q""}, ""cash_and_equivalents"": {""filed_date"": ""2026-08-07"", ""form_type"": ""10-Q""}, ""ppe"": {""filed_date"": ""2026-08-07"", ""form_type"": ""10-Q""}, ""stockholders_equity"": {""filed_date"": ""2026-08-07"", ""form_type"": ""10-Q""}, ""operating_cash_flow"": {""filed_date"": ""2026-08-07"", ""form_type"": ""10-Q""}, ""capex"": {""filed_date"": ""2026-08-07"", ""form_type"": ""10-Q""}, ""shares_outstanding"": {""filed_date"": ""2026-08-07"", ""form_type"": ""10-Q""}}",110
DE,Deere & Company,0.05249683397052272,0.06299620076462725,4,,0.018929160946590834,2,2,2,7,3,0.04534180409903834,0.04534180409903834,0.42898312062577193,608.85,164454812051.28394,11298750000.0,0.0,22981000000.0,2429000000.0,9039000000.0,Industrials,0.2,2026-08-17T07:16:15.723753,True,True,2026-08-17T07:04:15.149357,"{""revenue"": {""filed_date"": ""2026-05-28"", ""form_type"": ""10-Q""}, ""operating_income"": {""filed_date"": ""2024-12-12"", ""form_type"": ""10-K""}, ""net_income"": {""filed_date"": ""2026-05-28"", ""form_type"": ""10-Q""}, ""total_assets"": {""filed_date"": ""2026-05-28"", ""form_type"": ""10-Q""}, ""long_term_debt"": {""filed_date"": ""2022-05-26"", ""form_type"": ""10-Q""}, ""cash_and_equivalents"": {""filed_date"": ""2026-05-28"", ""form_type"": ""10-Q""}, ""ppe"": {""filed_date"": ""2020-05-28"", ""form_type"": ""10-Q""}, ""stockholders_equity"": {""filed_date"": ""2026-05-28"", ""form_type"": ""10-Q""}, ""operating_cash_flow"": {""filed_date"": ""2026-05-28"", ""form_type"": ""10-Q""}, ""capex"": {""filed_date"": ""2026-05-28"", ""form_type"": ""10-Q""}, ""total_debt"": {""filed_date"": ""2026-05-28"", ""form_type"": ""10-Q""}, ""shares_outstanding"": {""filed_date"": ""2025-12-18"", ""form_type"": ""10-K""}}",111
MET,"MetLife, Inc.",0.05248327919316677,0.06297993503180012,5,,0.26009198908605397,3,5,2,10,4,0.1285706811761013,0.1285706811761013,2.5585632483081726,97.66,62060679018.00601,4043750000.0,0.0,38228000000.0,1921000000.0,3235000000.0,Financials,0.08,2026-08-17T07:16:15.727220,True,True,2026-08-17T07:04:15.149357,"{""revenue"": {""filed_date"": ""2026-08-06"", ""form_type"": ""10-Q""}, ""operating_income"": {""filed_date"": ""2026-08-06"", ""form_type"": ""10-Q""}, ""net_income"": {""filed_date"": ""2026-08-06"", ""form_type"": ""10-Q""}, ""total_assets"": {""filed_date"": ""2026-08-06"", ""form_type"": ""10-Q""}, ""long_term_debt"": {""filed_date"": ""2012-08-07"", ""form_type"": ""10-Q""}, ""cash_and_equivalents"": {""filed_date"": ""2026-08-06"", ""form_type"": ""10-Q""}, ""stockholders_equity"": {""filed_date"": ""2026-08-06"", ""form_type"": ""10-Q""}, ""operating_cash_flow"": {""filed_date"": ""2026-08-06"", ""form_type"": ""10-Q""}, ""total_debt"": {""filed_date"": ""2012-08-07"", ""form_type"": ""10-Q""}, ""shares_outstanding"": {""filed_date"": ""2026-08-06"", ""form_type"": ""10-Q""}}",112
SMCI,"Super Micro Computer, Inc.",0.0522812960367026,0.09125408889436012,3,,0.3231484339090726,3,0,0,2,1,-3.041071596009383,,-7.181703534188148,39.84,25771421494.38499,1603027500.0,0.0,2484929000.0,1052236000.0,1282422000.0,Information Technology,0.04,2026-08-17T07:16:15.731264,True,True,2026-08-17T07:04:15.149357,"{""revenue"": {""filed_date"": ""2019-05-17"", ""form_type"": ""10-K""}, ""operating_income"": {""filed_date"": ""2026-05-11"", ""form_type"": ""10-Q""}, ""net_income"": {""filed_date"": ""2026-05-11"", ""form_type"": ""10-Q""}, ""total_assets"": {""filed_date"": ""2026-05-11"", ""form_type"": ""10-Q""}, ""current_assets"": {""filed_date"": ""2026-05-11"", ""form_type"": ""10-Q""}, ""current_liabilities"": {""filed_date"": ""2026-05-11"", ""form_type"": ""10-Q""}, ""long_term_debt"": {""filed_date"": ""2023-08-28"", ""form_type"": ""10-K""}, ""cash_and_equivalents"": {""filed_date"": ""2026-05-11"", ""form_type"": ""10-Q""}, ""ppe"": {""filed_date"": ""2026-05-11"", ""form_type"": ""10-Q""}, ""stockholders_equity"": {""filed_date"": ""2026-05-11"", ""form_type"": ""10-Q""}, ""operating_cash_flow"": {""filed_date"": ""2026-05-11"", ""form_type"": ""10-Q""}, ""capex"": {""filed_date"": ""2026-05-11"", ""form_type"": ""10-Q""}, ""total_debt"": {""filed_date"": ""2019-12-19"", ""form_type"": ""10-Q""}, ""shares_outstanding"": {""filed_date"": ""2026-05-11"", ""form_type"": ""10-Q""}}",113
RGA,"Reinsurance Group of America, Incorporated",0.052211243280761946,0.06265349193691433,3,,0.1291400505655558,3,0,1,3,1,-0.2556545579163811,,-4.238636363636363,249.45,16289500134.965134,718002500.0,0.0,13131000000.0,792000000.0,574402000.0,Financials,0.02,2026-08-17T07:16:15.735370,True,True,2026-08-17T07:04:15.149357,"{""revenue"": {""filed_date"": ""2026-08-07"", ""form_type"": ""10-Q""}, ""operating_income"": {""filed_date"": ""2011-02-28"", ""form_type"": ""10-K""}, ""net_income"": {""filed_date"": ""2026-08-07"", ""form_type"": ""10-Q""}, ""total_assets"": {""filed_date"": ""2026-08-07"", ""form_type"": ""10-Q""}, ""long_term_debt"": {""filed_date"": ""2026-08-07"", ""form_type"": ""10-Q""}, ""cash_and_equivalents"": {""filed_date"": ""2026-08-07"", ""form_type"": ""10-Q""}, ""stockholders_equity"": {""filed_date"": ""2026-08-07"", ""form_type"": ""10-Q""}, ""operating_cash_flow"": {""filed_date"": ""2026-08-07"", ""form_type"": ""10-Q""}, ""capex"": {""filed_date"": ""2023-11-03"", ""form_type"": ""10-Q""}, ""total_debt"": {""filed_date"": ""2012-11-06"", ""form_type"": ""10-Q""}, ""shares_outstanding"": {""filed_date"": ""2020-11-06"", ""form_type"": ""10-Q""}}",114
CAH,"Cardinal Health, Inc.",0.0520680422815069,0.0,6,,0.04731463613971542,2,3,2,9,4,0.020350209244517165,0.020350209244517165,3.018669778296383,235.17,54694833527.90112,3266250000.0,0.0,254248000000.0,1714000000.0,2613000000.0,Health Care,0.06,2026-08-17T07:16:15.728577,True,True,2026-08-17T07:04:15.149357,"{""revenue"": {""filed_date"": ""2026-08-11"", ""form_type"": ""10-K""}, ""operating_income"": {""filed_date"": ""2026-08-11"", ""form_type"": ""10-K""}, ""net_income"": {""filed_date"": ""2026-08-11"", ""form_type"": ""10-K""}, ""total_assets"": {""filed_date"": ""2026-08-11"", ""form_type"": ""10-K""}, ""current_assets"": {""filed_date"": ""2026-08-11"", ""form_type"": ""10-K""}, ""current_liabilities"": {""filed_date"": ""2026-08-11"", ""form_type"": ""10-K""}, ""long_term_debt"": {""filed_date"": ""2011-11-04"", ""form_type"": ""8-K/A""}, ""cash_and_equivalents"": {""filed_date"": ""2026-08-11"", ""form_type"": ""10-K""}, ""ppe"": {""filed_date"": ""2026-08-11"", ""form_type"": ""10-K""}, ""stockholders_equity"": {""filed_date"": ""2026-08-11"", ""form_type"": ""10-K""}, ""operating_cash_flow"": {""filed_date"": ""2026-08-11"", ""form_type"": ""10-K""}, ""capex"": {""filed_date"": ""2026-08-11"", ""form_type"": ""10-K""}, ""total_debt"": {""filed_date"": ""2012-05-08"", ""form_type"": ""10-Q""}, ""shares_outstanding"": {""filed_date"": ""2026-08-11"", ""form_type"": ""10-K""}}",115
TSN,"Tyson Foods, Inc.",0.051958997681669415,0.09433476394849785,6,,-0.059866587743278354,1,3,1,9,3,0.03511497824735861,0.03511497824735861,2.7874762808349147,58.17,20464293308.872192,1373750000.0,0.0,41834000000.0,527000000.0,1099000000.0,Consumer Staples,0.03,2026-08-17T07:16:15.733438,True,True,2026-08-17T07:04:15.149357,"{""revenue"": {""filed_date"": ""2026-08-03"", ""form_type"": ""10-Q""}, ""operating_income"": {""filed_date"": ""2026-08-03"", ""form_type"": ""10-Q""}, ""net_income"": {""filed_date"": ""2026-08-03"", ""form_type"": ""10-Q""}, ""total_assets"": {""filed_date"": ""2026-08-03"", ""form_type"": ""10-Q""}, ""current_assets"": {""filed_date"": ""2026-08-03"", ""form_type"": ""10-Q""}, ""current_liabilities"": {""filed_date"": ""2026-08-03"", ""form_type"": ""10-Q""}, ""cash_and_equivalents"": {""filed_date"": ""2026-08-03"", ""form_type"": ""10-Q""}, ""ppe"": {""filed_date"": ""2026-08-03"", ""form_type"": ""10-Q""}, ""stockholders_equity"": {""filed_date"": ""2026-08-03"", ""form_type"": ""10-Q""}, ""operating_cash_flow"": {""filed_date"": ""2026-08-03"", ""form_type"": ""10-Q""}, ""capex"": {""filed_date"": ""2026-08-03"", ""form_type"": ""10-Q""}, ""total_debt"": {""filed_date"": ""2026-08-03"", ""form_type"": ""10-Q""}}",116
MU,"Micron Technology, Inc.",0.05180838086951323,0.7188542609595241,4,,1.431881792259921,3,4,2,9,4,1.5038004672435918,1.5038004672435918,0.9668697638994669,971.66,1097386118770.2776,69486250000.0,0.0,30391000000.0,47268000000.0,55589000000.0,Information Technology,0.22,2026-08-17T07:16:15.723587,True,True,2026-08-17T07:04:15.149357,"{""revenue"": {""filed_date"": ""2018-10-15"", ""form_type"": ""10-K""}, ""operating_income"": {""filed_date"": ""2026-06-25"", ""form_type"": ""10-Q""}, ""net_income"": {""filed_date"": ""2026-06-25"", ""form_type"": ""10-Q""}, ""total_assets"": {""filed_date"": ""2026-06-25"", ""form_type"": ""10-Q""}, ""current_assets"": {""filed_date"": ""2026-06-25"", ""form_type"": ""10-Q""}, ""current_liabilities"": {""filed_date"": ""2026-06-25"", ""form_type"": ""10-Q""}, ""long_term_debt"": {""filed_date"": ""2025-12-18"", ""form_type"": ""10-Q""}, ""cash_and_equivalents"": {""filed_date"": ""2026-06-25"", ""form_type"": ""10-Q""}, ""ppe"": {""filed_date"": ""2020-06-29"", ""form_type"": ""10-Q""}, ""stockholders_equity"": {""filed_date"": ""2026-06-25"", ""form_type"": ""10-Q""}, ""operating_cash_flow"": {""filed_date"": ""2026-06-25"", ""form_type"": ""10-Q""}, ""capex"": {""filed_date"": ""2026-06-25"", ""form_type"": ""10-Q""}, ""total_debt"": {""filed_date"": ""2026-06-25"", ""form_type"": ""10-Q""}, ""shares_outstanding"": {""filed_date"": ""2026-06-25"", ""form_type"": ""10-Q""}}",117
BKR,Baker Hughes Company,0.05179184226664386,0.14314253856160564,5,,0.09047800785980672,2,5,2,10,4,0.13841998649561107,0.13841998649561107,1.1452513966480447,64.82,64345132979.279915,3851250000.0,0.0,13329000000.0,1611000000.0,3081000000.0,Energy,0.07,2026-08-17T07:16:15.727588,True,True,2026-08-17T07:04:15.149357,"{""revenue"": {""filed_date"": ""2026-07-27"", ""form_type"": ""10-Q""}, ""operating_income"": {""filed_date"": ""2025-02-04"", ""form_type"": ""10-K""}, ""net_income"": {""filed_date"": ""2026-07-27"", ""form_type"": ""10-Q""}, ""total_assets"": {""filed_date"": ""2026-07-27"", ""form_type"": ""10-Q""}, ""current_assets"": {""filed_date"": ""2026-07-27"", ""form_type"": ""10-Q""}, ""current_liabilities"": {""filed_date"": ""2026-07-27"", ""form_type"": ""10-Q""}, ""long_term_debt"": {""filed_date"": ""2017-10-31"", ""form_type"": ""10-Q""}, ""cash_and_equivalents"": {""filed_date"": ""2018-04-27"", ""form_type"": ""10-Q""}, ""ppe"": {""filed_date"": ""2026-07-27"", ""form_type"": ""10-Q""}, ""stockholders_equity"": {""filed_date"": ""2026-07-27"", ""form_type"": ""10-Q""}, ""operating_cash_flow"": {""filed_date"": ""2026-07-27"", ""form_type"": ""10-Q""}, ""total_debt"": {""filed_date"": ""2026-07-27"", ""form_type"": ""10-Q""}, ""shares_outstanding"": {""filed_date"": ""2017-07-28"", ""form_type"": ""10-Q""}}",118
TMUS,"T-Mobile US, Inc.",0.05160425205458063,0.28666972845743155,5,,-0.15994885931264013,1,5,2,10,3,0.7001807286217064,0.7001807286217064,2.5634685704335713,182.61,195880563904.63678,12483750000.0,0.0,21026000000.0,5743000000.0,9987000000.0,Communication,0.19,2026-08-17T07:16:15.723846,True,True,2026-08-17T07:04:15.149357,"{""revenue"": {""filed_date"": ""2018-08-01"", ""form_type"": ""10-Q""}, ""operating_income"": {""filed_date"": ""2026-07-23"", ""form_type"": ""10-Q""}, ""net_income"": {""filed_date"": ""2026-07-23"", ""form_type"": ""10-Q""}, ""total_assets"": {""filed_date"": ""2026-07-23"", ""form_type"": ""10-Q""}, ""current_assets"": {""filed_date"": ""2026-07-23"", ""form_type"": ""10-Q""}, ""current_liabilities"": {""filed_date"": ""2026-07-23"", ""form_type"": ""10-Q""}, ""long_term_debt"": {""filed_date"": ""2026-02-11"", ""form_type"": ""10-K""}, ""cash_and_equivalents"": {""filed_date"": ""2026-07-23"", ""form_type"": ""10-Q""}, ""ppe"": {""filed_date"": ""2026-07-23"", ""form_type"": ""10-Q""}, ""stockholders_equity"": {""filed_date"": ""2026-07-23"", ""form_type"": ""10-Q""}, ""operating_cash_flow"": {""filed_date"": ""2026-07-23"", ""form_type"": ""10-Q""}, ""capex"": {""filed_date"": ""2026-07-23"", ""form_type"": ""10-Q""}, ""total_debt"": {""filed_date"": ""2019-10-28"", ""form_type"": ""10-Q""}, ""shares_outstanding"": {""filed_date"": ""2026-07-23"", ""form_type"": ""10-Q""}}",119
CVS,CVS Health Corporation,0.0515578442670406,7.070836473247928,6,,0.2611201023238855,3,3,2,9,4,0.05129719836143365,0.05129719836143365,1.7889226612630869,97.16,124264765735.76938,11728750000.0,0.0,206522000000.0,5922000000.0,9383000000.0,Health Care,0.15,2026-08-17T07:16:15.724470,True,True,2026-08-17T07:04:15.149357,"{""revenue"": {""filed_date"": ""2026-08-05"", ""form_type"": ""10-Q""}, ""operating_income"": {""filed_date"": ""2026-08-05"", ""form_type"": ""10-Q""}, ""net_income"": {""filed_date"": ""2026-08-05"", ""form_type"": ""10-Q""}, ""total_assets"": {""filed_date"": ""2026-08-05"", ""form_type"": ""10-Q""}, ""current_assets"": {""filed_date"": ""2026-08-05"", ""form_type"": ""10-Q""}, ""current_liabilities"": {""filed_date"": ""2026-08-05"", ""form_type"": ""10-Q""}, ""long_term_debt"": {""filed_date"": ""2019-11-06"", ""form_type"": ""10-Q""}, ""cash_and_equivalents"": {""filed_date"": ""2026-08-05"", ""form_type"": ""10-Q""}, ""ppe"": {""filed_date"": ""2023-11-01"", ""form_type"": ""10-Q""}, ""stockholders_equity"": {""filed_date"": ""2026-08-05"", ""form_type"": ""10-Q""}, ""operating_cash_flow"": {""filed_date"": ""2026-08-05"", ""form_type"": ""10-Q""}, ""capex"": {""filed_date"": ""2026-08-05"", ""form_type"": ""10-Q""}, ""total_debt"": {""filed_date"": ""2019-11-06"", ""form_type"": ""10-Q""}, ""shares_outstanding"": {""filed_date"": ""2026-08-05"", ""form_type"": ""10-Q""}}",120
SFM,"Sprouts Farmers Market, Inc. Common Stock",0.05128798334297046,0.4609428071662055,6,,0.2211368114459894,3,3,0,8,4,0.07926881795271862,0.07926881795271862,1.2597168500506966,82.5,7692929062.5,486851250.0,0.0,4654983000.0,292919000.0,389481000.0,Consumer Staples,0.02,2026-08-17T07:16:15.734613,True,True,2026-08-17T07:04:15.149357,"{""revenue"": {""filed_date"": ""2026-07-29"", ""form_type"": ""10-Q""}, ""operating_income"": {""filed_date"": ""2026-07-29"", ""form_type"": ""10-Q""}, ""net_income"": {""filed_date"": ""2026-07-29"", ""form_type"": ""10-Q""}, ""total_assets"": {""filed_date"": ""2026-07-29"", ""form_type"": ""10-Q""}, ""current_assets"": {""filed_date"": ""2026-07-29"", ""form_type"": ""10-Q""}, ""current_liabilities"": {""filed_date"": ""2026-07-29"", ""form_type"": ""10-Q""}, ""long_term_debt"": {""filed_date"": ""2024-02-22"", ""form_type"": ""10-K""}, ""cash_and_equivalents"": {""filed_date"": ""2026-07-29"", ""form_type"": ""10-Q""}, ""ppe"": {""filed_date"": ""2024-10-30"", ""form_type"": ""10-Q""}, ""stockholders_equity"": {""filed_date"": ""2026-07-29"", ""form_type"": ""10-Q""}, ""operating_cash_flow"": {""filed_date"": ""2026-07-29"", ""form_type"": ""10-Q""}, ""capex"": {""filed_date"": ""2026-07-29"", ""form_type"": ""10-Q""}, ""total_debt"": {""filed_date"": ""2024-02-22"", ""form_type"": ""10-K""}, ""shares_outstanding"": {""filed_date"": ""2026-07-29"", ""form_type"": ""10-Q""}}",121
HIG,"The Hartford Insurance Group, Inc.",0.05101450253238301,0.06121740303885961,5,,-0.029695237157374717,1,5,1,10,3,0.15727963953815827,0.15727963953815827,1.0371402042711235,138.02,37835536947.61322,2830000000.0,0.0,14204000000.0,2154000000.0,2264000000.0,Financials,0.06,2026-08-17T07:16:15.728429,True,True,2026-08-17T07:04:15.149357,"{""revenue"": {""filed_date"": ""2026-07-23"", ""form_type"": ""10-Q""}, ""operating_income"": {""filed_date"": ""2011-03-11"", ""form_type"": ""10-K/A""}, ""net_income"": {""filed_date"": ""2026-07-23"", ""form_type"": ""10-Q""}, ""total_assets"": {""filed_date"": ""2026-07-23"", ""form_type"": ""10-Q""}, ""long_term_debt"": {""filed_date"": ""2026-07-23"", ""form_type"": ""10-Q""}, ""ppe"": {""filed_date"": ""2026-07-23"", ""form_type"": ""10-Q""}, ""stockholders_equity"": {""filed_date"": ""2026-07-23"", ""form_type"": ""10-Q""}, ""operating_cash_flow"": {""filed_date"": ""2026-07-23"", ""form_type"": ""10-Q""}, ""capex"": {""filed_date"": ""2026-07-23"", ""form_type"": ""10-Q""}, ""total_debt"": {""filed_date"": ""2014-02-28"", ""form_type"": ""10-K""}, ""shares_outstanding"": {""filed_date"": ""2009-08-26"", ""form_type"": ""10-Q/A""}}",122
UNH,UnitedHealth Group Incorporated,0.05056385385697901,0.0,6,,0.40843852666073355,3,3,2,9,4,0.0892233847143949,0.0892233847143949,1.6970418225093507,401.73,360590787746.58154,21226250000.0,0.0,223753000000.0,11764000000.0,16981000000.0,Health Care,0.47,2026-08-17T07:16:15.721962,True,True,2026-08-17T07:04:15.149357,"{""revenue"": {""filed_date"": ""2026-08-10"", ""form_type"": ""10-Q""}, ""operating_income"": {""filed_date"": ""2026-08-10"", ""form_type"": ""10-Q""}, ""net_income"": {""filed_date"": ""2026-08-10"", ""form_type"": ""10-Q""}, ""total_assets"": {""filed_date"": ""2026-08-10"", ""form_type"": ""10-Q""}, ""current_assets"": {""filed_date"": ""2026-08-10"", ""form_type"": ""10-Q""}, ""current_liabilities"": {""filed_date"": ""2026-08-10"", ""form_type"": ""10-Q""}, ""long_term_debt"": {""filed_date"": ""2026-08-10"", ""form_type"": ""10-Q""}, ""cash_and_equivalents"": {""filed_date"": ""2026-08-10"", ""form_type"": ""10-Q""}, ""ppe"": {""filed_date"": ""2026-08-10"", ""form_type"": ""10-Q""}, ""stockholders_equity"": {""filed_date"": ""2015-07-29"", ""form_type"": ""10-Q""}, ""operating_cash_flow"": {""filed_date"": ""2026-08-10"", ""form_type"": ""10-Q""}, ""capex"": {""filed_date"": ""2026-08-10"", ""form_type"": ""10-Q""}, ""total_debt"": {""filed_date"": ""2026-08-10"", ""form_type"": ""10-Q""}, ""shares_outstanding"": {""filed_date"": ""2026-08-10"", ""form_type"": ""10-Q""}}",123
ORCL,Oracle Corporation,0.05032254351897373,0.19669721267659412,5,,-0.015579710470344232,1,5,2,10,3,0.47473907685912375,0.47473907685912375,1.8714227190261603,150.52,433568507226.6998,25757500000.0,0.0,67357000000.0,17087000000.0,20606000000.0,Information Technology,0.65,2026-08-17T07:16:15.721796,True,True,2026-08-17T07:04:15.149357,"{""revenue"": {""filed_date"": ""2026-06-22"", ""form_type"": ""10-K""}, ""operating_income"": {""filed_date"": ""2026-06-22"", ""form_type"": ""10-K""}, ""net_income"": {""filed_date"": ""2026-06-22"", ""form_type"": ""10-K""}, ""total_assets"": {""filed_date"": ""2026-06-22"", ""form_type"": ""10-K""}, ""current_assets"": {""filed_date"": ""2026-06-22"", ""form_type"": ""10-K""}, ""current_liabilities"": {""filed_date"": ""2026-06-22"", ""form_type"": ""10-K""}, ""long_term_debt"": {""filed_date"": ""2022-06-21"", ""form_type"": ""10-K""}, ""cash_and_equivalents"": {""filed_date"": ""2026-06-22"", ""form_type"": ""10-K""}, ""ppe"": {""filed_date"": ""2026-06-22"", ""form_type"": ""10-K""}, ""stockholders_equity"": {""filed_date"": ""2026-06-22"", ""form_type"": ""10-K""}, ""operating_cash_flow"": {""filed_date"": ""2026-06-22"", ""form_type"": ""10-K""}, ""capex"": {""filed_date"": ""2026-06-22"", ""form_type"": ""10-K""}, ""total_debt"": {""filed_date"": ""2026-06-22"", ""form_type"": ""10-K""}, ""shares_outstanding"": {""filed_date"": ""2026-06-22"", ""form_type"": ""10-K""}}",124
WEX,WEX Inc.,0.050118802814426495,0.4739603830512921,3,,0.24629576744130702,3,0,0,2,1,-0.28611461398346644,,-2.1933404940923737,191.78,6536171315.976471,451625000.0,0.0,1427400000.0,186200000.0,361300000.0,Financials,0.01,2026-08-17T07:16:15.744196,True,True,2026-08-17T07:04:15.149357,"{""revenue"": {""filed_date"": ""2026-07-23"", ""form_type"": ""10-Q""}, ""operating_income"": {""filed_date"": ""2026-07-23"", ""form_type"": ""10-Q""}, ""net_income"": {""filed_date"": ""2026-07-23"", ""form_type"": ""10-Q""}, ""total_assets"": {""filed_date"": ""2026-07-23"", ""form_type"": ""10-Q""}, ""current_assets"": {""filed_date"": ""2026-07-23"", ""form_type"": ""10-Q""}, ""current_liabilities"": {""filed_date"": ""2026-07-23"", ""form_type"": ""10-Q""}, ""long_term_debt"": {""filed_date"": ""2021-05-06"", ""form_type"": ""10-Q""}, ""cash_and_equivalents"": {""filed_date"": ""2026-07-23"", ""form_type"": ""10-Q""}, ""ppe"": {""filed_date"": ""2026-07-23"", ""form_type"": ""10-Q""}, ""stockholders_equity"": {""filed_date"": ""2026-07-23"", ""form_type"": ""10-Q""}, ""operating_cash_flow"": {""filed_date"": ""2026-07-23"", ""form_type"": ""10-Q""}, ""capex"": {""filed_date"": ""2026-07-23"", ""form_type"": ""10-Q""}, ""total_debt"": {""filed_date"": ""2026-07-23"", ""form_type"": ""10-Q""}, ""shares_outstanding"": {""filed_date"": ""2026-07-23"", ""form_type"": ""10-Q""}}",125
UAL,"United Airlines Holdings, Inc.",0.0498243548435281,0.05000238902957618,5,,0.09928082817140296,2,5,1,10,4,0.3235398051390782,0.3235398051390782,4.261303191489362,125.34,40681568518.91016,2616250000.0,0.0,19809000000.0,1504000000.0,2093000000.0,Industrials,0.06,2026-08-17T07:16:15.728859,True,True,2026-08-17T07:04:15.149357,"{""revenue"": {""filed_date"": ""2018-07-18"", ""form_type"": ""10-Q""}, ""operating_income"": {""filed_date"": ""2026-07-16"", ""form_type"": ""10-Q""}, ""net_income"": {""filed_date"": ""2026-07-16"", ""form_type"": ""10-Q""}, ""total_assets"": {""filed_date"": ""2026-07-16"", ""form_type"": ""10-Q""}, ""current_assets"": {""filed_date"": ""2026-07-16"", ""form_type"": ""10-Q""}, ""current_liabilities"": {""filed_date"": ""2026-07-16"", ""form_type"": ""10-Q""}, ""long_term_debt"": {""filed_date"": ""2014-10-23"", ""form_type"": ""10-Q""}, ""cash_and_equivalents"": {""filed_date"": ""2026-07-16"", ""form_type"": ""10-Q""}, ""ppe"": {""filed_date"": ""2026-07-16"", ""form_type"": ""10-Q""}, ""stockholders_equity"": {""filed_date"": ""2026-07-16"", ""form_type"": ""10-Q""}, ""operating_cash_flow"": {""filed_date"": ""2026-07-16"", ""form_type"": ""10-Q""}, ""total_debt"": {""filed_date"": ""2014-10-23"", ""form_type"": ""10-Q""}, ""shares_outstanding"": {""filed_date"": ""2026-07-16"", ""form_type"": ""10-Q""}}",126
KBR,"KBR, Inc.",0.04973704627898478,0.9142857142857143,5,,-0.061533516576817646,1,2,0,6,2,0.016993237385122248,0.016993237385122248,0.494949494949495,38.37,4837219624.69511,440000000.0,0.0,5767000000.0,198000000.0,352000000.0,Industrials,0.01,2026-08-17T07:16:15.742308,True,True,2026-08-17T07:04:15.149357,"{""revenue"": {""filed_date"": ""2021-02-25"", ""form_type"": ""10-K""}, ""operating_income"": {""filed_date"": ""2026-07-30"", ""form_type"": ""10-Q""}, ""net_income"": {""filed_date"": ""2026-07-30"", ""form_type"": ""10-Q""}, ""total_assets"": {""filed_date"": ""2026-07-30"", ""form_type"": ""10-Q""}, ""current_assets"": {""filed_date"": ""2026-07-30"", ""form_type"": ""10-Q""}, ""current_liabilities"": {""filed_date"": ""2026-07-30"", ""form_type"": ""10-Q""}, ""long_term_debt"": {""filed_date"": ""2026-07-30"", ""form_type"": ""10-Q""}, ""cash_and_equivalents"": {""filed_date"": ""2026-07-30"", ""form_type"": ""10-Q""}, ""ppe"": {""filed_date"": ""2021-02-25"", ""form_type"": ""10-K""}, ""stockholders_equity"": {""filed_date"": ""2026-07-30"", ""form_type"": ""10-Q""}, ""operating_cash_flow"": {""filed_date"": ""2025-05-06"", ""form_type"": ""10-Q""}, ""capex"": {""filed_date"": ""2026-07-30"", ""form_type"": ""10-Q""}, ""total_debt"": {""filed_date"": ""2026-07-30"", ""form_type"": ""10-Q""}, ""shares_outstanding"": {""filed_date"": ""2026-07-30"", ""form_type"": ""10-Q""}}",127
BXP,"BXP, Inc.",0.049300743928166454,0.05916089271379974,5,,0.15593679599003527,3,5,0,10,4,0.34082361199809713,0.34082361199809713,3.540385225576722,68.45,10928833020.9516,846425000.0,0.0,1767847000.0,170186000.0,677140000.0,Real Estate,0.02,2026-08-17T07:16:15.736797,True,True,2026-08-17T07:04:15.149357,"{""revenue"": {""filed_date"": ""2026-08-06"", ""form_type"": ""10-Q""}, ""operating_income"": {""filed_date"": ""2018-11-07"", ""form_type"": ""10-Q""}, ""net_income"": {""filed_date"": ""2026-08-06"", ""form_type"": ""10-Q""}, ""total_assets"": {""filed_date"": ""2026-08-06"", ""form_type"": ""10-Q""}, ""long_term_debt"": {""filed_date"": ""2022-02-25"", ""form_type"": ""10-K""}, ""cash_and_equivalents"": {""filed_date"": ""2026-08-06"", ""form_type"": ""10-Q""}, ""stockholders_equity"": {""filed_date"": ""2026-08-06"", ""form_type"": ""10-Q""}, ""operating_cash_flow"": {""filed_date"": ""2026-08-06"", ""form_type"": ""10-Q""}, ""total_debt"": {""filed_date"": ""2022-02-25"", ""form_type"": ""10-K""}, ""shares_outstanding"": {""filed_date"": ""2026-08-06"", ""form_type"": ""10-Q""}}",128
SNX,TD SYNNEX Corporation,0.04868315654749431,0.18487489830452872,4,,0.6255483431600518,3,0,1,3,2,-0.05791815441729543,,-1.7571433109985886,258.74,20688526711.632812,1260902500.0,0.0,20053764000.0,661003000.0,1008722000.0,Information Technology,0.02,2026-08-17T07:16:15.736043,True,True,2026-08-17T07:04:15.149357,"{""revenue"": {""filed_date"": ""2019-01-28"", ""form_type"": ""10-K""}, ""operating_income"": {""filed_date"": ""2026-07-02"", ""form_type"": ""10-Q""}, ""net_income"": {""filed_date"": ""2026-07-02"", ""form_type"": ""10-Q""}, ""total_assets"": {""filed_date"": ""2026-07-02"", ""form_type"": ""10-Q""}, ""current_assets"": {""filed_date"": ""2026-07-02"", ""form_type"": ""10-Q""}, ""current_liabilities"": {""filed_date"": ""2026-07-02"", ""form_type"": ""10-Q""}, ""long_term_debt"": {""filed_date"": ""2017-01-26"", ""form_type"": ""10-K""}, ""cash_and_equivalents"": {""filed_date"": ""2026-07-02"", ""form_type"": ""10-Q""}, ""ppe"": {""filed_date"": ""2026-07-02"", ""form_type"": ""10-Q""}, ""stockholders_equity"": {""filed_date"": ""2026-07-02"", ""form_type"": ""10-Q""}, ""operating_cash_flow"": {""filed_date"": ""2026-07-02"", ""form_type"": ""10-Q""}, ""capex"": {""filed_date"": ""2023-10-03"", ""form_type"": ""10-Q""}, ""total_debt"": {""filed_date"": ""2026-07-02"", ""form_type"": ""10-Q""}, ""shares_outstanding"": {""filed_date"": ""2011-10-12"", ""form_type"": ""10-Q/A""}}",129
FDS,FactSet Research Systems Inc.,0.048581005607234024,0.0,5,,0.5065937194662941,3,5,0,10,4,0.4302027866354641,0.4302027866354641,1.4974803203073088,283.49,10082475437.750244,679166250.0,0.0,1435351000.0,412354000.0,543333000.0,Financials,0.02,2026-08-17T07:16:15.734400,True,True,2026-08-17T07:04:15.149357,"{""revenue"": {""filed_date"": ""2019-10-30"", ""form_type"": ""10-K""}, ""operating_income"": {""filed_date"": ""2026-07-01"", ""form_type"": ""10-Q""}, ""net_income"": {""filed_date"": ""2026-07-01"", ""form_type"": ""10-Q""}, ""total_assets"": {""filed_date"": ""2026-07-01"", ""form_type"": ""10-Q""}, ""current_assets"": {""filed_date"": ""2026-07-01"", ""form_type"": ""10-Q""}, ""current_liabilities"": {""filed_date"": ""2026-07-01"", ""form_type"": ""10-Q""}, ""long_term_debt"": {""filed_date"": ""2026-07-01"", ""form_type"": ""10-Q""}, ""cash_and_equivalents"": {""filed_date"": ""2026-07-01"", ""form_type"": ""10-Q""}, ""ppe"": {""filed_date"": ""2026-07-01"", ""form_type"": ""10-Q""}, ""stockholders_equity"": {""filed_date"": ""2026-07-01"", ""form_type"": ""10-Q""}, ""operating_cash_flow"": {""filed_date"": ""2026-07-01"", ""form_type"": ""10-Q""}, ""capex"": {""filed_date"": ""2023-10-27"", ""form_type"": ""10-K""}, ""total_debt"": {""filed_date"": ""2026-07-01"", ""form_type"": ""10-Q""}, ""shares_outstanding"": {""filed_date"": ""2026-07-01"", ""form_type"": ""10-Q""}}",130
ST,Sensata Technologies Holding plc,0.04848806602376936,0.15918068096147206,5,,0.26052659771982395,3,5,0,10,4,0.1726913888023268,0.1726913888023268,1.757399577167019,46.23,6728122833.638969,383750000.0,0.0,1925400000.0,189200000.0,307000000.0,Industrials,0.01,2026-08-17T07:16:15.745232,True,True,2026-08-17T07:04:15.149357,"{""revenue"": {""filed_date"": ""2026-07-29"", ""form_type"": ""10-Q""}, ""operating_income"": {""filed_date"": ""2026-07-29"", ""form_type"": ""10-Q""}, ""net_income"": {""filed_date"": ""2026-07-29"", ""form_type"": ""10-Q""}, ""total_assets"": {""filed_date"": ""2026-07-29"", ""form_type"": ""10-Q""}, ""current_assets"": {""filed_date"": ""2026-07-29"", ""form_type"": ""10-Q""}, ""current_liabilities"": {""filed_date"": ""2026-07-29"", ""form_type"": ""10-Q""}, ""long_term_debt"": {""filed_date"": ""2026-02-27"", ""form_type"": ""10-K""}, ""cash_and_equivalents"": {""filed_date"": ""2026-07-29"", ""form_type"": ""10-Q""}, ""ppe"": {""filed_date"": ""2023-11-07"", ""form_type"": ""10-Q""}, ""stockholders_equity"": {""filed_date"": ""2026-07-29"", ""form_type"": ""10-Q""}, ""operating_cash_flow"": {""filed_date"": ""2026-07-29"", ""form_type"": ""10-Q""}, ""total_debt"": {""filed_date"": ""2021-10-26"", ""form_type"": ""10-Q""}, ""shares_outstanding"": {""filed_date"": ""2018-02-01"", ""form_type"": ""10-K""}}",131
PCTY,Paylocity Holding Corporation,0.04813478435517664,1.0314573473963247,5,,0.3775548088079673,3,5,0,10,4,0.301046786418762,0.301046786418762,1.976903770654072,148.28,8209670412.414551,482491250.0,0.0,1771326000.0,269741000.0,385993000.0,Industrials,0.01,2026-08-17T07:16:15.739327,True,True,2026-08-17T07:04:15.149357,"{""revenue"": {""filed_date"": ""2026-08-05"", ""form_type"": ""10-K""}, ""operating_income"": {""filed_date"": ""2026-08-05"", ""form_type"": ""10-K""}, ""net_income"": {""filed_date"": ""2026-08-05"", ""form_type"": ""10-K""}, ""total_assets"": {""filed_date"": ""2026-08-05"", ""form_type"": ""10-K""}, ""current_assets"": {""filed_date"": ""2026-08-05"", ""form_type"": ""10-K""}, ""current_liabilities"": {""filed_date"": ""2026-08-05"", ""form_type"": ""10-K""}, ""long_term_debt"": {""filed_date"": ""2026-08-05"", ""form_type"": ""10-K""}, ""cash_and_equivalents"": {""filed_date"": ""2026-08-05"", ""form_type"": ""10-K""}, ""ppe"": {""filed_date"": ""2026-08-05"", ""form_type"": ""10-K""}, ""stockholders_equity"": {""filed_date"": ""2026-08-05"", ""form_type"": ""10-K""}, ""operating_cash_flow"": {""filed_date"": ""2026-08-05"", ""form_type"": ""10-K""}, ""capex"": {""filed_date"": ""2026-08-05"", ""form_type"": ""10-K""}, ""total_debt"": {""filed_date"": ""2026-08-05"", ""form_type"": ""10-K""}, ""shares_outstanding"": {""filed_date"": ""2026-08-05"", ""form_type"": ""10-K""}}",132
QGEN,Qiagen N.V.,0.04810332061379849,0.19354941908293047,5,,-0.11120923337618979,1,5,0,10,3,0.31307479094487606,0.31307479094487606,1.5400254189418188,42.95,8868960407.543182,582313750.0,0.0,2089999000.0,424880000.0,465851000.0,Health Care,0.02,2026-08-17T07:16:15.736940,True,True,2026-08-17T07:04:15.149357,"{""revenue"": {""filed_date"": ""2026-03-20"", ""form_type"": ""20-F""}, ""operating_income"": {""filed_date"": ""2026-03-20"", ""form_type"": ""20-F""}, ""net_income"": {""filed_date"": ""2026-03-20"", ""form_type"": ""20-F""}, ""total_assets"": {""filed_date"": ""2026-03-20"", ""form_type"": ""20-F""}, ""current_assets"": {""filed_date"": ""2026-03-20"", ""form_type"": ""20-F""}, ""current_liabilities"": {""filed_date"": ""2026-03-20"", ""form_type"": ""20-F""}, ""long_term_debt"": {""filed_date"": ""2026-03-20"", ""form_type"": ""20-F""}, ""cash_and_equivalents"": {""filed_date"": ""2026-03-20"", ""form_type"": ""20-F""}, ""ppe"": {""filed_date"": ""2026-03-20"", ""form_type"": ""20-F""}, ""stockholders_equity"": {""filed_date"": ""2026-03-20"", ""form_type"": ""20-F""}, ""operating_cash_flow"": {""filed_date"": ""2026-03-20"", ""form_type"": ""20-F""}, ""capex"": {""filed_date"": ""2026-03-20"", ""form_type"": ""20-F""}, ""total_debt"": {""filed_date"": ""2026-03-20"", ""form_type"": ""20-F""}, ""shares_outstanding"": {""filed_date"": ""2013-03-04"", ""form_type"": ""20-F""}}",133
MLI,"Mueller Industries, Inc.",0.04717970314190063,0.22168904274608492,5,,0.11616963115913385,3,3,0,7,3,0.11141130164582927,0.11141130164582927,0.5975386403586856,65.9,14575853806.696014,777752500.0,0.0,2620928000.0,488673000.0,622202000.0,Industrials,0.02,2026-08-17T07:16:15.737356,True,True,2026-08-17T07:04:15.149357,"{""revenue"": {""filed_date"": ""2026-07-22"", ""form_type"": ""10-Q""}, ""operating_income"": {""filed_date"": ""2026-07-22"", ""form_type"": ""10-Q""}, ""net_income"": {""filed_date"": ""2026-07-22"", ""form_type"": ""10-Q""}, ""total_assets"": {""filed_date"": ""2026-07-22"", ""form_type"": ""10-Q""}, ""current_assets"": {""filed_date"": ""2026-07-22"", ""form_type"": ""10-Q""}, ""current_liabilities"": {""filed_date"": ""2026-07-22"", ""form_type"": ""10-Q""}, ""long_term_debt"": {""filed_date"": ""2023-02-28"", ""form_type"": ""10-K""}, ""cash_and_equivalents"": {""filed_date"": ""2026-07-22"", ""form_type"": ""10-Q""}, ""ppe"": {""filed_date"": ""2026-07-22"", ""form_type"": ""10-Q""}, ""stockholders_equity"": {""filed_date"": ""2026-07-22"", ""form_type"": ""10-Q""}, ""operating_cash_flow"": {""filed_date"": ""2026-07-22"", ""form_type"": ""10-Q""}, ""total_debt"": {""filed_date"": ""2022-02-23"", ""form_type"": ""10-K""}, ""shares_outstanding"": {""filed_date"": ""2026-07-22"", ""form_type"": ""10-Q""}}",134
CDW,CDW Corporation Common Stock,0.04714049124359183,0.5190632862395974,4,,0.12628114535908186,3,2,0,5,3,0.0828337669192776,0.0828337669192776,0.4309533150255002,139.42,17429929304.006256,1005750000.0,0.0,2652300000.0,509800000.0,804600000.0,Information Technology,0.04,2026-08-17T07:16:15.731393,True,True,2026-08-17T07:04:15.149357,"{""revenue"": {""filed_date"": ""2014-05-12"", ""form_type"": ""10-Q""}, ""operating_income"": {""filed_date"": ""2026-08-05"", ""form_type"": ""10-Q""}, ""net_income"": {""filed_date"": ""2026-08-05"", ""form_type"": ""10-Q""}, ""total_assets"": {""filed_date"": ""2026-08-05"", ""form_type"": ""10-Q""}, ""current_assets"": {""filed_date"": ""2026-08-05"", ""form_type"": ""10-Q""}, ""current_liabilities"": {""filed_date"": ""2026-08-05"", ""form_type"": ""10-Q""}, ""long_term_debt"": {""filed_date"": ""2026-08-05"", ""form_type"": ""10-Q""}, ""cash_and_equivalents"": {""filed_date"": ""2026-08-05"", ""form_type"": ""10-Q""}, ""ppe"": {""filed_date"": ""2026-08-05"", ""form_type"": ""10-Q""}, ""stockholders_equity"": {""filed_date"": ""2026-08-05"", ""form_type"": ""10-Q""}, ""operating_cash_flow"": {""filed_date"": ""2026-08-05"", ""form_type"": ""10-Q""}, ""capex"": {""filed_date"": ""2026-08-05"", ""form_type"": ""10-Q""}, ""shares_outstanding"": {""filed_date"": ""2026-08-05"", ""form_type"": ""10-Q""}}",135
CACI,CACI International Inc,0.04710145555734503,0.8107139772284575,4,,0.18778442815965818,3,5,0,9,4,0.19846414166961365,0.19846414166961365,1.6549025023889155,670.54,14818624395.474426,1149768750.0,0.0,4467860000.0,535808000.0,919815000.0,Industrials,0.02,2026-08-17T07:16:15.737029,True,True,2026-08-17T07:04:15.149357,"{""revenue"": {""filed_date"": ""2018-08-20"", ""form_type"": ""10-K""}, ""operating_income"": {""filed_date"": ""2026-08-06"", ""form_type"": ""10-K""}, ""net_income"": {""filed_date"": ""2026-08-06"", ""form_type"": ""10-K""}, ""total_assets"": {""filed_date"": ""2026-08-06"", ""form_type"": ""10-K""}, ""current_assets"": {""filed_date"": ""2026-08-06"", ""form_type"": ""10-K""}, ""current_liabilities"": {""filed_date"": ""2026-08-06"", ""form_type"": ""10-K""}, ""long_term_debt"": {""filed_date"": ""2026-08-06"", ""form_type"": ""10-K""}, ""cash_and_equivalents"": {""filed_date"": ""2026-08-06"", ""form_type"": ""10-K""}, ""ppe"": {""filed_date"": ""2026-08-06"", ""form_type"": ""10-K""}, ""stockholders_equity"": {""filed_date"": ""2025-04-24"", ""form_type"": ""10-Q""}, ""operating_cash_flow"": {""filed_date"": ""2026-08-06"", ""form_type"": ""10-K""}, ""total_debt"": {""filed_date"": ""2026-08-06"", ""form_type"": ""10-K""}, ""shares_outstanding"": {""filed_date"": ""2026-08-06"", ""form_type"": ""10-K""}}",136
CHDN,Churchill Downs Incorporated,0.04655547212703772,0.2455795677799607,4,,0.03239739041233941,2,5,0,9,4,0.3855421686746988,0.3855421686746988,1.5802469135802468,90.82,6330176047.989174,625000000.0,0.0,1328000000.0,324000000.0,500000000.0,Consumer Discretionary,0.01,2026-08-17T07:16:15.742058,True,True,2026-08-17T07:04:15.149357,"{""revenue"": {""filed_date"": ""2023-07-26"", ""form_type"": ""10-Q""}, ""operating_income"": {""filed_date"": ""2026-07-29"", ""form_type"": ""10-Q""}, ""net_income"": {""filed_date"": ""2026-07-29"", ""form_type"": ""10-Q""}, ""total_assets"": {""filed_date"": ""2026-07-29"", ""form_type"": ""10-Q""}, ""current_assets"": {""filed_date"": ""2026-07-29"", ""form_type"": ""10-Q""}, ""current_liabilities"": {""filed_date"": ""2026-07-29"", ""form_type"": ""10-Q""}, ""long_term_debt"": {""filed_date"": ""2023-02-22"", ""form_type"": ""10-K""}, ""cash_and_equivalents"": {""filed_date"": ""2026-07-29"", ""form_type"": ""10-Q""}, ""ppe"": {""filed_date"": ""2026-07-29"", ""form_type"": ""10-Q""}, ""stockholders_equity"": {""filed_date"": ""2026-07-29"", ""form_type"": ""10-Q""}, ""operating_cash_flow"": {""filed_date"": ""2026-07-29"", ""form_type"": ""10-Q""}, ""capex"": {""filed_date"": ""2019-10-30"", ""form_type"": ""10-Q""}, ""total_debt"": {""filed_date"": ""2023-02-22"", ""form_type"": ""10-K""}, ""shares_outstanding"": {""filed_date"": ""2026-02-25"", ""form_type"": ""10-K""}}",137
MUSA,Murphy USA Inc.,0.04652730793029748,0.2878343302110371,6,,0.48408779080746756,3,3,1,9,4,0.025778702611312904,0.025778702611312904,1.6068326577880718,569.12,10460622994.892212,637625000.0,0.0,21529400000.0,345400000.0,510100000.0,Consumer Discretionary,0.01,2026-08-17T07:16:15.741848,True,True,2026-08-17T07:04:15.149357,"{""revenue"": {""filed_date"": ""2024-02-16"", ""form_type"": ""10-K""}, ""operating_income"": {""filed_date"": ""2026-08-06"", ""form_type"": ""10-Q""}, ""net_income"": {""filed_date"": ""2026-08-06"", ""form_type"": ""10-Q""}, ""total_assets"": {""filed_date"": ""2026-08-06"", ""form_type"": ""10-Q""}, ""current_assets"": {""filed_date"": ""2026-08-06"", ""form_type"": ""10-Q""}, ""current_liabilities"": {""filed_date"": ""2026-08-06"", ""form_type"": ""10-Q""}, ""long_term_debt"": {""filed_date"": ""2016-11-03"", ""form_type"": ""10-Q""}, ""cash_and_equivalents"": {""filed_date"": ""2026-08-06"", ""form_type"": ""10-Q""}, ""ppe"": {""filed_date"": ""2020-10-29"", ""form_type"": ""10-Q""}, ""stockholders_equity"": {""filed_date"": ""2026-08-06"", ""form_type"": ""10-Q""}, ""operating_cash_flow"": {""filed_date"": ""2026-08-06"", ""form_type"": ""10-Q""}, ""total_debt"": {""filed_date"": ""2016-11-03"", ""form_type"": ""10-Q""}, ""shares_outstanding"": {""filed_date"": ""2014-05-06"", ""form_type"": ""10-Q""}}",138
FCX,Freeport-McMoRan Inc.,0.04651162946976052,0.08446566287183253,5,,0.09343834885982247,2,5,2,10,4,0.267134132549197,0.267134132549197,1.8997319034852547,66.49,93085997009.27734,5175000000.0,0.0,13263000000.0,1865000000.0,4140000000.0,Materials,0.1,2026-08-17T07:16:15.725761,True,True,2026-08-17T07:04:15.149357,"{""revenue"": {""filed_date"": ""2026-08-06"", ""form_type"": ""10-Q""}, ""operating_income"": {""filed_date"": ""2026-08-06"", ""form_type"": ""10-Q""}, ""net_income"": {""filed_date"": ""2026-08-06"", ""form_type"": ""10-Q""}, ""total_assets"": {""filed_date"": ""2026-08-06"", ""form_type"": ""10-Q""}, ""current_assets"": {""filed_date"": ""2026-08-06"", ""form_type"": ""10-Q""}, ""current_liabilities"": {""filed_date"": ""2026-08-06"", ""form_type"": ""10-Q""}, ""long_term_debt"": {""filed_date"": ""2026-08-06"", ""form_type"": ""10-Q""}, ""cash_and_equivalents"": {""filed_date"": ""2026-08-06"", ""form_type"": ""10-Q""}, ""ppe"": {""filed_date"": ""2026-08-06"", ""form_type"": ""10-Q""}, ""stockholders_equity"": {""filed_date"": ""2026-08-06"", ""form_type"": ""10-Q""}, ""operating_cash_flow"": {""filed_date"": ""2026-08-06"", ""form_type"": ""10-Q""}, ""total_debt"": {""filed_date"": ""2018-08-08"", ""form_type"": ""10-Q""}, ""shares_outstanding"": {""filed_date"": ""2012-02-27"", ""form_type"": ""10-K""}}",139
DD,"DuPont de Nemours, Inc.",0.04624852614591629,0.0999759961593855,6,,-0.03394512574049329,1,3,1,9,3,0.016816198460557926,0.016816198460557926,1.1282894736842106,146.26,19751384781.686783,1041250000.0,0.0,20397000000.0,304000000.0,833000000.0,Materials,0.05,2026-08-17T07:16:15.729158,True,True,2026-08-17T07:04:15.149357,"{""revenue"": {""filed_date"": ""2021-02-12"", ""form_type"": ""10-K""}, ""operating_income"": {""filed_date"": ""2023-11-02"", ""form_type"": ""10-Q""}, ""net_income"": {""filed_date"": ""2026-08-04"", ""form_type"": ""10-Q""}, ""total_assets"": {""filed_date"": ""2026-08-04"", ""form_type"": ""10-Q""}, ""current_assets"": {""filed_date"": ""2026-08-04"", ""form_type"": ""10-Q""}, ""current_liabilities"": {""filed_date"": ""2026-08-04"", ""form_type"": ""10-Q""}, ""long_term_debt"": {""filed_date"": ""2024-11-05"", ""form_type"": ""10-Q""}, ""cash_and_equivalents"": {""filed_date"": ""2026-08-04"", ""form_type"": ""10-Q""}, ""ppe"": {""filed_date"": ""2022-11-08"", ""form_type"": ""10-Q""}, ""stockholders_equity"": {""filed_date"": ""2026-08-04"", ""form_type"": ""10-Q""}, ""operating_cash_flow"": {""filed_date"": ""2023-05-03"", ""form_type"": ""10-Q""}, ""total_debt"": {""filed_date"": ""2026-08-04"", ""form_type"": ""10-Q""}, ""shares_outstanding"": {""filed_date"": ""2021-02-12"", ""form_type"": ""10-K""}}",140
IVZ,Invesco Ltd.,0.04624844883529872,0.3559616169865251,5,,0.250899679240968,3,5,0,10,4,0.17816751660676314,0.17816751660676314,5.533606078316774,32.55,14370824663.162231,871750000.0,0.0,5314100000.0,171100000.0,697400000.0,Financials,0.01,2026-08-17T07:16:15.739484,True,True,2026-08-17T07:04:15.149357,"{""revenue"": {""filed_date"": ""2019-02-22"", ""form_type"": ""10-K""}, ""operating_income"": {""filed_date"": ""2026-08-04"", ""form_type"": ""10-Q""}, ""net_income"": {""filed_date"": ""2025-04-28"", ""form_type"": ""10-Q""}, ""total_assets"": {""filed_date"": ""2026-08-04"", ""form_type"": ""10-Q""}, ""current_assets"": {""filed_date"": ""2013-07-31"", ""form_type"": ""10-Q""}, ""current_liabilities"": {""filed_date"": ""2013-07-31"", ""form_type"": ""10-Q""}, ""long_term_debt"": {""filed_date"": ""2026-08-04"", ""form_type"": ""10-Q""}, ""cash_and_equivalents"": {""filed_date"": ""2026-08-04"", ""form_type"": ""10-Q""}, ""ppe"": {""filed_date"": ""2026-08-04"", ""form_type"": ""10-Q""}, ""stockholders_equity"": {""filed_date"": ""2026-08-04"", ""form_type"": ""10-Q""}, ""operating_cash_flow"": {""filed_date"": ""2026-08-04"", ""form_type"": ""10-Q""}, ""capex"": {""filed_date"": ""2026-08-04"", ""form_type"": ""10-Q""}, ""total_debt"": {""filed_date"": ""2026-08-04"", ""form_type"": ""10-Q""}, ""shares_outstanding"": {""filed_date"": ""2026-08-04"", ""form_type"": ""10-Q""}}",141
BWA,BorgWarner Inc.,0.04622920122821542,0.10706703063390961,6,,0.10425122544726517,3,3,1,9,4,0.05155071248952221,0.05155071248952221,1.4219653179190752,68.66,13983732611.488464,882500000.0,0.0,14316000000.0,519000000.0,706000000.0,Consumer Discretionary,0.02,2026-08-17T07:16:15.737884,True,True,2026-08-17T07:04:15.149357,"{""revenue"": {""filed_date"": ""2026-02-11"", ""form_type"": ""10-K""}, ""operating_income"": {""filed_date"": ""2026-08-05"", ""form_type"": ""10-Q""}, ""net_income"": {""filed_date"": ""2026-08-05"", ""form_type"": ""10-Q""}, ""total_assets"": {""filed_date"": ""2026-08-05"", ""form_type"": ""10-Q""}, ""current_assets"": {""filed_date"": ""2026-08-05"", ""form_type"": ""10-Q""}, ""current_liabilities"": {""filed_date"": ""2026-08-05"", ""form_type"": ""10-Q""}, ""long_term_debt"": {""filed_date"": ""2020-10-29"", ""form_type"": ""10-Q""}, ""cash_and_equivalents"": {""filed_date"": ""2022-05-04"", ""form_type"": ""10-Q""}, ""ppe"": {""filed_date"": ""2020-05-06"", ""form_type"": ""10-Q""}, ""stockholders_equity"": {""filed_date"": ""2026-08-05"", ""form_type"": ""10-Q""}, ""operating_cash_flow"": {""filed_date"": ""2026-08-05"", ""form_type"": ""10-Q""}, ""total_debt"": {""filed_date"": ""2020-10-29"", ""form_type"": ""10-Q""}, ""shares_outstanding"": {""filed_date"": ""2026-02-11"", ""form_type"": ""10-K""}}",142
MO,"Altria Group, Inc.",0.04618224354196689,0.0,3,,0.018934118685521115,2,4,2,8,3,0.2637143599965335,0.2637143599965335,0.6790894889533586,65.7,109702170842.54593,7615000000.0,0.0,11539000000.0,4481000000.0,6092000000.0,Consumer Staples,0.19,2026-08-17T07:16:15.723878,True,True,2026-08-17T07:04:15.149357,"{""revenue"": {""filed_date"": ""2026-07-30"", ""form_type"": ""10-Q""}, ""operating_income"": {""filed_date"": ""2026-07-30"", ""form_type"": ""10-Q""}, ""net_income"": {""filed_date"": ""2026-07-30"", ""form_type"": ""10-Q""}, ""total_assets"": {""filed_date"": ""2026-07-30"", ""form_type"": ""10-Q""}, ""current_assets"": {""filed_date"": ""2026-07-30"", ""form_type"": ""10-Q""}, ""current_liabilities"": {""filed_date"": ""2026-07-30"", ""form_type"": ""10-Q""}, ""long_term_debt"": {""filed_date"": ""2026-07-30"", ""form_type"": ""10-Q""}, ""cash_and_equivalents"": {""filed_date"": ""2026-07-30"", ""form_type"": ""10-Q""}, ""ppe"": {""filed_date"": ""2026-07-30"", ""form_type"": ""10-Q""}, ""stockholders_equity"": {""filed_date"": ""2026-07-30"", ""form_type"": ""10-Q""}, ""operating_cash_flow"": {""filed_date"": ""2026-07-30"", ""form_type"": ""10-Q""}, ""capex"": {""filed_date"": ""2026-07-30"", ""form_type"": ""10-Q""}, ""total_debt"": {""filed_date"": ""2026-07-30"", ""form_type"": ""10-Q""}, ""shares_outstanding"": {""filed_date"": ""2026-02-25"", ""form_type"": ""10-K""}}",143
TTEK,"Tetra Tech, Inc.",0.04595132610145468,1.3924889281404775,5,,0.032417640146212325,2,5,0,10,4,0.5544288664792241,0.5544288664792241,3.8886221755473875,36.51,9348181636.51793,538052500.0,0.0,841502000.0,119979000.0,430442000.0,Industrials,0.02,2026-08-17T07:16:15.737668,True,True,2026-08-17T07:04:15.149357,"{""revenue"": {""filed_date"": ""2019-11-29"", ""form_type"": ""10-K""}, ""operating_income"": {""filed_date"": ""2026-07-31"", ""form_type"": ""10-Q""}, ""net_income"": {""filed_date"": ""2025-08-01"", ""form_type"": ""10-Q""}, ""total_assets"": {""filed_date"": ""2026-07-31"", ""form_type"": ""10-Q""}, ""current_assets"": {""filed_date"": ""2026-07-31"", ""form_type"": ""10-Q""}, ""current_liabilities"": {""filed_date"": ""2026-07-31"", ""form_type"": ""10-Q""}, ""long_term_debt"": {""filed_date"": ""2026-07-31"", ""form_type"": ""10-Q""}, ""cash_and_equivalents"": {""filed_date"": ""2026-07-31"", ""form_type"": ""10-Q""}, ""ppe"": {""filed_date"": ""2026-07-31"", ""form_type"": ""10-Q""}, ""stockholders_equity"": {""filed_date"": ""2026-07-31"", ""form_type"": ""10-Q""}, ""operating_cash_flow"": {""filed_date"": ""2026-07-31"", ""form_type"": ""10-Q""}, ""capex"": {""filed_date"": ""2026-07-31"", ""form_type"": ""10-Q""}, ""total_debt"": {""filed_date"": ""2025-05-08"", ""form_type"": ""10-Q""}, ""shares_outstanding"": {""filed_date"": ""2026-07-31"", ""form_type"": ""10-Q""}}",144
QRVO,"Qorvo, Inc.",0.04578722319297771,0.17857339724099797,6,,0.16395775945801883,3,5,0,10,5,0.21982527197781063,0.21982527197781063,2.3854195858862677,98.11,8655424467.476212,514280000.0,0.0,3678517000.0,338989000.0,411424000.0,Information Technology,0.01,2026-08-17T07:16:15.738823,True,True,2026-08-17T07:04:15.149357,"{""revenue"": {""filed_date"": ""2026-05-08"", ""form_type"": ""10-K""}, ""operating_income"": {""filed_date"": ""2026-05-08"", ""form_type"": ""10-K""}, ""net_income"": {""filed_date"": ""2026-05-08"", ""form_type"": ""10-K""}, ""total_assets"": {""filed_date"": ""2026-05-08"", ""form_type"": ""10-K""}, ""current_assets"": {""filed_date"": ""2026-05-08"", ""form_type"": ""10-K""}, ""current_liabilities"": {""filed_date"": ""2026-05-08"", ""form_type"": ""10-K""}, ""long_term_debt"": {""filed_date"": ""2026-05-08"", ""form_type"": ""10-K""}, ""cash_and_equivalents"": {""filed_date"": ""2026-05-08"", ""form_type"": ""10-K""}, ""ppe"": {""filed_date"": ""2026-05-08"", ""form_type"": ""10-K""}, ""stockholders_equity"": {""filed_date"": ""2026-05-08"", ""form_type"": ""10-K""}, ""operating_cash_flow"": {""filed_date"": ""2026-05-08"", ""form_type"": ""10-K""}, ""capex"": {""filed_date"": ""2026-05-08"", ""form_type"": ""10-K""}, ""total_debt"": {""filed_date"": ""2026-05-08"", ""form_type"": ""10-K""}, ""shares_outstanding"": {""filed_date"": ""2026-05-08"", ""form_type"": ""10-K""}}",145
HON,Honeywell International Inc.,0.04573301909692971,0.42734548259569954,3,,-0.06821809263804442,1,2,2,6,1,0.03340091772489596,0.03340091772489596,0.09626326310933415,233.96,74151286867.49313,5540000000.0,0.0,18742000000.0,6503000000.0,4432000000.0,Industrials,0.24,2026-08-17T07:16:15.723303,True,True,2026-08-17T07:04:15.149357,"{""revenue"": {""filed_date"": ""2012-07-18"", ""form_type"": ""10-Q""}, ""operating_income"": {""filed_date"": ""2026-07-23"", ""form_type"": ""10-Q""}, ""net_income"": {""filed_date"": ""2026-07-23"", ""form_type"": ""10-Q""}, ""total_assets"": {""filed_date"": ""2026-07-23"", ""form_type"": ""10-Q""}, ""current_assets"": {""filed_date"": ""2026-07-23"", ""form_type"": ""10-Q""}, ""current_liabilities"": {""filed_date"": ""2026-07-23"", ""form_type"": ""10-Q""}, ""long_term_debt"": {""filed_date"": ""2026-07-23"", ""form_type"": ""10-Q""}, ""cash_and_equivalents"": {""filed_date"": ""2026-07-23"", ""form_type"": ""10-Q""}, ""ppe"": {""filed_date"": ""2023-10-26"", ""form_type"": ""10-Q""}, ""stockholders_equity"": {""filed_date"": ""2026-07-23"", ""form_type"": ""10-Q""}, ""operating_cash_flow"": {""filed_date"": ""2026-07-23"", ""form_type"": ""10-Q""}, ""capex"": {""filed_date"": ""2026-07-23"", ""form_type"": ""10-Q""}, ""total_debt"": {""filed_date"": ""2026-07-23"", ""form_type"": ""10-Q""}, ""shares_outstanding"": {""filed_date"": ""2026-07-23"", ""form_type"": ""10-Q""}}",146
ADBE,Adobe Inc.,0.04570443777305009,0.0,5,,0.013706955804643452,2,5,2,10,4,0.3935925015365704,0.3935925015365704,1.4226603721188558,264.02,104947945632.93457,5820000000.0,0.0,13016000000.0,3601000000.0,4656000000.0,Information Technology,0.26,2026-08-17T07:16:15.723173,True,True,2026-08-17T07:04:15.149357,"{""revenue"": {""filed_date"": ""2026-06-15"", ""form_type"": ""10-Q""}, ""operating_income"": {""filed_date"": ""2026-06-15"", ""form_type"": ""10-Q""}, ""net_income"": {""filed_date"": ""2026-06-15"", ""form_type"": ""10-Q""}, ""total_assets"": {""filed_date"": ""2026-06-15"", ""form_type"": ""10-Q""}, ""current_assets"": {""filed_date"": ""2026-06-15"", ""form_type"": ""10-Q""}, ""current_liabilities"": {""filed_date"": ""2026-06-15"", ""form_type"": ""10-Q""}, ""long_term_debt"": {""filed_date"": ""2026-06-15"", ""form_type"": ""10-Q""}, ""cash_and_equivalents"": {""filed_date"": ""2026-06-15"", ""form_type"": ""10-Q""}, ""ppe"": {""filed_date"": ""2026-06-15"", ""form_type"": ""10-Q""}, ""stockholders_equity"": {""filed_date"": ""2026-06-15"", ""form_type"": ""10-Q""}, ""operating_cash_flow"": {""filed_date"": ""2026-06-15"", ""form_type"": ""10-Q""}, ""capex"": {""filed_date"": ""2026-06-15"", ""form_type"": ""10-Q""}, ""total_debt"": {""filed_date"": ""2026-06-15"", ""form_type"": ""10-Q""}, ""shares_outstanding"": {""filed_date"": ""2026-06-15"", ""form_type"": ""10-Q""}}",147
JKHY,"Jack Henry & Associates, Inc.",0.04568165974684987,1.0653136973180077,6,,-0.025418519632571253,1,5,0,10,4,0.29889698249970875,0.29889698249970875,1.1729975047822878,153.31,10892794908.336182,622825000.0,0.0,1536603000.0,391549000.0,498260000.0,Financials,0.02,2026-08-17T07:16:15.735645,True,True,2026-08-17T07:04:15.149357,"{""revenue"": {""filed_date"": ""2018-08-24"", ""form_type"": ""10-K""}, ""operating_income"": {""filed_date"": ""2026-05-07"", ""form_type"": ""10-Q""}, ""net_income"": {""filed_date"": ""2026-05-07"", ""form_type"": ""10-Q""}, ""total_assets"": {""filed_date"": ""2026-05-07"", ""form_type"": ""10-Q""}, ""current_assets"": {""filed_date"": ""2026-05-07"", ""form_type"": ""10-Q""}, ""current_liabilities"": {""filed_date"": ""2026-05-07"", ""form_type"": ""10-Q""}, ""long_term_debt"": {""filed_date"": ""2025-08-25"", ""form_type"": ""10-K""}, ""cash_and_equivalents"": {""filed_date"": ""2026-05-07"", ""form_type"": ""10-Q""}, ""ppe"": {""filed_date"": ""2026-05-07"", ""form_type"": ""10-Q""}, ""stockholders_equity"": {""filed_date"": ""2026-05-07"", ""form_type"": ""10-Q""}, ""operating_cash_flow"": {""filed_date"": ""2026-05-07"", ""form_type"": ""10-Q""}, ""capex"": {""filed_date"": ""2026-05-07"", ""form_type"": ""10-Q""}, ""total_debt"": {""filed_date"": ""2019-05-09"", ""form_type"": ""10-Q""}, ""shares_outstanding"": {""filed_date"": ""2026-05-07"", ""form_type"": ""10-Q""}}",148
FANG,"Diamondback Energy, Inc.",0.04548160059713775,0.041227409638554216,5,,0.2214744861095219,3,5,1,10,4,0.5526423178943073,0.5526423178943073,2.840587309910855,202.47,56695607628.061035,3285000000.0,0.0,9802000000.0,1907000000.0,2628000000.0,Energy,0.05,2026-08-17T07:16:15.729863,True,True,2026-08-17T07:04:15.149357,"{""revenue"": {""filed_date"": ""2026-08-05"", ""form_type"": ""10-Q""}, ""operating_income"": {""filed_date"": ""2026-08-05"", ""form_type"": ""10-Q""}, ""net_income"": {""filed_date"": ""2026-08-05"", ""form_type"": ""10-Q""}, ""total_assets"": {""filed_date"": ""2026-08-05"", ""form_type"": ""10-Q""}, ""current_assets"": {""filed_date"": ""2026-08-05"", ""form_type"": ""10-Q""}, ""current_liabilities"": {""filed_date"": ""2026-08-05"", ""form_type"": ""10-Q""}, ""long_term_debt"": {""filed_date"": ""2026-08-05"", ""form_type"": ""10-Q""}, ""cash_and_equivalents"": {""filed_date"": ""2026-08-05"", ""form_type"": ""10-Q""}, ""ppe"": {""filed_date"": ""2026-08-05"", ""form_type"": ""10-Q""}, ""stockholders_equity"": {""filed_date"": ""2026-08-05"", ""form_type"": ""10-Q""}, ""operating_cash_flow"": {""filed_date"": ""2026-08-05"", ""form_type"": ""10-Q""}, ""total_debt"": {""filed_date"": ""2026-08-05"", ""form_type"": ""10-Q""}, ""shares_outstanding"": {""filed_date"": ""2026-08-05"", ""form_type"": ""10-Q""}}",149
CPRT,"Copart, Inc.",0.045284718719371744,0.15564856336640098,5,,-0.15751598548259632,1,5,0,10,3,2.3721671273582303,2.3721671273582303,1.0778875685375853,31.61,30450178732.63678,1604607500.0,0.0,525659000.0,1156847000.0,1283686000.0,Industrials,0.07,2026-08-17T07:16:15.727679,True,True,2026-08-17T07:04:15.149357,"{""revenue"": {""filed_date"": ""2020-09-28"", ""form_type"": ""10-K""}, ""operating_income"": {""filed_date"": ""2026-05-29"", ""form_type"": ""10-Q""}, ""net_income"": {""filed_date"": ""2026-05-29"", ""form_type"": ""10-Q""}, ""total_assets"": {""filed_date"": ""2026-05-29"", ""form_type"": ""10-Q""}, ""current_assets"": {""filed_date"": ""2026-05-29"", ""form_type"": ""10-Q""}, ""current_liabilities"": {""filed_date"": ""2026-05-29"", ""form_type"": ""10-Q""}, ""long_term_debt"": {""filed_date"": ""2023-09-28"", ""form_type"": ""10-K""}, ""cash_and_equivalents"": {""filed_date"": ""2023-05-25"", ""form_type"": ""10-Q""}, ""ppe"": {""filed_date"": ""2026-05-29"", ""form_type"": ""10-Q""}, ""stockholders_equity"": {""filed_date"": ""2023-09-28"", ""form_type"": ""10-K""}, ""operating_cash_flow"": {""filed_date"": ""2026-05-29"", ""form_type"": ""10-Q""}, ""capex"": {""filed_date"": ""2026-05-29"", ""form_type"": ""10-Q""}, ""total_debt"": {""filed_date"": ""2023-09-28"", ""form_type"": ""10-K""}, ""shares_outstanding"": {""filed_date"": ""2026-05-29"", ""form_type"": ""10-Q""}}",150
CCK,"Crown Holdings, Inc.",0.04528402729490168,0.15278289716181348,5,,0.08934625980635429,2,3,0,7,3,0.0790167865707434,0.0790167865707434,1.569047619047619,119.02,12944675654.118187,1036250000.0,0.0,8340000000.0,420000000.0,829000000.0,Materials,0.02,2026-08-17T07:16:15.736012,True,True,2026-08-17T07:04:15.149357,"{""revenue"": {""filed_date"": ""2021-11-01"", ""form_type"": ""10-Q""}, ""operating_income"": {""filed_date"": ""2026-07-30"", ""form_type"": ""10-Q""}, ""net_income"": {""filed_date"": ""2026-07-30"", ""form_type"": ""10-Q""}, ""total_assets"": {""filed_date"": ""2026-07-30"", ""form_type"": ""10-Q""}, ""current_assets"": {""filed_date"": ""2026-07-30"", ""form_type"": ""10-Q""}, ""current_liabilities"": {""filed_date"": ""2026-07-30"", ""form_type"": ""10-Q""}, ""long_term_debt"": {""filed_date"": ""2026-07-30"", ""form_type"": ""10-Q""}, ""cash_and_equivalents"": {""filed_date"": ""2026-07-30"", ""form_type"": ""10-Q""}, ""ppe"": {""filed_date"": ""2026-07-30"", ""form_type"": ""10-Q""}, ""stockholders_equity"": {""filed_date"": ""2026-07-30"", ""form_type"": ""10-Q""}, ""operating_cash_flow"": {""filed_date"": ""2026-07-30"", ""form_type"": ""10-Q""}, ""capex"": {""filed_date"": ""2026-07-30"", ""form_type"": ""10-Q""}, ""total_debt"": {""filed_date"": ""2026-07-30"", ""form_type"": ""10-Q""}, ""shares_outstanding"": {""filed_date"": ""2026-02-27"", ""form_type"": ""10-K""}}",151
AYI,Acuity Inc.,0.045013974481739244,0.4138253549868208,6,,0.15340666929329028,3,5,0,10,5,0.15030338052585956,0.15030338052585956,1.4518559866034049,358.43,10729797891.955505,608375000.0,0.0,3461000000.0,358300000.0,486700000.0,Industrials,0.02,2026-08-17T07:16:15.737539,True,True,2026-08-17T07:04:15.149357,"{""revenue"": {""filed_date"": ""2021-10-27"", ""form_type"": ""10-K""}, ""operating_income"": {""filed_date"": ""2026-06-25"", ""form_type"": ""10-Q""}, ""net_income"": {""filed_date"": ""2026-06-25"", ""form_type"": ""10-Q""}, ""total_assets"": {""filed_date"": ""2026-06-25"", ""form_type"": ""10-Q""}, ""current_assets"": {""filed_date"": ""2026-06-25"", ""form_type"": ""10-Q""}, ""current_liabilities"": {""filed_date"": ""2026-06-25"", ""form_type"": ""10-Q""}, ""long_term_debt"": {""filed_date"": ""2021-10-27"", ""form_type"": ""10-K""}, ""cash_and_equivalents"": {""filed_date"": ""2026-06-25"", ""form_type"": ""10-Q""}, ""ppe"": {""filed_date"": ""2026-06-25"", ""form_type"": ""10-Q""}, ""stockholders_equity"": {""filed_date"": ""2026-06-25"", ""form_type"": ""10-Q""}, ""operating_cash_flow"": {""filed_date"": ""2026-06-25"", ""form_type"": ""10-Q""}, ""capex"": {""filed_date"": ""2026-06-25"", ""form_type"": ""10-Q""}, ""total_debt"": {""filed_date"": ""2021-10-27"", ""form_type"": ""10-K""}, ""shares_outstanding"": {""filed_date"": ""2016-10-27"", ""form_type"": ""10-K""}}",152
AZO,"AutoZone, Inc.",0.04484179373147295,0.3593628009970963,6,,-0.19160876536611438,1,5,1,10,4,0.15422270182863,0.15422270182863,1.2915065678593494,3025.0,49384198875.0,3007976250.0,0.0,13743677000.0,1641174000.0,2406381000.0,Consumer Discretionary,0.11,2026-08-17T07:16:15.725385,True,True,2026-08-17T07:04:15.149357,"{""revenue"": {""filed_date"": ""2026-06-12"", ""form_type"": ""10-Q""}, ""operating_income"": {""filed_date"": ""2026-06-12"", ""form_type"": ""10-Q""}, ""net_income"": {""filed_date"": ""2026-06-12"", ""form_type"": ""10-Q""}, ""total_assets"": {""filed_date"": ""2026-06-12"", ""form_type"": ""10-Q""}, ""current_assets"": {""filed_date"": ""2026-06-12"", ""form_type"": ""10-Q""}, ""current_liabilities"": {""filed_date"": ""2026-06-12"", ""form_type"": ""10-Q""}, ""long_term_debt"": {""filed_date"": ""2015-06-17"", ""form_type"": ""10-Q""}, ""cash_and_equivalents"": {""filed_date"": ""2026-06-12"", ""form_type"": ""10-Q""}, ""ppe"": {""filed_date"": ""2026-06-12"", ""form_type"": ""10-Q""}, ""stockholders_equity"": {""filed_date"": ""2026-06-12"", ""form_type"": ""10-Q""}, ""operating_cash_flow"": {""filed_date"": ""2026-06-12"", ""form_type"": ""10-Q""}, ""capex"": {""filed_date"": ""2026-06-12"", ""form_type"": ""10-Q""}, ""total_debt"": {""filed_date"": ""2015-06-17"", ""form_type"": ""10-Q""}, ""shares_outstanding"": {""filed_date"": ""2019-06-07"", ""form_type"": ""10-Q""}}",153
PSX,Phillips 66,0.04459194695406147,0.14066132334061968,6,,0.5000031842281749,3,3,2,9,4,0.0597888537776501,0.0597888537776501,1.2321164282190429,233.61,93215276430.30304,5067500000.0,0.0,83544000000.0,4054000000.0,4054000000.0,Energy,0.09,2026-08-17T07:16:15.726478,True,True,2026-08-17T07:04:15.149357,"{""revenue"": {""filed_date"": ""2026-08-05"", ""form_type"": ""10-Q""}, ""operating_income"": {""filed_date"": ""2026-08-05"", ""form_type"": ""10-Q""}, ""net_income"": {""filed_date"": ""2026-08-05"", ""form_type"": ""10-Q""}, ""total_assets"": {""filed_date"": ""2026-08-05"", ""form_type"": ""10-Q""}, ""current_assets"": {""filed_date"": ""2026-08-05"", ""form_type"": ""10-Q""}, ""current_liabilities"": {""filed_date"": ""2026-08-05"", ""form_type"": ""10-Q""}, ""long_term_debt"": {""filed_date"": ""2016-02-19"", ""form_type"": ""10-K""}, ""cash_and_equivalents"": {""filed_date"": ""2026-08-05"", ""form_type"": ""10-Q""}, ""ppe"": {""filed_date"": ""2019-10-25"", ""form_type"": ""10-Q""}, ""stockholders_equity"": {""filed_date"": ""2026-08-05"", ""form_type"": ""10-Q""}, ""operating_cash_flow"": {""filed_date"": ""2026-08-05"", ""form_type"": ""10-Q""}, ""total_debt"": {""filed_date"": ""2026-08-05"", ""form_type"": ""10-Q""}, ""shares_outstanding"": {""filed_date"": ""2026-08-05"", ""form_type"": ""10-Q""}}",154
AIZ,"Assurant, Inc.",0.044504181820705244,0.05340501818484629,5,,0.2818898043589663,3,4,0,8,4,0.10105756222451741,0.10105756222451741,1.213026017111926,282.38,13928045566.298706,803125000.0,0.0,6874300000.0,572700000.0,642500000.0,Financials,0.02,2026-08-17T07:16:15.736623,True,True,2026-08-17T07:04:15.149357,"{""revenue"": {""filed_date"": ""2026-08-06"", ""form_type"": ""10-Q""}, ""operating_income"": {""filed_date"": ""2024-02-15"", ""form_type"": ""10-K""}, ""net_income"": {""filed_date"": ""2026-08-06"", ""form_type"": ""10-Q""}, ""total_assets"": {""filed_date"": ""2026-08-06"", ""form_type"": ""10-Q""}, ""long_term_debt"": {""filed_date"": ""2020-05-08"", ""form_type"": ""10-Q""}, ""cash_and_equivalents"": {""filed_date"": ""2026-08-06"", ""form_type"": ""10-Q""}, ""ppe"": {""filed_date"": ""2026-08-06"", ""form_type"": ""10-Q""}, ""stockholders_equity"": {""filed_date"": ""2026-08-06"", ""form_type"": ""10-Q""}, ""operating_cash_flow"": {""filed_date"": ""2026-08-06"", ""form_type"": ""10-Q""}, ""capex"": {""filed_date"": ""2026-08-06"", ""form_type"": ""10-Q""}, ""total_debt"": {""filed_date"": ""2020-05-08"", ""form_type"": ""10-Q""}, ""shares_outstanding"": {""filed_date"": ""2026-08-06"", ""form_type"": ""10-Q""}}",155
TOL,"Toll Brothers, Inc.",0.044356051456088536,0.05322726174730624,4,,-0.09170249714387521,1,2,0,5,2,0.019839406612500908,0.019839406612500908,0.3005537375695353,148.27,13858945569.351196,707115000.0,0.0,7143258000.0,471523000.0,565692000.0,Consumer Discretionary,0.02,2026-08-17T07:16:15.734789,True,True,2026-08-17T07:04:15.149357,"{""revenue"": {""filed_date"": ""2019-12-26"", ""form_type"": ""10-K""}, ""operating_income"": {""filed_date"": ""2026-05-29"", ""form_type"": ""10-Q""}, ""net_income"": {""filed_date"": ""2026-05-29"", ""form_type"": ""10-Q""}, ""total_assets"": {""filed_date"": ""2026-05-29"", ""form_type"": ""10-Q""}, ""cash_and_equivalents"": {""filed_date"": ""2026-05-29"", ""form_type"": ""10-Q""}, ""ppe"": {""filed_date"": ""2026-05-29"", ""form_type"": ""10-Q""}, ""stockholders_equity"": {""filed_date"": ""2026-05-29"", ""form_type"": ""10-Q""}, ""operating_cash_flow"": {""filed_date"": ""2026-05-29"", ""form_type"": ""10-Q""}, ""capex"": {""filed_date"": ""2026-05-29"", ""form_type"": ""10-Q""}, ""shares_outstanding"": {""filed_date"": ""2025-12-19"", ""form_type"": ""10-K""}}",156
AFG,"American Financial Group, Inc.",0.04435181369023572,0.053222176428282864,5,,0.13048537855371853,3,5,0,10,4,0.14572605561277033,0.14572605561277033,1.2892938496583144,146.29,12130580704.41629,693750000.0,0.0,3884000000.0,439000000.0,555000000.0,Financials,0.01,2026-08-17T07:16:15.738571,True,True,2026-08-17T07:04:15.149357,"{""revenue"": {""filed_date"": ""2026-08-06"", ""form_type"": ""10-Q""}, ""operating_income"": {""filed_date"": ""2026-08-06"", ""form_type"": ""10-Q""}, ""net_income"": {""filed_date"": ""2026-08-06"", ""form_type"": ""10-Q""}, ""total_assets"": {""filed_date"": ""2026-08-06"", ""form_type"": ""10-Q""}, ""long_term_debt"": {""filed_date"": ""2026-08-06"", ""form_type"": ""10-Q""}, ""cash_and_equivalents"": {""filed_date"": ""2026-08-06"", ""form_type"": ""10-Q""}, ""stockholders_equity"": {""filed_date"": ""2026-08-06"", ""form_type"": ""10-Q""}, ""operating_cash_flow"": {""filed_date"": ""2026-08-06"", ""form_type"": ""10-Q""}, ""total_debt"": {""filed_date"": ""2026-08-06"", ""form_type"": ""10-Q""}, ""shares_outstanding"": {""filed_date"": ""2026-08-06"", ""form_type"": ""10-Q""}}",157
SSNC,"SS&C Technologies Holdings, Inc.",0.043569121341205,1.3350253807106598,5,,0.14935914299194283,3,5,0,10,4,1.6979160000853224,1.6979160000853224,1.5543501844217835,81.5,19124382174.0,1019125000.0,0.0,421929000.0,460900000.0,815300000.0,Industrials,0.03,2026-08-17T07:16:15.732323,True,True,2026-08-17T07:04:15.149357,"{""revenue"": {""filed_date"": ""2018-05-10"", ""form_type"": ""10-Q""}, ""operating_income"": {""filed_date"": ""2026-07-30"", ""form_type"": ""10-Q""}, ""net_income"": {""filed_date"": ""2026-07-30"", ""form_type"": ""10-Q""}, ""total_assets"": {""filed_date"": ""2026-07-30"", ""form_type"": ""10-Q""}, ""current_assets"": {""filed_date"": ""2026-07-30"", ""form_type"": ""10-Q""}, ""current_liabilities"": {""filed_date"": ""2026-07-30"", ""form_type"": ""10-Q""}, ""long_term_debt"": {""filed_date"": ""2014-11-05"", ""form_type"": ""10-Q""}, ""cash_and_equivalents"": {""filed_date"": ""2026-07-30"", ""form_type"": ""10-Q""}, ""ppe"": {""filed_date"": ""2026-07-30"", ""form_type"": ""10-Q""}, ""stockholders_equity"": {""filed_date"": ""2026-07-30"", ""form_type"": ""10-Q""}, ""operating_cash_flow"": {""filed_date"": ""2026-07-30"", ""form_type"": ""10-Q""}, ""capex"": {""filed_date"": ""2026-07-30"", ""form_type"": ""10-Q""}, ""total_debt"": {""filed_date"": ""2014-02-27"", ""form_type"": ""10-K""}, ""shares_outstanding"": {""filed_date"": ""2026-07-30"", ""form_type"": ""10-Q""}}",158
MORN,"Morningstar, Inc.",0.04331943248087,1.075798776342624,5,,0.3180033882817269,3,5,0,10,4,0.1889908256880734,0.1889908256880734,1.3508196721311476,207.41,7780689898.4888,395625000.0,0.0,1308000000.0,183000000.0,316500000.0,Financials,0.01,2026-08-17T07:16:15.743459,True,True,2026-08-17T07:04:15.149357,"{""revenue"": {""filed_date"": ""2026-07-29"", ""form_type"": ""10-Q""}, ""operating_income"": {""filed_date"": ""2026-07-29"", ""form_type"": ""10-Q""}, ""net_income"": {""filed_date"": ""2019-03-01"", ""form_type"": ""10-K""}, ""total_assets"": {""filed_date"": ""2026-07-29"", ""form_type"": ""10-Q""}, ""current_assets"": {""filed_date"": ""2026-07-29"", ""form_type"": ""10-Q""}, ""current_liabilities"": {""filed_date"": ""2026-07-29"", ""form_type"": ""10-Q""}, ""long_term_debt"": {""filed_date"": ""2026-07-29"", ""form_type"": ""10-Q""}, ""cash_and_equivalents"": {""filed_date"": ""2026-02-13"", ""form_type"": ""10-K""}, ""ppe"": {""filed_date"": ""2026-07-29"", ""form_type"": ""10-Q""}, ""stockholders_equity"": {""filed_date"": ""2018-05-03"", ""form_type"": ""10-Q""}, ""operating_cash_flow"": {""filed_date"": ""2026-07-29"", ""form_type"": ""10-Q""}, ""capex"": {""filed_date"": ""2026-07-29"", ""form_type"": ""10-Q""}, ""total_debt"": {""filed_date"": ""2025-02-28"", ""form_type"": ""10-K""}, ""shares_outstanding"": {""filed_date"": ""2026-07-29"", ""form_type"": ""10-Q""}}",159
FICO,Fair Isaac Corporation,0.04303523387778838,4.394537297677692,5,,-0.19667057642097532,1,5,0,10,3,2.0779151395997393,2.0779151395997393,1.1786007033301364,1085.78,23450280763.043213,1248927500.0,0.0,374356000.0,660003000.0,999142000.0,Information Technology,0.06,2026-08-17T07:16:15.728922,True,True,2026-08-17T07:04:15.149357,"{""revenue"": {""filed_date"": ""2020-11-12"", ""form_type"": ""10-K""}, ""operating_income"": {""filed_date"": ""2026-07-29"", ""form_type"": ""10-Q""}, ""net_income"": {""filed_date"": ""2026-07-29"", ""form_type"": ""10-Q""}, ""total_assets"": {""filed_date"": ""2026-07-29"", ""form_type"": ""10-Q""}, ""current_assets"": {""filed_date"": ""2026-07-29"", ""form_type"": ""10-Q""}, ""current_liabilities"": {""filed_date"": ""2026-07-29"", ""form_type"": ""10-Q""}, ""long_term_debt"": {""filed_date"": ""2026-07-29"", ""form_type"": ""10-Q""}, ""cash_and_equivalents"": {""filed_date"": ""2026-07-29"", ""form_type"": ""10-Q""}, ""ppe"": {""filed_date"": ""2026-07-29"", ""form_type"": ""10-Q""}, ""stockholders_equity"": {""filed_date"": ""2026-07-29"", ""form_type"": ""10-Q""}, ""operating_cash_flow"": {""filed_date"": ""2026-07-29"", ""form_type"": ""10-Q""}, ""capex"": {""filed_date"": ""2026-07-29"", ""form_type"": ""10-Q""}, ""total_debt"": {""filed_date"": ""2025-04-29"", ""form_type"": ""10-Q""}, ""shares_outstanding"": {""filed_date"": ""2026-07-29"", ""form_type"": ""10-Q""}}",160
AIT,"Applied Industrial Technologies, Inc.",0.042712251559405334,0.5004412692890237,5,,0.30449278955242365,3,5,0,10,4,45.98043313069909,45.98043313069909,1.1677992883420782,361.95,13283151377.184082,686836250.0,0.0,10528000.0,414525000.0,549469000.0,Industrials,0.02,2026-08-17T07:16:15.737475,True,True,2026-08-17T07:04:15.149357,"{""revenue"": {""filed_date"": ""2017-01-27"", ""form_type"": ""10-Q""}, ""operating_income"": {""filed_date"": ""2026-08-13"", ""form_type"": ""10-K""}, ""net_income"": {""filed_date"": ""2026-08-13"", ""form_type"": ""10-K""}, ""total_assets"": {""filed_date"": ""2026-08-13"", ""form_type"": ""10-K""}, ""current_assets"": {""filed_date"": ""2026-08-13"", ""form_type"": ""10-K""}, ""current_liabilities"": {""filed_date"": ""2026-08-13"", ""form_type"": ""10-K""}, ""long_term_debt"": {""filed_date"": ""2026-08-13"", ""form_type"": ""10-K""}, ""cash_and_equivalents"": {""filed_date"": ""2025-10-28"", ""form_type"": ""10-Q""}, ""ppe"": {""filed_date"": ""2026-08-13"", ""form_type"": ""10-K""}, ""stockholders_equity"": {""filed_date"": ""2026-08-13"", ""form_type"": ""10-K""}, ""operating_cash_flow"": {""filed_date"": ""2026-08-13"", ""form_type"": ""10-K""}, ""capex"": {""filed_date"": ""2011-05-04"", ""form_type"": ""10-Q""}, ""total_debt"": {""filed_date"": ""2011-08-17"", ""form_type"": ""10-K""}, ""shares_outstanding"": {""filed_date"": ""2026-08-13"", ""form_type"": ""10-K""}}",161
QCOM,QUALCOMM Incorporated,0.042444729716928725,0.4344359828653022,5,,0.17416179297312795,3,4,2,10,4,0.256265625952802,0.256265625952802,0.6790821685384181,165.79,174079492950.43945,9127500000.0,0.0,32798000000.0,12377000000.0,7302000000.0,Information Technology,0.29,2026-08-17T07:16:15.722816,True,True,2026-08-17T07:04:15.149357,"{""revenue"": {""filed_date"": ""2026-07-29"", ""form_type"": ""10-Q""}, ""operating_income"": {""filed_date"": ""2026-07-29"", ""form_type"": ""10-Q""}, ""net_income"": {""filed_date"": ""2026-07-29"", ""form_type"": ""10-Q""}, ""total_assets"": {""filed_date"": ""2026-07-29"", ""form_type"": ""10-Q""}, ""current_assets"": {""filed_date"": ""2026-07-29"", ""form_type"": ""10-Q""}, ""current_liabilities"": {""filed_date"": ""2026-07-29"", ""form_type"": ""10-Q""}, ""long_term_debt"": {""filed_date"": ""2026-07-29"", ""form_type"": ""10-Q""}, ""cash_and_equivalents"": {""filed_date"": ""2026-07-29"", ""form_type"": ""10-Q""}, ""ppe"": {""filed_date"": ""2026-07-29"", ""form_type"": ""10-Q""}, ""stockholders_equity"": {""filed_date"": ""2019-11-06"", ""form_type"": ""10-K""}, ""operating_cash_flow"": {""filed_date"": ""2026-07-29"", ""form_type"": ""10-Q""}, ""total_debt"": {""filed_date"": ""2026-07-29"", ""form_type"": ""10-Q""}, ""shares_outstanding"": {""filed_date"": ""2026-07-29"", ""form_type"": ""10-Q""}}",162
LVS,Las Vegas Sands Corp.,0.04220365474885923,0.13285614525139663,4,,-0.18644101589837658,1,5,0,9,3,0.20967502596824455,0.20967502596824455,1.547645125958379,46.23,29943225439.825928,1902500000.0,0.0,6739000000.0,913000000.0,1522000000.0,Consumer Discretionary,0.03,2026-08-17T07:16:15.732808,True,True,2026-08-17T07:04:15.149357,"{""revenue"": {""filed_date"": ""2026-07-24"", ""form_type"": ""10-Q""}, ""operating_income"": {""filed_date"": ""2026-07-24"", ""form_type"": ""10-Q""}, ""net_income"": {""filed_date"": ""2026-07-24"", ""form_type"": ""10-Q""}, ""total_assets"": {""filed_date"": ""2026-07-24"", ""form_type"": ""10-Q""}, ""current_assets"": {""filed_date"": ""2026-07-24"", ""form_type"": ""10-Q""}, ""current_liabilities"": {""filed_date"": ""2026-07-24"", ""form_type"": ""10-Q""}, ""long_term_debt"": {""filed_date"": ""2012-11-09"", ""form_type"": ""10-Q""}, ""cash_and_equivalents"": {""filed_date"": ""2026-07-24"", ""form_type"": ""10-Q""}, ""ppe"": {""filed_date"": ""2026-07-24"", ""form_type"": ""10-Q""}, ""stockholders_equity"": {""filed_date"": ""2026-07-24"", ""form_type"": ""10-Q""}, ""operating_cash_flow"": {""filed_date"": ""2026-07-24"", ""form_type"": ""10-Q""}, ""capex"": {""filed_date"": ""2026-07-24"", ""form_type"": ""10-Q""}, ""total_debt"": {""filed_date"": ""2012-11-09"", ""form_type"": ""10-Q""}, ""shares_outstanding"": {""filed_date"": ""2026-07-24"", ""form_type"": ""10-Q""}}",163
ALB,Albemarle Corporation,0.04208384772500174,0.06529891387582656,5,,-0.18993792662226425,1,5,0,10,3,0.33298434700149177,0.33298434700149177,1.3218709717789876,136.15,16066387790.30429,858062500.0,0.0,3172044000.0,799050000.0,686450000.0,Materials,0.02,2026-08-17T07:16:15.737820,True,True,2026-08-17T07:04:15.149357,"{""revenue"": {""filed_date"": ""2026-08-05"", ""form_type"": ""10-Q""}, ""operating_income"": {""filed_date"": ""2026-08-05"", ""form_type"": ""10-Q""}, ""net_income"": {""filed_date"": ""2026-08-05"", ""form_type"": ""10-Q""}, ""total_assets"": {""filed_date"": ""2026-08-05"", ""form_type"": ""10-Q""}, ""current_assets"": {""filed_date"": ""2026-08-05"", ""form_type"": ""10-Q""}, ""current_liabilities"": {""filed_date"": ""2026-08-05"", ""form_type"": ""10-Q""}, ""long_term_debt"": {""filed_date"": ""2026-08-05"", ""form_type"": ""10-Q""}, ""cash_and_equivalents"": {""filed_date"": ""2026-08-05"", ""form_type"": ""10-Q""}, ""ppe"": {""filed_date"": ""2026-08-05"", ""form_type"": ""10-Q""}, ""stockholders_equity"": {""filed_date"": ""2026-08-05"", ""form_type"": ""10-Q""}, ""operating_cash_flow"": {""filed_date"": ""2026-08-05"", ""form_type"": ""10-Q""}, ""capex"": {""filed_date"": ""2026-08-05"", ""form_type"": ""10-Q""}, ""total_debt"": {""filed_date"": ""2026-08-05"", ""form_type"": ""10-Q""}, ""shares_outstanding"": {""filed_date"": ""2026-08-05"", ""form_type"": ""10-Q""}}",164
MSFT,Microsoft Corporation,0.04197893008047245,0.44106307232903647,5,,0.25385819794505965,3,5,2,10,4,5.060722584928627,5.060722584928627,1.367748543914347,495.4,3678615190919.4673,194046250000.0,0.0,36148000000.0,133749000000.0,155237000000.0,Information Technology,6.29,2026-08-17T07:16:15.721274,True,True,2026-08-17T07:04:15.149357,"{""revenue"": {""filed_date"": ""2011-01-27"", ""form_type"": ""10-Q""}, ""operating_income"": {""filed_date"": ""2026-07-29"", ""form_type"": ""10-K""}, ""net_income"": {""filed_date"": ""2026-07-29"", ""form_type"": ""10-K""}, ""total_assets"": {""filed_date"": ""2026-07-29"", ""form_type"": ""10-K""}, ""current_assets"": {""filed_date"": ""2026-07-29"", ""form_type"": ""10-K""}, ""current_liabilities"": {""filed_date"": ""2026-07-29"", ""form_type"": ""10-K""}, ""long_term_debt"": {""filed_date"": ""2026-07-29"", ""form_type"": ""10-K""}, ""cash_and_equivalents"": {""filed_date"": ""2026-07-29"", ""form_type"": ""10-K""}, ""ppe"": {""filed_date"": ""2026-07-29"", ""form_type"": ""10-K""}, ""stockholders_equity"": {""filed_date"": ""2026-07-29"", ""form_type"": ""10-K""}, ""operating_cash_flow"": {""filed_date"": ""2026-07-29"", ""form_type"": ""10-K""}, ""capex"": {""filed_date"": ""2026-07-29"", ""form_type"": ""10-K""}, ""total_debt"": {""filed_date"": ""2026-07-29"", ""form_type"": ""10-K""}, ""shares_outstanding"": {""filed_date"": ""2026-07-29"", ""form_type"": ""10-K""}}",165
LOPE,"Grand Canyon Education, Inc.",0.04156991906569069,0.3890207181585885,5,,-0.11179555573099795,1,5,0,10,3,1.211840460961691,1.211840460961691,1.6242161716171617,144.2,3758578255.8558197,192016250.0,0.0,162443000.0,121200000.0,153613000.0,Consumer Discretionary,0.01,2026-08-17T07:16:15.743833,True,True,2026-08-17T07:04:15.149357,"{""revenue"": {""filed_date"": ""2014-02-20"", ""form_type"": ""10-K""}, ""operating_income"": {""filed_date"": ""2026-07-30"", ""form_type"": ""10-Q""}, ""net_income"": {""filed_date"": ""2026-07-30"", ""form_type"": ""10-Q""}, ""total_assets"": {""filed_date"": ""2026-07-30"", ""form_type"": ""10-Q""}, ""current_assets"": {""filed_date"": ""2026-07-30"", ""form_type"": ""10-Q""}, ""current_liabilities"": {""filed_date"": ""2026-07-30"", ""form_type"": ""10-Q""}, ""long_term_debt"": {""filed_date"": ""2021-02-17"", ""form_type"": ""10-K""}, ""cash_and_equivalents"": {""filed_date"": ""2026-07-30"", ""form_type"": ""10-Q""}, ""ppe"": {""filed_date"": ""2026-07-30"", ""form_type"": ""10-Q""}, ""stockholders_equity"": {""filed_date"": ""2026-07-30"", ""form_type"": ""10-Q""}, ""operating_cash_flow"": {""filed_date"": ""2026-07-30"", ""form_type"": ""10-Q""}, ""capex"": {""filed_date"": ""2012-02-21"", ""form_type"": ""10-K""}, ""total_debt"": {""filed_date"": ""2021-02-17"", ""form_type"": ""10-K""}, ""shares_outstanding"": {""filed_date"": ""2026-07-30"", ""form_type"": ""10-Q""}}",166
FNF,"Fidelity National Financial, Inc.",0.041525937471607204,0.04983112496592864,5,,-0.12008170426010746,1,5,0,10,3,0.3773533049333517,0.3773533049333517,5.171374764595104,49.47,13267499479.073822,730000000.0,0.0,7277000000.0,531000000.0,584000000.0,Financials,0.03,2026-08-17T07:16:15.733680,True,True,2026-08-17T07:04:15.149357,"{""revenue"": {""filed_date"": ""2026-08-06"", ""form_type"": ""10-Q""}, ""operating_income"": {""filed_date"": ""2018-10-26"", ""form_type"": ""10-Q""}, ""net_income"": {""filed_date"": ""2026-08-06"", ""form_type"": ""10-Q""}, ""total_assets"": {""filed_date"": ""2026-08-06"", ""form_type"": ""10-Q""}, ""long_term_debt"": {""filed_date"": ""2026-08-06"", ""form_type"": ""10-Q""}, ""cash_and_equivalents"": {""filed_date"": ""2026-08-06"", ""form_type"": ""10-Q""}, ""ppe"": {""filed_date"": ""2026-08-06"", ""form_type"": ""10-Q""}, ""stockholders_equity"": {""filed_date"": ""2026-08-06"", ""form_type"": ""10-Q""}, ""operating_cash_flow"": {""filed_date"": ""2026-08-06"", ""form_type"": ""10-Q""}, ""capex"": {""filed_date"": ""2015-05-06"", ""form_type"": ""10-Q""}, ""total_debt"": {""filed_date"": ""2026-08-06"", ""form_type"": ""10-Q""}, ""shares_outstanding"": {""filed_date"": ""2026-08-06"", ""form_type"": ""10-Q""}}",167
ARMK,Aramark,0.04104575839743869,0.251655613823089,4,,0.5973332663999946,3,0,0,3,2,-0.03349451301289442,,-0.8951411405522554,62.39,16405672697.465881,816105000.0,0.0,7904429000.0,295769000.0,652884000.0,Consumer Discretionary,0.02,2026-08-17T07:16:15.737132,True,True,2026-08-17T07:04:15.149357,"{""revenue"": {""filed_date"": ""2018-05-08"", ""form_type"": ""10-Q""}, ""operating_income"": {""filed_date"": ""2026-08-11"", ""form_type"": ""10-Q""}, ""net_income"": {""filed_date"": ""2026-08-11"", ""form_type"": ""10-Q""}, ""total_assets"": {""filed_date"": ""2026-08-11"", ""form_type"": ""10-Q""}, ""current_assets"": {""filed_date"": ""2026-08-11"", ""form_type"": ""10-Q""}, ""current_liabilities"": {""filed_date"": ""2026-08-11"", ""form_type"": ""10-Q""}, ""long_term_debt"": {""filed_date"": ""2020-11-24"", ""form_type"": ""10-K""}, ""cash_and_equivalents"": {""filed_date"": ""2026-08-11"", ""form_type"": ""10-Q""}, ""ppe"": {""filed_date"": ""2026-08-11"", ""form_type"": ""10-Q""}, ""stockholders_equity"": {""filed_date"": ""2026-08-11"", ""form_type"": ""10-Q""}, ""operating_cash_flow"": {""filed_date"": ""2026-08-11"", ""form_type"": ""10-Q""}, ""total_debt"": {""filed_date"": ""2020-11-24"", ""form_type"": ""10-K""}, ""shares_outstanding"": {""filed_date"": ""2026-08-11"", ""form_type"": ""10-Q""}}",168
TKO,"TKO Group Holdings, Inc.",0.04096964622862704,0.5794113765342483,5,,-0.034556588733229546,1,5,0,10,3,0.3398446669385112,0.3398446669385112,5.596178624179001,201.28,14715801716.193054,960356250.0,0.0,3143954000.0,190926000.0,768285000.0,Communication,0.02,2026-08-17T07:16:15.735341,True,True,2026-08-17T07:04:15.149357,"{""revenue"": {""filed_date"": ""2026-08-03"", ""form_type"": ""10-Q""}, ""operating_income"": {""filed_date"": ""2026-08-03"", ""form_type"": ""10-Q""}, ""net_income"": {""filed_date"": ""2026-08-03"", ""form_type"": ""10-Q""}, ""total_assets"": {""filed_date"": ""2026-08-03"", ""form_type"": ""10-Q""}, ""current_assets"": {""filed_date"": ""2026-08-03"", ""form_type"": ""10-Q""}, ""current_liabilities"": {""filed_date"": ""2026-08-03"", ""form_type"": ""10-Q""}, ""long_term_debt"": {""filed_date"": ""2026-08-03"", ""form_type"": ""10-Q""}, ""cash_and_equivalents"": {""filed_date"": ""2026-08-03"", ""form_type"": ""10-Q""}, ""ppe"": {""filed_date"": ""2026-08-03"", ""form_type"": ""10-Q""}, ""stockholders_equity"": {""filed_date"": ""2026-08-03"", ""form_type"": ""10-Q""}, ""operating_cash_flow"": {""filed_date"": ""2026-08-03"", ""form_type"": ""10-Q""}, ""total_debt"": {""filed_date"": ""2026-08-03"", ""form_type"": ""10-Q""}, ""shares_outstanding"": {""filed_date"": ""2026-08-03"", ""form_type"": ""10-Q""}}",169
DPZ,"Domino's Pizza, Inc.",0.040901988592133155,0.6689805337133515,6,,-0.06246193975107007,1,5,0,10,4,0.15036240613623503,0.15036240613623503,1.2795823792191203,346.27,11455212015.003204,577995000.0,0.0,2345021000.0,275561000.0,462396000.0,Consumer Discretionary,0.02,2026-08-17T07:16:15.734552,True,True,2026-08-17T07:04:15.149357,"{""revenue"": {""filed_date"": ""2026-07-20"", ""form_type"": ""10-Q""}, ""operating_income"": {""filed_date"": ""2026-07-20"", ""form_type"": ""10-Q""}, ""net_income"": {""filed_date"": ""2026-07-20"", ""form_type"": ""10-Q""}, ""total_assets"": {""filed_date"": ""2026-07-20"", ""form_type"": ""10-Q""}, ""current_assets"": {""filed_date"": ""2026-07-20"", ""form_type"": ""10-Q""}, ""current_liabilities"": {""filed_date"": ""2026-07-20"", ""form_type"": ""10-Q""}, ""long_term_debt"": {""filed_date"": ""2026-02-23"", ""form_type"": ""10-K""}, ""cash_and_equivalents"": {""filed_date"": ""2026-07-20"", ""form_type"": ""10-Q""}, ""ppe"": {""filed_date"": ""2026-07-20"", ""form_type"": ""10-Q""}, ""stockholders_equity"": {""filed_date"": ""2026-07-20"", ""form_type"": ""10-Q""}, ""operating_cash_flow"": {""filed_date"": ""2026-07-20"", ""form_type"": ""10-Q""}, ""capex"": {""filed_date"": ""2026-07-20"", ""form_type"": ""10-Q""}, ""total_debt"": {""filed_date"": ""2026-02-23"", ""form_type"": ""10-K""}, ""shares_outstanding"": {""filed_date"": ""2026-02-23"", ""form_type"": ""10-K""}}",170
NTAP,"NetApp, Inc.",0.04084112333331139,0.7132509586706434,6,,1.0656263391808343,3,5,0,10,5,0.33140933140933143,0.33140933140933143,1.6199059561128526,207.08,40571098841.9001,2092500000.0,0.0,6237000000.0,1276000000.0,1674000000.0,Information Technology,0.04,2026-08-17T07:16:15.731295,True,True,2026-08-17T07:04:15.149357,"{""revenue"": {""filed_date"": ""2026-06-05"", ""form_type"": ""10-K""}, ""operating_income"": {""filed_date"": ""2026-06-05"", ""form_type"": ""10-K""}, ""net_income"": {""filed_date"": ""2026-06-05"", ""form_type"": ""10-K""}, ""total_assets"": {""filed_date"": ""2026-06-05"", ""form_type"": ""10-K""}, ""current_assets"": {""filed_date"": ""2026-06-05"", ""form_type"": ""10-K""}, ""current_liabilities"": {""filed_date"": ""2026-06-05"", ""form_type"": ""10-K""}, ""long_term_debt"": {""filed_date"": ""2026-06-05"", ""form_type"": ""10-K""}, ""cash_and_equivalents"": {""filed_date"": ""2026-06-05"", ""form_type"": ""10-K""}, ""ppe"": {""filed_date"": ""2026-06-05"", ""form_type"": ""10-K""}, ""stockholders_equity"": {""filed_date"": ""2026-06-05"", ""form_type"": ""10-K""}, ""operating_cash_flow"": {""filed_date"": ""2026-06-05"", ""form_type"": ""10-K""}, ""capex"": {""filed_date"": ""2026-06-05"", ""form_type"": ""10-K""}, ""total_debt"": {""filed_date"": ""2026-06-05"", ""form_type"": ""10-K""}, ""shares_outstanding"": {""filed_date"": ""2026-06-05"", ""form_type"": ""10-K""}}",171
HST,"Host Hotels & Resorts, Inc.",0.040771871551742445,0.048926245862090934,5,,0.20096597868485058,3,5,0,10,4,0.6277860326894502,0.6277860326894502,1.155950752393981,22.9,15689348475.745783,765000000.0,0.0,1346000000.0,731000000.0,612000000.0,Real Estate,0.02,2026-08-17T07:16:15.735919,True,True,2026-08-17T07:04:15.149357,"{""revenue"": {""filed_date"": ""2018-05-03"", ""form_type"": ""10-Q""}, ""operating_income"": {""filed_date"": ""2026-08-07"", ""form_type"": ""10-Q""}, ""net_income"": {""filed_date"": ""2026-08-07"", ""form_type"": ""10-Q""}, ""total_assets"": {""filed_date"": ""2026-08-07"", ""form_type"": ""10-Q""}, ""long_term_debt"": {""filed_date"": ""2026-02-25"", ""form_type"": ""10-K""}, ""cash_and_equivalents"": {""filed_date"": ""2026-08-07"", ""form_type"": ""10-Q""}, ""ppe"": {""filed_date"": ""2026-08-07"", ""form_type"": ""10-Q""}, ""stockholders_equity"": {""filed_date"": ""2026-08-07"", ""form_type"": ""10-Q""}, ""operating_cash_flow"": {""filed_date"": ""2026-08-07"", ""form_type"": ""10-Q""}, ""capex"": {""filed_date"": ""2010-03-01"", ""form_type"": ""10-K""}, ""total_debt"": {""filed_date"": ""2026-02-25"", ""form_type"": ""10-K""}, ""shares_outstanding"": {""filed_date"": ""2026-08-07"", ""form_type"": ""10-Q""}}",172
MTCH,"Match Group, Inc.",0.040754031227974184,0.8823623122856427,4,,0.27208297799196896,3,5,0,9,4,0.3285883430719978,0.3285883430719978,1.6722804646351477,37.95,8852464839.668236,602332500.0,0.0,1717039000.0,337383000.0,481866000.0,Communication,0.02,2026-08-17T07:16:15.738233,True,True,2026-08-17T07:04:15.149357,"{""revenue"": {""filed_date"": ""2026-08-05"", ""form_type"": ""10-Q""}, ""operating_income"": {""filed_date"": ""2026-08-05"", ""form_type"": ""10-Q""}, ""net_income"": {""filed_date"": ""2026-08-05"", ""form_type"": ""10-Q""}, ""total_assets"": {""filed_date"": ""2026-08-05"", ""form_type"": ""10-Q""}, ""current_assets"": {""filed_date"": ""2026-08-05"", ""form_type"": ""10-Q""}, ""current_liabilities"": {""filed_date"": ""2026-08-05"", ""form_type"": ""10-Q""}, ""long_term_debt"": {""filed_date"": ""2026-08-05"", ""form_type"": ""10-Q""}, ""cash_and_equivalents"": {""filed_date"": ""2026-08-05"", ""form_type"": ""10-Q""}, ""ppe"": {""filed_date"": ""2026-08-05"", ""form_type"": ""10-Q""}, ""stockholders_equity"": {""filed_date"": ""2026-08-05"", ""form_type"": ""10-Q""}, ""operating_cash_flow"": {""filed_date"": ""2026-08-05"", ""form_type"": ""10-Q""}, ""capex"": {""filed_date"": ""2026-08-05"", ""form_type"": ""10-Q""}, ""total_debt"": {""filed_date"": ""2026-08-05"", ""form_type"": ""10-Q""}, ""shares_outstanding"": {""filed_date"": ""2026-08-05"", ""form_type"": ""10-Q""}}",173
PFGC,Performance Food Group Company,0.040612605152921866,0.1193630384786088,6,,0.08883248730964467,2,4,1,10,5,0.10211348993094681,0.10211348993094681,3.9345950459226273,107.25,16846021227.75,1109375000.0,0.0,13844400000.0,359300000.0,887500000.0,Consumer Staples,0.03,2026-08-17T07:16:15.733708,True,True,2026-08-17T07:04:15.149357,"{""revenue"": {""filed_date"": ""2019-05-08"", ""form_type"": ""10-Q""}, ""operating_income"": {""filed_date"": ""2026-08-12"", ""form_type"": ""10-K""}, ""net_income"": {""filed_date"": ""2026-08-12"", ""form_type"": ""10-K""}, ""total_assets"": {""filed_date"": ""2026-08-12"", ""form_type"": ""10-K""}, ""current_assets"": {""filed_date"": ""2026-08-12"", ""form_type"": ""10-K""}, ""current_liabilities"": {""filed_date"": ""2026-08-12"", ""form_type"": ""10-K""}, ""long_term_debt"": {""filed_date"": ""2026-08-12"", ""form_type"": ""10-K""}, ""ppe"": {""filed_date"": ""2026-08-12"", ""form_type"": ""10-K""}, ""stockholders_equity"": {""filed_date"": ""2026-08-12"", ""form_type"": ""10-K""}, ""operating_cash_flow"": {""filed_date"": ""2026-08-12"", ""form_type"": ""10-K""}, ""capex"": {""filed_date"": ""2026-08-12"", ""form_type"": ""10-K""}, ""total_debt"": {""filed_date"": ""2026-08-12"", ""form_type"": ""10-K""}, ""shares_outstanding"": {""filed_date"": ""2026-08-12"", ""form_type"": ""10-K""}}",174
VNOM,"Viper Energy, Inc.",0.040473991996235185,0.0577412243513651,5,,0.0022318185709689284,2,5,0,10,4,0.686026936026936,0.686026936026936,3.410041841004184,42.29,15224619772.404594,851250000.0,0.0,1188000000.0,239000000.0,681000000.0,Energy,0.01,2026-08-17T07:16:15.742477,True,True,2026-08-17T07:04:15.149357,"{""revenue"": {""filed_date"": ""2026-08-05"", ""form_type"": ""10-Q""}, ""operating_income"": {""filed_date"": ""2026-08-05"", ""form_type"": ""10-Q""}, ""net_income"": {""filed_date"": ""2026-08-05"", ""form_type"": ""10-Q""}, ""total_assets"": {""filed_date"": ""2026-08-05"", ""form_type"": ""10-Q""}, ""current_assets"": {""filed_date"": ""2026-08-05"", ""form_type"": ""10-Q""}, ""current_liabilities"": {""filed_date"": ""2026-08-05"", ""form_type"": ""10-Q""}, ""long_term_debt"": {""filed_date"": ""2026-08-05"", ""form_type"": ""10-Q""}, ""cash_and_equivalents"": {""filed_date"": ""2026-08-05"", ""form_type"": ""10-Q""}, ""ppe"": {""filed_date"": ""2026-08-05"", ""form_type"": ""10-Q""}, ""stockholders_equity"": {""filed_date"": ""2026-08-05"", ""form_type"": ""10-Q""}, ""operating_cash_flow"": {""filed_date"": ""2026-08-05"", ""form_type"": ""10-Q""}, ""total_debt"": {""filed_date"": ""2026-08-05"", ""form_type"": ""10-Q""}, ""shares_outstanding"": {""filed_date"": ""2026-08-05"", ""form_type"": ""10-Q""}}",175
EHC,Encompass Health Corporation,0.0404435783688892,0.23845303867403314,5,,0.13261305320870329,3,5,0,10,4,0.20561101386194824,0.20561101386194824,1.2474167623421355,123.59,12192571367.280518,674375000.0,0.0,2113700000.0,348400000.0,539500000.0,Health Care,0.02,2026-08-17T07:16:15.735796,True,True,2026-08-17T07:04:15.149357,"{""revenue"": {""filed_date"": ""2018-08-02"", ""form_type"": ""10-Q""}, ""operating_income"": {""filed_date"": ""2023-02-27"", ""form_type"": ""10-K""}, ""net_income"": {""filed_date"": ""2026-08-07"", ""form_type"": ""10-Q""}, ""total_assets"": {""filed_date"": ""2026-08-07"", ""form_type"": ""10-Q""}, ""current_assets"": {""filed_date"": ""2026-08-07"", ""form_type"": ""10-Q""}, ""current_liabilities"": {""filed_date"": ""2026-08-07"", ""form_type"": ""10-Q""}, ""long_term_debt"": {""filed_date"": ""2012-09-06"", ""form_type"": ""8-K""}, ""cash_and_equivalents"": {""filed_date"": ""2026-08-07"", ""form_type"": ""10-Q""}, ""ppe"": {""filed_date"": ""2020-11-02"", ""form_type"": ""10-Q""}, ""stockholders_equity"": {""filed_date"": ""2026-08-07"", ""form_type"": ""10-Q""}, ""operating_cash_flow"": {""filed_date"": ""2023-08-04"", ""form_type"": ""10-Q""}, ""capex"": {""filed_date"": ""2023-11-01"", ""form_type"": ""10-Q""}, ""total_debt"": {""filed_date"": ""2012-09-06"", ""form_type"": ""8-K""}, ""shares_outstanding"": {""filed_date"": ""2026-08-07"", ""form_type"": ""10-Q""}}",176
HUM,Humana Inc.,0.0403355231509496,0.09358160379875154,6,,1.1187544837052605,3,3,1,9,4,0.03162832929782082,0.03162832929782082,1.0573355817875212,389.05,46717242361.57593,2192500000.0,0.0,39648000000.0,1186000000.0,1754000000.0,Health Care,0.06,2026-08-17T07:16:15.728547,True,True,2026-08-17T07:04:15.149357,"{""revenue"": {""filed_date"": ""2026-04-29"", ""form_type"": ""10-Q""}, ""operating_income"": {""filed_date"": ""2026-04-29"", ""form_type"": ""10-Q""}, ""net_income"": {""filed_date"": ""2026-04-29"", ""form_type"": ""10-Q""}, ""total_assets"": {""filed_date"": ""2026-04-29"", ""form_type"": ""10-Q""}, ""current_assets"": {""filed_date"": ""2026-04-29"", ""form_type"": ""10-Q""}, ""current_liabilities"": {""filed_date"": ""2026-04-29"", ""form_type"": ""10-Q""}, ""long_term_debt"": {""filed_date"": ""2014-02-19"", ""form_type"": ""10-K""}, ""cash_and_equivalents"": {""filed_date"": ""2026-04-29"", ""form_type"": ""10-Q""}, ""ppe"": {""filed_date"": ""2026-04-29"", ""form_type"": ""10-Q""}, ""stockholders_equity"": {""filed_date"": ""2026-04-29"", ""form_type"": ""10-Q""}, ""operating_cash_flow"": {""filed_date"": ""2026-04-29"", ""form_type"": ""10-Q""}, ""capex"": {""filed_date"": ""2026-04-29"", ""form_type"": ""10-Q""}, ""total_debt"": {""filed_date"": ""2026-04-29"", ""form_type"": ""10-Q""}, ""shares_outstanding"": {""filed_date"": ""2026-04-29"", ""form_type"": ""10-Q""}}",177
EXEL,"Exelixis, Inc.",0.04025449668737684,0.5091436081339908,5,,0.16243193171484482,3,5,0,10,4,0.7799260194624007,0.7799260194624007,1.3244106154308584,51.24,12696334313.973343,624693750.0,0.0,717486000.0,422517000.0,499755000.0,Health Care,0.02,2026-08-17T07:16:15.737168,True,True,2026-08-17T07:04:15.149357,"{""revenue"": {""filed_date"": ""2020-11-05"", ""form_type"": ""10-Q""}, ""operating_income"": {""filed_date"": ""2026-08-05"", ""form_type"": ""10-Q""}, ""net_income"": {""filed_date"": ""2026-08-05"", ""form_type"": ""10-Q""}, ""total_assets"": {""filed_date"": ""2026-08-05"", ""form_type"": ""10-Q""}, ""current_assets"": {""filed_date"": ""2026-08-05"", ""form_type"": ""10-Q""}, ""current_liabilities"": {""filed_date"": ""2026-08-05"", ""form_type"": ""10-Q""}, ""long_term_debt"": {""filed_date"": ""2018-02-26"", ""form_type"": ""10-K""}, ""cash_and_equivalents"": {""filed_date"": ""2026-08-05"", ""form_type"": ""10-Q""}, ""ppe"": {""filed_date"": ""2026-08-05"", ""form_type"": ""10-Q""}, ""stockholders_equity"": {""filed_date"": ""2026-08-05"", ""form_type"": ""10-Q""}, ""operating_cash_flow"": {""filed_date"": ""2026-08-05"", ""form_type"": ""10-Q""}, ""capex"": {""filed_date"": ""2026-08-05"", ""form_type"": ""10-Q""}, ""total_debt"": {""filed_date"": ""2018-02-26"", ""form_type"": ""10-K""}, ""shares_outstanding"": {""filed_date"": ""2026-08-05"", ""form_type"": ""10-Q""}}",178
C,Citigroup Inc.,0.03958894670782322,0.047506736049387856,3,,0.23660426109757177,3,0,2,3,1,-0.7935699618656498,,-4.727526911785265,139.33,233717270046.86847,17886250000.0,0.0,85225000000.0,14306000000.0,14309000000.0,Financials,0.29,2026-08-17T07:16:15.722725,True,True,2026-08-17T07:04:15.149357,"{""revenue"": {""filed_date"": ""2026-02-20"", ""form_type"": ""10-K""}, ""operating_income"": {""filed_date"": ""2026-02-20"", ""form_type"": ""10-K""}, ""net_income"": {""filed_date"": ""2026-02-20"", ""form_type"": ""10-K""}, ""total_assets"": {""filed_date"": ""2026-02-20"", ""form_type"": ""10-K""}, ""long_term_debt"": {""filed_date"": ""2026-02-20"", ""form_type"": ""10-K""}, ""cash_and_equivalents"": {""filed_date"": ""2019-02-22"", ""form_type"": ""10-K""}, ""stockholders_equity"": {""filed_date"": ""2026-02-20"", ""form_type"": ""10-K""}, ""operating_cash_flow"": {""filed_date"": ""2026-02-20"", ""form_type"": ""10-K""}, ""capex"": {""filed_date"": ""2026-02-20"", ""form_type"": ""10-K""}, ""total_debt"": {""filed_date"": ""2026-02-20"", ""form_type"": ""10-K""}, ""shares_outstanding"": {""filed_date"": ""2010-11-05"", ""form_type"": ""10-Q""}}",179
PTC,PTC Inc.,0.039515195564691886,7.075230858420639,4,,-0.02168946995074363,1,4,0,8,3,0.4132125540669564,0.4132125540669564,0.9717700831372764,149.75,16248812584.75,854298750.0,0.0,2060177000.0,876021000.0,683439000.0,Information Technology,0.04,2026-08-17T07:16:15.730327,True,True,2026-08-17T07:04:15.149357,"{""revenue"": {""filed_date"": ""2026-07-31"", ""form_type"": ""10-Q""}, ""operating_income"": {""filed_date"": ""2026-07-31"", ""form_type"": ""10-Q""}, ""net_income"": {""filed_date"": ""2026-07-31"", ""form_type"": ""10-Q""}, ""total_assets"": {""filed_date"": ""2026-07-31"", ""form_type"": ""10-Q""}, ""current_assets"": {""filed_date"": ""2026-07-31"", ""form_type"": ""10-Q""}, ""current_liabilities"": {""filed_date"": ""2026-07-31"", ""form_type"": ""10-Q""}, ""long_term_debt"": {""filed_date"": ""2026-07-31"", ""form_type"": ""10-Q""}, ""cash_and_equivalents"": {""filed_date"": ""2026-07-31"", ""form_type"": ""10-Q""}, ""ppe"": {""filed_date"": ""2026-07-31"", ""form_type"": ""10-Q""}, ""stockholders_equity"": {""filed_date"": ""2026-07-31"", ""form_type"": ""10-Q""}, ""operating_cash_flow"": {""filed_date"": ""2026-07-31"", ""form_type"": ""10-Q""}, ""capex"": {""filed_date"": ""2026-07-31"", ""form_type"": ""10-Q""}, ""total_debt"": {""filed_date"": ""2026-07-31"", ""form_type"": ""10-Q""}, ""shares_outstanding"": {""filed_date"": ""2026-07-31"", ""form_type"": ""10-Q""}}",180
OTIS,Otis Worldwide Corporation,0.039468538001496974,0.0,4,,-0.2047493869648776,1,4,0,8,3,0.22926500337154418,0.22926500337154418,0.8854166666666666,72.63,27648013046.030434,1392500000.0,0.0,2966000000.0,768000000.0,1114000000.0,Industrials,0.06,2026-08-17T07:16:15.728703,True,True,2026-08-17T07:04:15.149357,"{""revenue"": {""filed_date"": ""2020-05-08"", ""form_type"": ""10-Q""}, ""operating_income"": {""filed_date"": ""2026-07-23"", ""form_type"": ""10-Q""}, ""net_income"": {""filed_date"": ""2026-07-23"", ""form_type"": ""10-Q""}, ""total_assets"": {""filed_date"": ""2026-07-23"", ""form_type"": ""10-Q""}, ""current_assets"": {""filed_date"": ""2026-07-23"", ""form_type"": ""10-Q""}, ""current_liabilities"": {""filed_date"": ""2026-07-23"", ""form_type"": ""10-Q""}, ""long_term_debt"": {""filed_date"": ""2026-07-23"", ""form_type"": ""10-Q""}, ""cash_and_equivalents"": {""filed_date"": ""2026-07-23"", ""form_type"": ""10-Q""}, ""ppe"": {""filed_date"": ""2026-07-23"", ""form_type"": ""10-Q""}, ""stockholders_equity"": {""filed_date"": ""2026-07-23"", ""form_type"": ""10-Q""}, ""operating_cash_flow"": {""filed_date"": ""2026-07-23"", ""form_type"": ""10-Q""}, ""total_debt"": {""filed_date"": ""2026-07-23"", ""form_type"": ""10-Q""}, ""shares_outstanding"": {""filed_date"": ""2025-02-04"", ""form_type"": ""10-K""}}",181
KVUE,Kenvue Inc.,0.03943526120143325,0.6492471213463242,5,,0.06724312445379267,2,5,0,10,4,0.14966937945066125,0.14966937945066125,1.2655913978494624,19.2,36878852031.83386,1832500000.0,0.0,7864000000.0,930000000.0,1466000000.0,Consumer Staples,0.07,2026-08-17T07:16:15.727993,True,True,2026-08-17T07:04:15.149357,"{""revenue"": {""filed_date"": ""2026-08-06"", ""form_type"": ""10-Q""}, ""operating_income"": {""filed_date"": ""2026-08-06"", ""form_type"": ""10-Q""}, ""net_income"": {""filed_date"": ""2026-08-06"", ""form_type"": ""10-Q""}, ""total_assets"": {""filed_date"": ""2026-08-06"", ""form_type"": ""10-Q""}, ""current_assets"": {""filed_date"": ""2026-08-06"", ""form_type"": ""10-Q""}, ""current_liabilities"": {""filed_date"": ""2026-08-06"", ""form_type"": ""10-Q""}, ""long_term_debt"": {""filed_date"": ""2024-03-01"", ""form_type"": ""10-K""}, ""cash_and_equivalents"": {""filed_date"": ""2026-08-06"", ""form_type"": ""10-Q""}, ""ppe"": {""filed_date"": ""2026-08-06"", ""form_type"": ""10-Q""}, ""stockholders_equity"": {""filed_date"": ""2026-08-06"", ""form_type"": ""10-Q""}, ""operating_cash_flow"": {""filed_date"": ""2026-08-06"", ""form_type"": ""10-Q""}, ""capex"": {""filed_date"": ""2026-08-06"", ""form_type"": ""10-Q""}, ""total_debt"": {""filed_date"": ""2026-08-06"", ""form_type"": ""10-Q""}, ""shares_outstanding"": {""filed_date"": ""2026-08-06"", ""form_type"": ""10-Q""}}",182
PAYC,"Paycom Software, Inc.",0.039192867154446295,0.4907449163128949,5,,0.7930114115120536,3,5,0,10,4,2.844371125242796,2.844371125242796,1.6252375522614975,218.13,9831472472.546265,473375000.0,0.0,150332000.0,263100000.0,378700000.0,Industrials,0.02,2026-08-17T07:16:15.735738,True,True,2026-08-17T07:04:15.149357,"{""revenue"": {""filed_date"": ""2019-02-14"", ""form_type"": ""10-K""}, ""operating_income"": {""filed_date"": ""2026-08-06"", ""form_type"": ""10-Q""}, ""net_income"": {""filed_date"": ""2026-08-06"", ""form_type"": ""10-Q""}, ""total_assets"": {""filed_date"": ""2026-08-06"", ""form_type"": ""10-Q""}, ""current_assets"": {""filed_date"": ""2026-08-06"", ""form_type"": ""10-Q""}, ""current_liabilities"": {""filed_date"": ""2026-08-06"", ""form_type"": ""10-Q""}, ""long_term_debt"": {""filed_date"": ""2023-02-16"", ""form_type"": ""10-K""}, ""cash_and_equivalents"": {""filed_date"": ""2026-08-06"", ""form_type"": ""10-Q""}, ""ppe"": {""filed_date"": ""2024-08-01"", ""form_type"": ""10-Q""}, ""stockholders_equity"": {""filed_date"": ""2026-08-06"", ""form_type"": ""10-Q""}, ""operating_cash_flow"": {""filed_date"": ""2026-08-06"", ""form_type"": ""10-Q""}, ""capex"": {""filed_date"": ""2026-08-06"", ""form_type"": ""10-Q""}, ""total_debt"": {""filed_date"": ""2023-02-16"", ""form_type"": ""10-K""}, ""shares_outstanding"": {""filed_date"": ""2026-08-06"", ""form_type"": ""10-Q""}}",183
NI,NiSource Inc.,0.039167501908751894,0.03956091277560996,5,,-0.07829448674478315,1,5,0,10,3,0.29030589817185115,0.29030589817185115,2.0316684762938833,42.5,20381304250.0,1309125000.0,0.0,3867300000.0,552600000.0,1047300000.0,Utilities,0.03,2026-08-17T07:16:15.731973,True,True,2026-08-17T07:04:15.149357,"{""revenue"": {""filed_date"": ""2024-10-30"", ""form_type"": ""10-Q""}, ""operating_income"": {""filed_date"": ""2026-08-05"", ""form_type"": ""10-Q""}, ""net_income"": {""filed_date"": ""2026-08-05"", ""form_type"": ""10-Q""}, ""total_assets"": {""filed_date"": ""2026-08-05"", ""form_type"": ""10-Q""}, ""current_assets"": {""filed_date"": ""2026-08-05"", ""form_type"": ""10-Q""}, ""current_liabilities"": {""filed_date"": ""2026-08-05"", ""form_type"": ""10-Q""}, ""long_term_debt"": {""filed_date"": ""2016-02-18"", ""form_type"": ""10-K""}, ""cash_and_equivalents"": {""filed_date"": ""2026-08-05"", ""form_type"": ""10-Q""}, ""ppe"": {""filed_date"": ""2026-02-11"", ""form_type"": ""10-K""}, ""stockholders_equity"": {""filed_date"": ""2026-08-05"", ""form_type"": ""10-Q""}, ""operating_cash_flow"": {""filed_date"": ""2026-08-05"", ""form_type"": ""10-Q""}, ""capex"": {""filed_date"": ""2026-08-05"", ""form_type"": ""10-Q""}, ""total_debt"": {""filed_date"": ""2016-02-18"", ""form_type"": ""10-K""}, ""shares_outstanding"": {""filed_date"": ""2026-08-05"", ""form_type"": ""10-Q""}}",184
BYD,Boyd Gaming Corporation,0.03897116392149044,0.12712984053081564,3,,0.015740117015064836,2,4,0,7,3,0.13393521965748326,0.13393521965748326,0.4679655032604656,84.13,6112499780.265945,455862500.0,0.0,827288000.0,236776000.0,364690000.0,Consumer Discretionary,0.01,2026-08-17T07:16:15.745402,True,True,2026-08-17T07:04:15.149357,"{""revenue"": {""filed_date"": ""2019-05-09"", ""form_type"": ""10-Q""}, ""operating_income"": {""filed_date"": ""2026-07-30"", ""form_type"": ""10-Q""}, ""net_income"": {""filed_date"": ""2026-07-30"", ""form_type"": ""10-Q""}, ""total_assets"": {""filed_date"": ""2026-07-30"", ""form_type"": ""10-Q""}, ""current_assets"": {""filed_date"": ""2026-07-30"", ""form_type"": ""10-Q""}, ""current_liabilities"": {""filed_date"": ""2026-07-30"", ""form_type"": ""10-Q""}, ""long_term_debt"": {""filed_date"": ""2025-07-30"", ""form_type"": ""10-Q""}, ""cash_and_equivalents"": {""filed_date"": ""2026-07-30"", ""form_type"": ""10-Q""}, ""ppe"": {""filed_date"": ""2026-07-30"", ""form_type"": ""10-Q""}, ""stockholders_equity"": {""filed_date"": ""2026-07-30"", ""form_type"": ""10-Q""}, ""operating_cash_flow"": {""filed_date"": ""2026-07-30"", ""form_type"": ""10-Q""}, ""capex"": {""filed_date"": ""2026-07-30"", ""form_type"": ""10-Q""}, ""total_debt"": {""filed_date"": ""2025-07-30"", ""form_type"": ""10-Q""}, ""shares_outstanding"": {""filed_date"": ""2026-07-30"", ""form_type"": ""10-Q""}}",185
AOS,A. O. Smith Corporation,0.038928495317351465,0.28849199366531764,6,,-0.20848029696561382,1,5,0,10,4,0.13016052105236167,0.13016052105236167,1.0448744339234253,62.17,8449435734.55397,409875000.0,0.0,1949900000.0,242900000.0,327900000.0,Industrials,0.01,2026-08-17T07:16:15.738912,True,True,2026-08-17T07:04:15.149357,"{""revenue"": {""filed_date"": ""2026-07-30"", ""form_type"": ""10-Q""}, ""operating_income"": {""filed_date"": ""2026-07-30"", ""form_type"": ""10-Q""}, ""net_income"": {""filed_date"": ""2026-07-30"", ""form_type"": ""10-Q""}, ""total_assets"": {""filed_date"": ""2026-07-30"", ""form_type"": ""10-Q""}, ""current_assets"": {""filed_date"": ""2026-07-30"", ""form_type"": ""10-Q""}, ""current_liabilities"": {""filed_date"": ""2026-07-30"", ""form_type"": ""10-Q""}, ""long_term_debt"": {""filed_date"": ""2026-02-10"", ""form_type"": ""10-K""}, ""cash_and_equivalents"": {""filed_date"": ""2026-07-30"", ""form_type"": ""10-Q""}, ""ppe"": {""filed_date"": ""2026-07-30"", ""form_type"": ""10-Q""}, ""stockholders_equity"": {""filed_date"": ""2026-07-30"", ""form_type"": ""10-Q""}, ""operating_cash_flow"": {""filed_date"": ""2026-07-30"", ""form_type"": ""10-Q""}, ""total_debt"": {""filed_date"": ""2026-02-10"", ""form_type"": ""10-K""}, ""shares_outstanding"": {""filed_date"": ""2026-07-30"", ""form_type"": ""10-Q""}}",186
WCC,"WESCO International, Inc.",0.03875586666190889,0.11092323855801431,5,,0.2055691200614463,3,2,1,7,3,0.016857547291210914,0.016857547291210914,0.7582690187431091,361.55,17619362768.81653,844625000.0,0.0,16319100000.0,362800000.0,675700000.0,Industrials,0.02,2026-08-17T07:16:15.736970,True,True,2026-08-17T07:04:15.149357,"{""revenue"": {""filed_date"": ""2024-10-31"", ""form_type"": ""10-Q""}, ""operating_income"": {""filed_date"": ""2026-07-30"", ""form_type"": ""10-Q""}, ""net_income"": {""filed_date"": ""2026-07-30"", ""form_type"": ""10-Q""}, ""total_assets"": {""filed_date"": ""2026-07-30"", ""form_type"": ""10-Q""}, ""current_assets"": {""filed_date"": ""2026-07-30"", ""form_type"": ""10-Q""}, ""current_liabilities"": {""filed_date"": ""2026-07-30"", ""form_type"": ""10-Q""}, ""long_term_debt"": {""filed_date"": ""2019-02-27"", ""form_type"": ""10-K""}, ""cash_and_equivalents"": {""filed_date"": ""2022-02-25"", ""form_type"": ""10-K""}, ""ppe"": {""filed_date"": ""2026-07-30"", ""form_type"": ""10-Q""}, ""stockholders_equity"": {""filed_date"": ""2026-07-30"", ""form_type"": ""10-Q""}, ""operating_cash_flow"": {""filed_date"": ""2026-07-30"", ""form_type"": ""10-Q""}, ""total_debt"": {""filed_date"": ""2025-10-30"", ""form_type"": ""10-Q""}, ""shares_outstanding"": {""filed_date"": ""2011-11-01"", ""form_type"": ""10-Q""}}",187
KMB,Kimberly-Clark Corporation,0.03871465144724885,0.21951219512195122,5,,0.053650237829840124,2,5,0,10,4,0.19791666666666666,0.19791666666666666,1.6366336633663365,110.39,36713399801.829865,1732500000.0,0.0,8352000000.0,1010000000.0,1386000000.0,Consumer Staples,0.07,2026-08-17T07:16:15.727559,True,True,2026-08-17T07:04:15.149357,"{""revenue"": {""filed_date"": ""2026-08-04"", ""form_type"": ""10-Q""}, ""operating_income"": {""filed_date"": ""2026-08-04"", ""form_type"": ""10-Q""}, ""net_income"": {""filed_date"": ""2026-08-04"", ""form_type"": ""10-Q""}, ""total_assets"": {""filed_date"": ""2026-08-04"", ""form_type"": ""10-Q""}, ""current_assets"": {""filed_date"": ""2026-08-04"", ""form_type"": ""10-Q""}, ""current_liabilities"": {""filed_date"": ""2026-08-04"", ""form_type"": ""10-Q""}, ""long_term_debt"": {""filed_date"": ""2017-02-08"", ""form_type"": ""10-K""}, ""cash_and_equivalents"": {""filed_date"": ""2026-08-04"", ""form_type"": ""10-Q""}, ""ppe"": {""filed_date"": ""2026-08-04"", ""form_type"": ""10-Q""}, ""stockholders_equity"": {""filed_date"": ""2026-08-04"", ""form_type"": ""10-Q""}, ""operating_cash_flow"": {""filed_date"": ""2026-08-04"", ""form_type"": ""10-Q""}, ""total_debt"": {""filed_date"": ""2026-08-04"", ""form_type"": ""10-Q""}, ""shares_outstanding"": {""filed_date"": ""2026-08-04"", ""form_type"": ""10-Q""}}",188
PEP,"PepsiCo, Inc.",0.038331738070472667,0.2637026239067055,4,,-0.1134985101534677,1,2,2,7,2,0.05421327709517697,0.05421327709517697,0.4455538809344386,140.79,192163073287.11935,9045000000.0,0.0,43624000000.0,5308000000.0,7236000000.0,Consumer Staples,0.34,2026-08-17T07:16:15.722411,True,True,2026-08-17T07:04:15.149357,"{""revenue"": {""filed_date"": ""2026-07-09"", ""form_type"": ""10-Q""}, ""operating_income"": {""filed_date"": ""2026-07-09"", ""form_type"": ""10-Q""}, ""net_income"": {""filed_date"": ""2026-07-09"", ""form_type"": ""10-Q""}, ""total_assets"": {""filed_date"": ""2026-07-09"", ""form_type"": ""10-Q""}, ""current_assets"": {""filed_date"": ""2026-07-09"", ""form_type"": ""10-Q""}, ""current_liabilities"": {""filed_date"": ""2026-07-09"", ""form_type"": ""10-Q""}, ""long_term_debt"": {""filed_date"": ""2026-02-03"", ""form_type"": ""10-K""}, ""cash_and_equivalents"": {""filed_date"": ""2026-07-09"", ""form_type"": ""10-Q""}, ""ppe"": {""filed_date"": ""2026-07-09"", ""form_type"": ""10-Q""}, ""stockholders_equity"": {""filed_date"": ""2026-07-09"", ""form_type"": ""10-Q""}, ""operating_cash_flow"": {""filed_date"": ""2026-07-09"", ""form_type"": ""10-Q""}, ""total_debt"": {""filed_date"": ""2026-02-03"", ""form_type"": ""10-K""}, ""shares_outstanding"": {""filed_date"": ""2026-07-09"", ""form_type"": ""10-Q""}}",189
TSCO,Tractor Supply Company,0.03768953606686703,0.16334826805078037,6,,-0.31139689739970516,1,3,0,8,3,0.08030334326772699,0.08030334326772699,1.243502481727366,35.83,18668869062.762985,875682500.0,0.0,8133360000.0,525239000.0,700546000.0,Consumer Discretionary,0.05,2026-08-17T07:16:15.729078,True,True,2026-08-17T07:04:15.149357,"{""revenue"": {""filed_date"": ""2026-08-06"", ""form_type"": ""10-Q""}, ""operating_income"": {""filed_date"": ""2026-08-06"", ""form_type"": ""10-Q""}, ""net_income"": {""filed_date"": ""2026-08-06"", ""form_type"": ""10-Q""}, ""total_assets"": {""filed_date"": ""2026-08-06"", ""form_type"": ""10-Q""}, ""current_assets"": {""filed_date"": ""2026-08-06"", ""form_type"": ""10-Q""}, ""current_liabilities"": {""filed_date"": ""2026-08-06"", ""form_type"": ""10-Q""}, ""long_term_debt"": {""filed_date"": ""2026-02-19"", ""form_type"": ""10-K""}, ""cash_and_equivalents"": {""filed_date"": ""2026-08-06"", ""form_type"": ""10-Q""}, ""ppe"": {""filed_date"": ""2026-08-06"", ""form_type"": ""10-Q""}, ""stockholders_equity"": {""filed_date"": ""2026-08-06"", ""form_type"": ""10-Q""}, ""operating_cash_flow"": {""filed_date"": ""2026-08-06"", ""form_type"": ""10-Q""}, ""capex"": {""filed_date"": ""2026-08-06"", ""form_type"": ""10-Q""}, ""total_debt"": {""filed_date"": ""2026-02-19"", ""form_type"": ""10-K""}, ""shares_outstanding"": {""filed_date"": ""2026-08-06"", ""form_type"": ""10-Q""}}",190
ALSN,"Allison Transmission Holdings, Inc.",0.03766245458621864,0.1782178217821782,5,,0.0769325018336146,2,5,0,10,4,0.15746971736204576,0.15746971736204576,1.5972696245733788,125.87,10394097869.867355,607500000.0,0.0,2972000000.0,293000000.0,486000000.0,Industrials,0.01,2026-08-17T07:16:15.739832,True,True,2026-08-17T07:04:15.149357,"{""revenue"": {""filed_date"": ""2026-08-05"", ""form_type"": ""10-Q""}, ""operating_income"": {""filed_date"": ""2026-08-05"", ""form_type"": ""10-Q""}, ""net_income"": {""filed_date"": ""2026-08-05"", ""form_type"": ""10-Q""}, ""total_assets"": {""filed_date"": ""2026-08-05"", ""form_type"": ""10-Q""}, ""current_assets"": {""filed_date"": ""2026-08-05"", ""form_type"": ""10-Q""}, ""current_liabilities"": {""filed_date"": ""2026-08-05"", ""form_type"": ""10-Q""}, ""long_term_debt"": {""filed_date"": ""2026-02-24"", ""form_type"": ""10-K""}, ""cash_and_equivalents"": {""filed_date"": ""2026-08-05"", ""form_type"": ""10-Q""}, ""ppe"": {""filed_date"": ""2026-08-05"", ""form_type"": ""10-Q""}, ""stockholders_equity"": {""filed_date"": ""2026-08-05"", ""form_type"": ""10-Q""}, ""operating_cash_flow"": {""filed_date"": ""2026-08-05"", ""form_type"": ""10-Q""}, ""capex"": {""filed_date"": ""2026-08-05"", ""form_type"": ""10-Q""}, ""total_debt"": {""filed_date"": ""2026-02-24"", ""form_type"": ""10-K""}, ""shares_outstanding"": {""filed_date"": ""2012-04-26"", ""form_type"": ""10-Q""}}",191
CSL,Carlisle Companies Incorporated,0.03757267510900412,0.23771918083255253,5,,-0.09014725910473968,1,2,0,6,2,0.03939163802062515,0.03939163802062515,0.5147558109166884,370.04,14695818114.674164,666000000.0,0.0,5003600000.0,382900000.0,532800000.0,Industrials,0.03,2026-08-17T07:16:15.733096,True,True,2026-08-17T07:04:15.149357,"{""revenue"": {""filed_date"": ""2025-02-14"", ""form_type"": ""10-K""}, ""operating_income"": {""filed_date"": ""2026-07-30"", ""form_type"": ""10-Q""}, ""net_income"": {""filed_date"": ""2026-07-30"", ""form_type"": ""10-Q""}, ""total_assets"": {""filed_date"": ""2026-07-30"", ""form_type"": ""10-Q""}, ""current_assets"": {""filed_date"": ""2026-07-30"", ""form_type"": ""10-Q""}, ""current_liabilities"": {""filed_date"": ""2026-07-30"", ""form_type"": ""10-Q""}, ""long_term_debt"": {""filed_date"": ""2026-07-30"", ""form_type"": ""10-Q""}, ""cash_and_equivalents"": {""filed_date"": ""2026-07-30"", ""form_type"": ""10-Q""}, ""ppe"": {""filed_date"": ""2026-07-30"", ""form_type"": ""10-Q""}, ""stockholders_equity"": {""filed_date"": ""2026-07-30"", ""form_type"": ""10-Q""}, ""operating_cash_flow"": {""filed_date"": ""2026-07-30"", ""form_type"": ""10-Q""}, ""capex"": {""filed_date"": ""2026-07-30"", ""form_type"": ""10-Q""}, ""total_debt"": {""filed_date"": ""2016-07-26"", ""form_type"": ""10-Q""}, ""shares_outstanding"": {""filed_date"": ""2026-07-30"", ""form_type"": ""10-Q""}}",192
EVR,Evercore Inc.,0.037532302634764786,0.18965441372013692,5,,-0.03451649993314044,1,4,0,8,3,0.12491006541985172,0.12491006541985172,0.755727443305625,307.38,11821151989.42212,495640000.0,0.0,2398966000.0,396512000.0,396512000.0,Financials,0.02,2026-08-17T07:16:15.736302,True,True,2026-08-17T07:04:15.149357,"{""revenue"": {""filed_date"": ""2026-08-05"", ""form_type"": ""10-Q""}, ""operating_income"": {""filed_date"": ""2026-08-05"", ""form_type"": ""10-Q""}, ""net_income"": {""filed_date"": ""2026-08-05"", ""form_type"": ""10-Q""}, ""total_assets"": {""filed_date"": ""2026-08-05"", ""form_type"": ""10-Q""}, ""current_assets"": {""filed_date"": ""2026-08-05"", ""form_type"": ""10-Q""}, ""current_liabilities"": {""filed_date"": ""2026-08-05"", ""form_type"": ""10-Q""}, ""cash_and_equivalents"": {""filed_date"": ""2026-08-05"", ""form_type"": ""10-Q""}, ""ppe"": {""filed_date"": ""2026-08-05"", ""form_type"": ""10-Q""}, ""stockholders_equity"": {""filed_date"": ""2026-08-05"", ""form_type"": ""10-Q""}, ""operating_cash_flow"": {""filed_date"": ""2026-08-05"", ""form_type"": ""10-Q""}, ""shares_outstanding"": {""filed_date"": ""2026-08-05"", ""form_type"": ""10-Q""}}",193
SHW,The Sherwin-Williams Company,0.03741624664722581,2.2734355365669767,6,,-0.019331447945511213,1,3,2,9,3,0.08304656775116195,0.08304656775116195,1.0785750562286875,359.1,87174453505.77817,4523000000.0,0.0,17900800000.0,1378300000.0,3618400000.0,Materials,0.15,2026-08-17T07:16:15.724535,True,True,2026-08-17T07:04:15.149357,"{""revenue"": {""filed_date"": ""2020-02-21"", ""form_type"": ""10-K""}, ""operating_income"": {""filed_date"": ""2024-10-22"", ""form_type"": ""10-Q""}, ""net_income"": {""filed_date"": ""2026-07-28"", ""form_type"": ""10-Q""}, ""total_assets"": {""filed_date"": ""2026-07-28"", ""form_type"": ""10-Q""}, ""current_assets"": {""filed_date"": ""2026-07-28"", ""form_type"": ""10-Q""}, ""current_liabilities"": {""filed_date"": ""2026-07-28"", ""form_type"": ""10-Q""}, ""long_term_debt"": {""filed_date"": ""2026-07-28"", ""form_type"": ""10-Q""}, ""cash_and_equivalents"": {""filed_date"": ""2026-07-28"", ""form_type"": ""10-Q""}, ""ppe"": {""filed_date"": ""2026-07-28"", ""form_type"": ""10-Q""}, ""stockholders_equity"": {""filed_date"": ""2026-07-28"", ""form_type"": ""10-Q""}, ""operating_cash_flow"": {""filed_date"": ""2026-07-28"", ""form_type"": ""10-Q""}, ""capex"": {""filed_date"": ""2011-07-27"", ""form_type"": ""10-Q""}, ""total_debt"": {""filed_date"": ""2026-07-28"", ""form_type"": ""10-Q""}, ""shares_outstanding"": {""filed_date"": ""2026-07-28"", ""form_type"": ""10-Q""}}",194
APTV,Aptiv PLC,0.03730581442706228,0.11082295988934993,2,,-0.40123228967845287,1,0,0,1,0,-0.008087535680304472,,-0.11670480549199085,49.56,10290308169.500988,801250000.0,0.0,6306000000.0,437000000.0,641000000.0,Consumer Discretionary,0.03,2026-08-17T07:16:15.732642,True,True,2026-08-17T07:04:15.149357,"{""revenue"": {""filed_date"": ""2026-08-04"", ""form_type"": ""10-Q""}, ""operating_income"": {""filed_date"": ""2026-08-04"", ""form_type"": ""10-Q""}, ""net_income"": {""filed_date"": ""2026-08-04"", ""form_type"": ""10-Q""}, ""total_assets"": {""filed_date"": ""2026-08-04"", ""form_type"": ""10-Q""}, ""current_assets"": {""filed_date"": ""2026-08-04"", ""form_type"": ""10-Q""}, ""current_liabilities"": {""filed_date"": ""2026-08-04"", ""form_type"": ""10-Q""}, ""long_term_debt"": {""filed_date"": ""2026-02-06"", ""form_type"": ""10-K""}, ""cash_and_equivalents"": {""filed_date"": ""2026-08-04"", ""form_type"": ""10-Q""}, ""ppe"": {""filed_date"": ""2026-08-04"", ""form_type"": ""10-Q""}, ""stockholders_equity"": {""filed_date"": ""2026-08-04"", ""form_type"": ""10-Q""}, ""operating_cash_flow"": {""filed_date"": ""2026-08-04"", ""form_type"": ""10-Q""}, ""capex"": {""filed_date"": ""2023-02-08"", ""form_type"": ""10-K""}, ""total_debt"": {""filed_date"": ""2026-02-06"", ""form_type"": ""10-K""}, ""shares_outstanding"": {""filed_date"": ""2026-08-04"", ""form_type"": ""10-Q""}}",195
PLNT,"Planet Fitness, Inc.",0.037206751895054645,0.5656743892764884,4,,-0.45603802533670945,1,5,0,9,3,0.2753883144781404,0.2753883144781404,1.6306095957382245,50.36,3803846609.5817413,278102500.0,0.0,702459000.0,118636000.0,222482000.0,Consumer Discretionary,0.02,2026-08-17T07:16:15.738449,True,True,2026-08-17T07:04:15.149357,"{""revenue"": {""filed_date"": ""2026-08-06"", ""form_type"": ""10-Q""}, ""operating_income"": {""filed_date"": ""2026-08-06"", ""form_type"": ""10-Q""}, ""net_income"": {""filed_date"": ""2026-08-06"", ""form_type"": ""10-Q""}, ""total_assets"": {""filed_date"": ""2026-08-06"", ""form_type"": ""10-Q""}, ""current_assets"": {""filed_date"": ""2026-08-06"", ""form_type"": ""10-Q""}, ""current_liabilities"": {""filed_date"": ""2026-08-06"", ""form_type"": ""10-Q""}, ""long_term_debt"": {""filed_date"": ""2026-08-06"", ""form_type"": ""10-Q""}, ""cash_and_equivalents"": {""filed_date"": ""2026-08-06"", ""form_type"": ""10-Q""}, ""ppe"": {""filed_date"": ""2021-05-07"", ""form_type"": ""10-Q""}, ""stockholders_equity"": {""filed_date"": ""2026-08-06"", ""form_type"": ""10-Q""}, ""operating_cash_flow"": {""filed_date"": ""2026-08-06"", ""form_type"": ""10-Q""}, ""capex"": {""filed_date"": ""2026-08-06"", ""form_type"": ""10-Q""}, ""total_debt"": {""filed_date"": ""2026-08-06"", ""form_type"": ""10-Q""}, ""shares_outstanding"": {""filed_date"": ""2015-09-02"", ""form_type"": ""10-Q""}}",196
MIDD,The Middleby Corporation,0.03714322244873436,0.22677325175685498,4,,-0.103924302137427,1,3,0,7,2,0.09521078056751058,0.09521078056751058,34.465077020468456,117.91,5332167336.199188,351377500.0,0.0,1715457000.0,4739000.0,281102000.0,Industrials,0.01,2026-08-17T07:16:15.741529,True,True,2026-08-17T07:04:15.149357,"{""revenue"": {""filed_date"": ""2026-08-13"", ""form_type"": ""10-Q""}, ""operating_income"": {""filed_date"": ""2026-08-13"", ""form_type"": ""10-Q""}, ""net_income"": {""filed_date"": ""2026-08-13"", ""form_type"": ""10-Q""}, ""total_assets"": {""filed_date"": ""2026-08-13"", ""form_type"": ""10-Q""}, ""current_assets"": {""filed_date"": ""2026-08-13"", ""form_type"": ""10-Q""}, ""current_liabilities"": {""filed_date"": ""2026-08-13"", ""form_type"": ""10-Q""}, ""long_term_debt"": {""filed_date"": ""2025-02-26"", ""form_type"": ""10-K""}, ""cash_and_equivalents"": {""filed_date"": ""2026-08-13"", ""form_type"": ""10-Q""}, ""ppe"": {""filed_date"": ""2026-08-13"", ""form_type"": ""10-Q""}, ""stockholders_equity"": {""filed_date"": ""2026-08-13"", ""form_type"": ""10-Q""}, ""operating_cash_flow"": {""filed_date"": ""2026-08-13"", ""form_type"": ""10-Q""}, ""capex"": {""filed_date"": ""2026-08-13"", ""form_type"": ""10-Q""}, ""total_debt"": {""filed_date"": ""2025-02-26"", ""form_type"": ""10-K""}, ""shares_outstanding"": {""filed_date"": ""2018-02-28"", ""form_type"": ""10-K""}}",197
KMI,"Kinder Morgan, Inc.",0.03698418795244731,0.07447348050076075,5,,0.04055515522881153,2,5,1,10,4,0.37087587318645887,0.37087587318645887,1.8724905046120455,32.82,73083643881.41394,3487500000.0,0.0,9305000000.0,1843000000.0,2790000000.0,Energy,0.09,2026-08-17T07:16:15.726676,True,True,2026-08-17T07:04:15.149357,"{""revenue"": {""filed_date"": ""2026-07-24"", ""form_type"": ""10-Q""}, ""operating_income"": {""filed_date"": ""2026-07-24"", ""form_type"": ""10-Q""}, ""net_income"": {""filed_date"": ""2026-07-24"", ""form_type"": ""10-Q""}, ""total_assets"": {""filed_date"": ""2026-07-24"", ""form_type"": ""10-Q""}, ""current_assets"": {""filed_date"": ""2026-07-24"", ""form_type"": ""10-Q""}, ""current_liabilities"": {""filed_date"": ""2026-07-24"", ""form_type"": ""10-Q""}, ""long_term_debt"": {""filed_date"": ""2018-04-24"", ""form_type"": ""10-Q""}, ""cash_and_equivalents"": {""filed_date"": ""2026-07-24"", ""form_type"": ""10-Q""}, ""ppe"": {""filed_date"": ""2026-07-24"", ""form_type"": ""10-Q""}, ""stockholders_equity"": {""filed_date"": ""2026-07-24"", ""form_type"": ""10-Q""}, ""operating_cash_flow"": {""filed_date"": ""2026-07-24"", ""form_type"": ""10-Q""}, ""capex"": {""filed_date"": ""2026-07-24"", ""form_type"": ""10-Q""}, ""total_debt"": {""filed_date"": ""2026-07-24"", ""form_type"": ""10-Q""}, ""shares_outstanding"": {""filed_date"": ""2026-07-24"", ""form_type"": ""10-Q""}}",198
VVV,Valvoline Inc.,0.03683063698887115,0.18668621195136673,5,,-0.11378960590955707,1,5,0,10,3,0.12455142231947483,0.12455142231947483,3.720261437908497,34.19,4360458365.865849,270625000.0,0.0,2285000000.0,76500000.0,216500000.0,Consumer Discretionary,0.01,2026-08-17T07:16:15.745174,True,True,2026-08-17T07:04:15.149357,"{""revenue"": {""filed_date"": ""2018-11-21"", ""form_type"": ""10-K""}, ""operating_income"": {""filed_date"": ""2026-08-05"", ""form_type"": ""10-Q""}, ""net_income"": {""filed_date"": ""2026-08-05"", ""form_type"": ""10-Q""}, ""total_assets"": {""filed_date"": ""2026-08-05"", ""form_type"": ""10-Q""}, ""current_assets"": {""filed_date"": ""2026-08-05"", ""form_type"": ""10-Q""}, ""current_liabilities"": {""filed_date"": ""2026-08-05"", ""form_type"": ""10-Q""}, ""long_term_debt"": {""filed_date"": ""2026-08-05"", ""form_type"": ""10-Q""}, ""cash_and_equivalents"": {""filed_date"": ""2026-08-05"", ""form_type"": ""10-Q""}, ""ppe"": {""filed_date"": ""2026-08-05"", ""form_type"": ""10-Q""}, ""stockholders_equity"": {""filed_date"": ""2026-08-05"", ""form_type"": ""10-Q""}, ""operating_cash_flow"": {""filed_date"": ""2026-08-05"", ""form_type"": ""10-Q""}, ""capex"": {""filed_date"": ""2026-08-05"", ""form_type"": ""10-Q""}, ""total_debt"": {""filed_date"": ""2026-08-05"", ""form_type"": ""10-Q""}, ""shares_outstanding"": {""filed_date"": ""2026-08-05"", ""form_type"": ""10-Q""}}",199
DCI,"Donaldson Company, Inc.",0.03662536034238895,0.27460265974699966,5,,-0.11385085807319062,1,3,0,7,2,0.10327252276002671,0.10327252276002671,0.9053929121725732,95.95,11121665469.46753,529125000.0,0.0,2844900000.0,324500000.0,423300000.0,Industrials,0.02,2026-08-17T07:16:15.738325,True,True,2026-08-17T07:04:15.149357,"{""revenue"": {""filed_date"": ""2019-09-27"", ""form_type"": ""10-K""}, ""operating_income"": {""filed_date"": ""2026-06-02"", ""form_type"": ""10-Q""}, ""net_income"": {""filed_date"": ""2026-06-02"", ""form_type"": ""10-Q""}, ""total_assets"": {""filed_date"": ""2026-06-02"", ""form_type"": ""10-Q""}, ""current_assets"": {""filed_date"": ""2026-06-02"", ""form_type"": ""10-Q""}, ""current_liabilities"": {""filed_date"": ""2026-06-02"", ""form_type"": ""10-Q""}, ""long_term_debt"": {""filed_date"": ""2025-09-26"", ""form_type"": ""10-K""}, ""cash_and_equivalents"": {""filed_date"": ""2026-06-02"", ""form_type"": ""10-Q""}, ""ppe"": {""filed_date"": ""2026-06-02"", ""form_type"": ""10-Q""}, ""stockholders_equity"": {""filed_date"": ""2026-06-02"", ""form_type"": ""10-Q""}, ""operating_cash_flow"": {""filed_date"": ""2026-06-02"", ""form_type"": ""10-Q""}, ""capex"": {""filed_date"": ""2026-06-02"", ""form_type"": ""10-Q""}, ""total_debt"": {""filed_date"": ""2025-09-26"", ""form_type"": ""10-K""}, ""shares_outstanding"": {""filed_date"": ""2026-06-02"", ""form_type"": ""10-Q""}}",200
OHI,"Omega Healthcare Investors, Inc.",0.03658060579054214,0.043896726948650565,3,,-0.0011318130193464606,1,4,0,7,2,0.6652692486651587,0.6652692486651587,0.8430581934800885,46.53,13917634464.874268,829218750.0,0.0,651201000.0,513872000.0,663375000.0,Real Estate,0.02,2026-08-17T07:16:15.735708,True,True,2026-08-17T07:04:15.149357,"{""revenue"": {""filed_date"": ""2026-07-30"", ""form_type"": ""10-Q""}, ""operating_income"": {""filed_date"": ""2026-07-30"", ""form_type"": ""10-Q""}, ""net_income"": {""filed_date"": ""2026-07-30"", ""form_type"": ""10-Q""}, ""total_assets"": {""filed_date"": ""2026-07-30"", ""form_type"": ""10-Q""}, ""long_term_debt"": {""filed_date"": ""2026-02-09"", ""form_type"": ""10-K""}, ""cash_and_equivalents"": {""filed_date"": ""2026-07-30"", ""form_type"": ""10-Q""}, ""stockholders_equity"": {""filed_date"": ""2026-07-30"", ""form_type"": ""10-Q""}, ""operating_cash_flow"": {""filed_date"": ""2026-07-30"", ""form_type"": ""10-Q""}, ""capex"": {""filed_date"": ""2019-08-08"", ""form_type"": ""10-Q""}, ""total_debt"": {""filed_date"": ""2026-02-09"", ""form_type"": ""10-K""}, ""shares_outstanding"": {""filed_date"": ""2026-07-30"", ""form_type"": ""10-Q""}}",201
SSD,"Simpson Manufacturing Co., Inc.",0.03645266237155961,0.17328696013289036,5,,-0.0564685710456268,1,5,0,10,3,0.1973590989960605,0.1973590989960605,1.1543496641239814,193.78,7942011627.929871,354683750.0,0.0,1259040000.0,215258000.0,283747000.0,Industrials,0.01,2026-08-17T07:16:15.739056,True,True,2026-08-17T07:04:15.149357,"{""revenue"": {""filed_date"": ""2026-08-06"", ""form_type"": ""10-Q""}, ""operating_income"": {""filed_date"": ""2026-08-06"", ""form_type"": ""10-Q""}, ""net_income"": {""filed_date"": ""2026-08-06"", ""form_type"": ""10-Q""}, ""total_assets"": {""filed_date"": ""2026-08-06"", ""form_type"": ""10-Q""}, ""current_assets"": {""filed_date"": ""2026-08-06"", ""form_type"": ""10-Q""}, ""current_liabilities"": {""filed_date"": ""2026-08-06"", ""form_type"": ""10-Q""}, ""long_term_debt"": {""filed_date"": ""2026-08-06"", ""form_type"": ""10-Q""}, ""cash_and_equivalents"": {""filed_date"": ""2026-08-06"", ""form_type"": ""10-Q""}, ""ppe"": {""filed_date"": ""2026-08-06"", ""form_type"": ""10-Q""}, ""stockholders_equity"": {""filed_date"": ""2026-08-06"", ""form_type"": ""10-Q""}, ""operating_cash_flow"": {""filed_date"": ""2026-08-06"", ""form_type"": ""10-Q""}, ""capex"": {""filed_date"": ""2026-08-06"", ""form_type"": ""10-Q""}, ""total_debt"": {""filed_date"": ""2026-08-06"", ""form_type"": ""10-Q""}, ""shares_outstanding"": {""filed_date"": ""2026-02-27"", ""form_type"": ""10-K""}}",202
HRL,Hormel Foods Corporation,0.03634935895283251,0.13880081808953804,6,,0.07456716527109376,2,3,0,8,4,0.07522472216576463,0.07522472216576463,1.5567152213255362,24.54,13503974943.580238,576011250.0,0.0,7021003000.0,339274000.0,460809000.0,Consumer Staples,0.01,2026-08-17T07:16:15.738854,True,True,2026-08-17T07:04:15.149357,"{""revenue"": {""filed_date"": ""2018-09-07"", ""form_type"": ""10-Q""}, ""operating_income"": {""filed_date"": ""2026-05-28"", ""form_type"": ""10-Q""}, ""net_income"": {""filed_date"": ""2026-05-28"", ""form_type"": ""10-Q""}, ""total_assets"": {""filed_date"": ""2026-05-28"", ""form_type"": ""10-Q""}, ""current_assets"": {""filed_date"": ""2026-05-28"", ""form_type"": ""10-Q""}, ""current_liabilities"": {""filed_date"": ""2026-05-28"", ""form_type"": ""10-Q""}, ""long_term_debt"": {""filed_date"": ""2026-05-28"", ""form_type"": ""10-Q""}, ""cash_and_equivalents"": {""filed_date"": ""2026-05-28"", ""form_type"": ""10-Q""}, ""ppe"": {""filed_date"": ""2019-12-06"", ""form_type"": ""10-K""}, ""stockholders_equity"": {""filed_date"": ""2026-05-28"", ""form_type"": ""10-Q""}, ""operating_cash_flow"": {""filed_date"": ""2026-05-28"", ""form_type"": ""10-Q""}, ""capex"": {""filed_date"": ""2026-05-28"", ""form_type"": ""10-Q""}, ""shares_outstanding"": {""filed_date"": ""2026-05-28"", ""form_type"": ""10-Q""}}",203
HALO,"Halozyme Therapeutics, Inc.",0.03583240881301562,0.7396753186736409,4,,0.22589462657632356,3,5,0,9,4,3.458986220553314,3.458986220553314,1.1079239502897658,98.66,11197713095.64209,590213750.0,0.0,121703000.0,379962000.0,472171000.0,Health Care,0.01,2026-08-17T07:16:15.738683,True,True,2026-08-17T07:04:15.149357,"{""revenue"": {""filed_date"": ""2021-02-23"", ""form_type"": ""10-K""}, ""operating_income"": {""filed_date"": ""2026-08-06"", ""form_type"": ""10-Q""}, ""net_income"": {""filed_date"": ""2026-08-06"", ""form_type"": ""10-Q""}, ""total_assets"": {""filed_date"": ""2026-08-06"", ""form_type"": ""10-Q""}, ""current_assets"": {""filed_date"": ""2026-08-06"", ""form_type"": ""10-Q""}, ""current_liabilities"": {""filed_date"": ""2026-08-06"", ""form_type"": ""10-Q""}, ""long_term_debt"": {""filed_date"": ""2026-02-17"", ""form_type"": ""10-K""}, ""cash_and_equivalents"": {""filed_date"": ""2026-08-06"", ""form_type"": ""10-Q""}, ""ppe"": {""filed_date"": ""2026-08-06"", ""form_type"": ""10-Q""}, ""stockholders_equity"": {""filed_date"": ""2026-08-06"", ""form_type"": ""10-Q""}, ""operating_cash_flow"": {""filed_date"": ""2026-08-06"", ""form_type"": ""10-Q""}, ""capex"": {""filed_date"": ""2026-08-06"", ""form_type"": ""10-Q""}, ""total_debt"": {""filed_date"": ""2026-02-17"", ""form_type"": ""10-K""}, ""shares_outstanding"": {""filed_date"": ""2026-08-06"", ""form_type"": ""10-Q""}}",204
ELV,"Elevance Health, Inc.",0.03576169861452695,0.13958295557570263,6,,0.17299926764034435,3,3,2,9,4,0.06204361432616363,0.06204361432616363,1.9352339634335296,400.32,86817115761.19812,4811250000.0,0.0,100655000000.0,3227000000.0,3849000000.0,Health Care,0.12,2026-08-17T07:16:15.725225,True,True,2026-08-17T07:04:15.149357,"{""revenue"": {""filed_date"": ""2026-07-15"", ""form_type"": ""10-Q""}, ""operating_income"": {""filed_date"": ""2026-07-15"", ""form_type"": ""10-Q""}, ""net_income"": {""filed_date"": ""2026-07-15"", ""form_type"": ""10-Q""}, ""total_assets"": {""filed_date"": ""2026-07-15"", ""form_type"": ""10-Q""}, ""current_assets"": {""filed_date"": ""2026-07-15"", ""form_type"": ""10-Q""}, ""current_liabilities"": {""filed_date"": ""2026-07-15"", ""form_type"": ""10-Q""}, ""long_term_debt"": {""filed_date"": ""2026-07-15"", ""form_type"": ""10-Q""}, ""cash_and_equivalents"": {""filed_date"": ""2026-07-15"", ""form_type"": ""10-Q""}, ""ppe"": {""filed_date"": ""2026-07-15"", ""form_type"": ""10-Q""}, ""stockholders_equity"": {""filed_date"": ""2026-07-15"", ""form_type"": ""10-Q""}, ""operating_cash_flow"": {""filed_date"": ""2026-07-15"", ""form_type"": ""10-Q""}, ""capex"": {""filed_date"": ""2026-07-15"", ""form_type"": ""10-Q""}, ""total_debt"": {""filed_date"": ""2026-07-15"", ""form_type"": ""10-Q""}, ""shares_outstanding"": {""filed_date"": ""2026-07-15"", ""form_type"": ""10-Q""}}",205
ZBH,"Zimmer Biomet Holdings, Inc.",0.03533499495030879,0.16185185185185186,5,,0.04160063428980008,2,5,0,10,4,0.1893191359617234,0.1893191359617234,1.8492554410080184,100.65,19197748688.892616,874000000.0,0.0,4263700000.0,436500000.0,699200000.0,Health Care,0.04,2026-08-17T07:16:15.731668,True,True,2026-08-17T07:04:15.149357,"{""revenue"": {""filed_date"": ""2026-08-05"", ""form_type"": ""10-Q""}, ""operating_income"": {""filed_date"": ""2026-08-05"", ""form_type"": ""10-Q""}, ""net_income"": {""filed_date"": ""2026-08-05"", ""form_type"": ""10-Q""}, ""total_assets"": {""filed_date"": ""2026-08-05"", ""form_type"": ""10-Q""}, ""current_assets"": {""filed_date"": ""2026-08-05"", ""form_type"": ""10-Q""}, ""current_liabilities"": {""filed_date"": ""2026-08-05"", ""form_type"": ""10-Q""}, ""long_term_debt"": {""filed_date"": ""2025-02-25"", ""form_type"": ""10-K""}, ""cash_and_equivalents"": {""filed_date"": ""2026-08-05"", ""form_type"": ""10-Q""}, ""ppe"": {""filed_date"": ""2026-08-05"", ""form_type"": ""10-Q""}, ""stockholders_equity"": {""filed_date"": ""2026-08-05"", ""form_type"": ""10-Q""}, ""operating_cash_flow"": {""filed_date"": ""2026-08-05"", ""form_type"": ""10-Q""}, ""capex"": {""filed_date"": ""2026-08-05"", ""form_type"": ""10-Q""}, ""total_debt"": {""filed_date"": ""2025-02-25"", ""form_type"": ""10-K""}, ""shares_outstanding"": {""filed_date"": ""2026-08-05"", ""form_type"": ""10-Q""}}",206
DAL,"Delta Air Lines, Inc.",0.03529923624595171,0.32701880530973454,5,,0.2710270890123986,3,5,2,10,4,0.3748836343325265,0.3748836343325265,3.062357414448669,89.35,58758616727.04689,2956250000.0,0.0,10742000000.0,1315000000.0,2365000000.0,Industrials,0.07,2026-08-17T07:16:15.728053,True,True,2026-08-17T07:04:15.149357,"{""revenue"": {""filed_date"": ""2019-02-15"", ""form_type"": ""10-K""}, ""operating_income"": {""filed_date"": ""2026-07-10"", ""form_type"": ""10-Q""}, ""net_income"": {""filed_date"": ""2026-07-10"", ""form_type"": ""10-Q""}, ""total_assets"": {""filed_date"": ""2026-07-10"", ""form_type"": ""10-Q""}, ""current_assets"": {""filed_date"": ""2026-07-10"", ""form_type"": ""10-Q""}, ""current_liabilities"": {""filed_date"": ""2026-07-10"", ""form_type"": ""10-Q""}, ""long_term_debt"": {""filed_date"": ""2026-07-10"", ""form_type"": ""10-Q""}, ""cash_and_equivalents"": {""filed_date"": ""2026-07-10"", ""form_type"": ""10-Q""}, ""ppe"": {""filed_date"": ""2020-10-14"", ""form_type"": ""10-Q""}, ""stockholders_equity"": {""filed_date"": ""2026-07-10"", ""form_type"": ""10-Q""}, ""operating_cash_flow"": {""filed_date"": ""2026-07-10"", ""form_type"": ""10-Q""}, ""total_debt"": {""filed_date"": ""2026-07-10"", ""form_type"": ""10-Q""}, ""shares_outstanding"": {""filed_date"": ""2026-07-10"", ""form_type"": ""10-Q""}}",207
OC,Owens Corning,0.03524495313148343,0.13010590015128592,5,,0.17289120149904905,3,3,0,7,3,0.030649415902524808,0.030649415902524808,2.0165289256198347,154.67,12226459654.867538,752500000.0,0.0,7961000000.0,121000000.0,602000000.0,Industrials,0.02,2026-08-17T07:16:15.734935,True,True,2026-08-17T07:04:15.149357,"{""revenue"": {""filed_date"": ""2025-11-05"", ""form_type"": ""10-Q""}, ""operating_income"": {""filed_date"": ""2026-08-05"", ""form_type"": ""10-Q""}, ""net_income"": {""filed_date"": ""2026-08-05"", ""form_type"": ""10-Q""}, ""total_assets"": {""filed_date"": ""2026-08-05"", ""form_type"": ""10-Q""}, ""current_assets"": {""filed_date"": ""2026-08-05"", ""form_type"": ""10-Q""}, ""current_liabilities"": {""filed_date"": ""2026-08-05"", ""form_type"": ""10-Q""}, ""long_term_debt"": {""filed_date"": ""2026-08-05"", ""form_type"": ""10-Q""}, ""cash_and_equivalents"": {""filed_date"": ""2026-08-05"", ""form_type"": ""10-Q""}, ""ppe"": {""filed_date"": ""2026-08-05"", ""form_type"": ""10-Q""}, ""stockholders_equity"": {""filed_date"": ""2026-08-05"", ""form_type"": ""10-Q""}, ""operating_cash_flow"": {""filed_date"": ""2026-08-05"", ""form_type"": ""10-Q""}, ""total_debt"": {""filed_date"": ""2026-08-05"", ""form_type"": ""10-Q""}, ""shares_outstanding"": {""filed_date"": ""2026-08-05"", ""form_type"": ""10-Q""}}",208
EQR,Equity Residential,0.03523506176221633,0.0422820741146596,4,,0.06273669182489343,2,5,0,9,4,1.0294124974902137,1.0294124974902137,3.439519327764012,65.97,24733518772.786865,1450731250.0,0.0,682329000.0,204214000.0,1160585000.0,Real Estate,0.04,2026-08-17T07:16:15.730518,True,True,2026-08-17T07:04:15.149357,"{""revenue"": {""filed_date"": ""2020-05-07"", ""form_type"": ""10-Q""}, ""operating_income"": {""filed_date"": ""2024-02-15"", ""form_type"": ""10-K""}, ""net_income"": {""filed_date"": ""2026-07-30"", ""form_type"": ""10-Q""}, ""total_assets"": {""filed_date"": ""2026-07-30"", ""form_type"": ""10-Q""}, ""long_term_debt"": {""filed_date"": ""2026-02-13"", ""form_type"": ""10-K""}, ""cash_and_equivalents"": {""filed_date"": ""2026-07-30"", ""form_type"": ""10-Q""}, ""stockholders_equity"": {""filed_date"": ""2026-07-30"", ""form_type"": ""10-Q""}, ""operating_cash_flow"": {""filed_date"": ""2026-07-30"", ""form_type"": ""10-Q""}, ""total_debt"": {""filed_date"": ""2026-02-13"", ""form_type"": ""10-K""}, ""shares_outstanding"": {""filed_date"": ""2026-07-30"", ""form_type"": ""10-Q""}}",209
FSLR,"First Solar, Inc.",0.03522268734591771,0.08991915188014653,3,,-0.002167686293071484,1,0,0,2,0,-0.1712823022681514,,-0.4677231054046605,225.56,24240885118.902588,994611250.0,0.0,2100433000.0,769188000.0,795689000.0,Information Technology,0.03,2026-08-17T07:16:15.731850,True,True,2026-08-17T07:04:15.149357,"{""revenue"": {""filed_date"": ""2026-07-30"", ""form_type"": ""10-Q""}, ""operating_income"": {""filed_date"": ""2026-07-30"", ""form_type"": ""10-Q""}, ""net_income"": {""filed_date"": ""2026-07-30"", ""form_type"": ""10-Q""}, ""total_assets"": {""filed_date"": ""2026-07-30"", ""form_type"": ""10-Q""}, ""current_assets"": {""filed_date"": ""2026-07-30"", ""form_type"": ""10-Q""}, ""current_liabilities"": {""filed_date"": ""2026-07-30"", ""form_type"": ""10-Q""}, ""long_term_debt"": {""filed_date"": ""2023-07-27"", ""form_type"": ""10-Q""}, ""cash_and_equivalents"": {""filed_date"": ""2026-07-30"", ""form_type"": ""10-Q""}, ""ppe"": {""filed_date"": ""2026-07-30"", ""form_type"": ""10-Q""}, ""stockholders_equity"": {""filed_date"": ""2026-07-30"", ""form_type"": ""10-Q""}, ""operating_cash_flow"": {""filed_date"": ""2026-07-30"", ""form_type"": ""10-Q""}, ""capex"": {""filed_date"": ""2026-07-30"", ""form_type"": ""10-Q""}, ""total_debt"": {""filed_date"": ""2026-07-30"", ""form_type"": ""10-Q""}, ""shares_outstanding"": {""filed_date"": ""2026-07-30"", ""form_type"": ""10-Q""}}",210
TRGP,Targa Resources Corp.,0.03518515296747636,0.09341759198585316,5,,0.24157256559082835,3,5,1,10,4,0.25551858274359096,0.25551858274359096,1.7527728660986979,275.79,59137933113.88632,2601750000.0,0.0,8534800000.0,1244200000.0,2081400000.0,Energy,0.06,2026-08-17T07:16:15.728673,True,True,2026-08-17T07:04:15.149357,"{""revenue"": {""filed_date"": ""2026-08-06"", ""form_type"": ""10-Q""}, ""operating_income"": {""filed_date"": ""2026-08-06"", ""form_type"": ""10-Q""}, ""net_income"": {""filed_date"": ""2026-08-06"", ""form_type"": ""10-Q""}, ""total_assets"": {""filed_date"": ""2026-08-06"", ""form_type"": ""10-Q""}, ""current_assets"": {""filed_date"": ""2026-08-06"", ""form_type"": ""10-Q""}, ""current_liabilities"": {""filed_date"": ""2026-08-06"", ""form_type"": ""10-Q""}, ""long_term_debt"": {""filed_date"": ""2026-08-06"", ""form_type"": ""10-Q""}, ""cash_and_equivalents"": {""filed_date"": ""2026-08-06"", ""form_type"": ""10-Q""}, ""ppe"": {""filed_date"": ""2026-08-06"", ""form_type"": ""10-Q""}, ""stockholders_equity"": {""filed_date"": ""2026-08-06"", ""form_type"": ""10-Q""}, ""operating_cash_flow"": {""filed_date"": ""2026-08-06"", ""form_type"": ""10-Q""}, ""capex"": {""filed_date"": ""2026-08-06"", ""form_type"": ""10-Q""}, ""total_debt"": {""filed_date"": ""2022-02-24"", ""form_type"": ""10-K""}, ""shares_outstanding"": {""filed_date"": ""2026-08-06"", ""form_type"": ""10-Q""}}",211
LEN,Lennar Corporation,0.034856198905736505,0.0418274386868838,3,,-0.2769197711959859,1,0,1,3,0,-0.04930749646206684,,-1.343963830723292,86.83,20916925620.95218,1003667500.0,0.0,14559348000.0,534155000.0,802934000.0,Consumer Discretionary,0.05,2026-08-17T07:16:15.729291,True,True,2026-08-17T07:04:15.149357,"{""revenue"": {""filed_date"": ""2026-06-29"", ""form_type"": ""10-Q""}, ""operating_income"": {""filed_date"": ""2022-04-01"", ""form_type"": ""10-Q""}, ""net_income"": {""filed_date"": ""2026-06-29"", ""form_type"": ""10-Q""}, ""total_assets"": {""filed_date"": ""2026-06-29"", ""form_type"": ""10-Q""}, ""long_term_debt"": {""filed_date"": ""2026-01-28"", ""form_type"": ""10-K""}, ""cash_and_equivalents"": {""filed_date"": ""2026-01-28"", ""form_type"": ""10-K""}, ""ppe"": {""filed_date"": ""2026-01-28"", ""form_type"": ""10-K""}, ""stockholders_equity"": {""filed_date"": ""2026-06-29"", ""form_type"": ""10-Q""}, ""operating_cash_flow"": {""filed_date"": ""2026-06-29"", ""form_type"": ""10-Q""}, ""capex"": {""filed_date"": ""2026-06-29"", ""form_type"": ""10-Q""}, ""total_debt"": {""filed_date"": ""2026-01-28"", ""form_type"": ""10-K""}, ""shares_outstanding"": {""filed_date"": ""2026-06-29"", ""form_type"": ""10-Q""}}",212
MKTX,MarketAxess Holdings Inc.,0.034845674929777914,0.0418148099157335,3,,-0.0762911603040053,1,0,0,2,0,-0.42293878689610687,,-0.33233781090097064,162.57,5721308547.630432,238497500.0,0.0,114714000.0,145987000.0,190798000.0,Financials,0.01,2026-08-17T07:16:15.740982,True,True,2026-08-17T07:04:15.149357,"{""revenue"": {""filed_date"": ""2018-04-26"", ""form_type"": ""10-Q""}, ""operating_income"": {""filed_date"": ""2026-08-07"", ""form_type"": ""10-Q""}, ""net_income"": {""filed_date"": ""2026-08-07"", ""form_type"": ""10-Q""}, ""total_assets"": {""filed_date"": ""2026-08-07"", ""form_type"": ""10-Q""}, ""cash_and_equivalents"": {""filed_date"": ""2026-08-07"", ""form_type"": ""10-Q""}, ""ppe"": {""filed_date"": ""2026-08-07"", ""form_type"": ""10-Q""}, ""stockholders_equity"": {""filed_date"": ""2026-08-07"", ""form_type"": ""10-Q""}, ""operating_cash_flow"": {""filed_date"": ""2026-08-07"", ""form_type"": ""10-Q""}, ""capex"": {""filed_date"": ""2026-08-07"", ""form_type"": ""10-Q""}, ""shares_outstanding"": {""filed_date"": ""2026-08-07"", ""form_type"": ""10-Q""}}",213
WTRG,"Essential Utilities, Inc.",0.034736184110679795,0.03448488244065369,5,,0.038516766080153586,2,5,0,10,4,0.42293156821026373,0.42293156821026373,1.7841553146308733,40.38,11453100156.49271,629891250.0,0.0,1392613000.0,330117000.0,503913000.0,Utilities,0.02,2026-08-17T07:16:15.736740,True,True,2026-08-17T07:04:15.149357,"{""revenue"": {""filed_date"": ""2026-08-05"", ""form_type"": ""10-Q""}, ""operating_income"": {""filed_date"": ""2026-08-05"", ""form_type"": ""10-Q""}, ""net_income"": {""filed_date"": ""2026-08-05"", ""form_type"": ""10-Q""}, ""total_assets"": {""filed_date"": ""2026-08-05"", ""form_type"": ""10-Q""}, ""current_assets"": {""filed_date"": ""2026-08-05"", ""form_type"": ""10-Q""}, ""current_liabilities"": {""filed_date"": ""2026-08-05"", ""form_type"": ""10-Q""}, ""long_term_debt"": {""filed_date"": ""2023-03-01"", ""form_type"": ""10-K""}, ""cash_and_equivalents"": {""filed_date"": ""2026-08-05"", ""form_type"": ""10-Q""}, ""ppe"": {""filed_date"": ""2026-08-05"", ""form_type"": ""10-Q""}, ""stockholders_equity"": {""filed_date"": ""2026-08-05"", ""form_type"": ""10-Q""}, ""operating_cash_flow"": {""filed_date"": ""2026-08-05"", ""form_type"": ""10-Q""}, ""capex"": {""filed_date"": ""2026-03-25"", ""form_type"": ""8-K""}, ""total_debt"": {""filed_date"": ""2023-03-01"", ""form_type"": ""10-K""}, ""shares_outstanding"": {""filed_date"": ""2018-02-28"", ""form_type"": ""10-K""}}",214
TDG,TransDigm Group Incorporated,0.034655731981628586,0.4969006775263082,4,,-0.034720539313960914,1,5,1,10,3,0.22341128286431497,0.22341128286431497,1.1132323897300855,1256.9,69477065622.02454,4308750000.0,0.0,7569000000.0,1519000000.0,3447000000.0,Industrials,0.13,2026-08-17T07:16:15.725003,True,True,2026-08-17T07:04:15.149357,"{""revenue"": {""filed_date"": ""2026-08-04"", ""form_type"": ""10-Q""}, ""operating_income"": {""filed_date"": ""2026-08-04"", ""form_type"": ""10-Q""}, ""net_income"": {""filed_date"": ""2026-08-04"", ""form_type"": ""10-Q""}, ""total_assets"": {""filed_date"": ""2026-08-04"", ""form_type"": ""10-Q""}, ""current_assets"": {""filed_date"": ""2026-08-04"", ""form_type"": ""10-Q""}, ""current_liabilities"": {""filed_date"": ""2026-08-04"", ""form_type"": ""10-Q""}, ""long_term_debt"": {""filed_date"": ""2026-08-04"", ""form_type"": ""10-Q""}, ""cash_and_equivalents"": {""filed_date"": ""2026-08-04"", ""form_type"": ""10-Q""}, ""ppe"": {""filed_date"": ""2026-08-04"", ""form_type"": ""10-Q""}, ""stockholders_equity"": {""filed_date"": ""2026-08-04"", ""form_type"": ""10-Q""}, ""operating_cash_flow"": {""filed_date"": ""2026-08-04"", ""form_type"": ""10-Q""}, ""capex"": {""filed_date"": ""2026-08-04"", ""form_type"": ""10-Q""}, ""total_debt"": {""filed_date"": ""2026-08-04"", ""form_type"": ""10-Q""}, ""shares_outstanding"": {""filed_date"": ""2013-08-12"", ""form_type"": ""8-K""}}",215
AON,Aon plc,0.034406704631547075,1.594906003638569,4,,0.09701172087793024,2,4,1,8,4,0.3063063063063063,0.3063063063063063,0.5592739648326716,355.83,75480590331.85602,3287500000.0,0.0,3219000000.0,1763000000.0,2630000000.0,Financials,0.13,2026-08-17T07:16:15.724971,True,True,2026-08-17T07:04:15.149357,"{""revenue"": {""filed_date"": ""2020-05-01"", ""form_type"": ""10-Q""}, ""operating_income"": {""filed_date"": ""2026-07-29"", ""form_type"": ""10-Q""}, ""net_income"": {""filed_date"": ""2026-07-29"", ""form_type"": ""10-Q""}, ""total_assets"": {""filed_date"": ""2026-07-29"", ""form_type"": ""10-Q""}, ""current_assets"": {""filed_date"": ""2026-07-29"", ""form_type"": ""10-Q""}, ""current_liabilities"": {""filed_date"": ""2026-07-29"", ""form_type"": ""10-Q""}, ""long_term_debt"": {""filed_date"": ""2026-02-13"", ""form_type"": ""10-K""}, ""cash_and_equivalents"": {""filed_date"": ""2026-07-29"", ""form_type"": ""10-Q""}, ""ppe"": {""filed_date"": ""2026-07-29"", ""form_type"": ""10-Q""}, ""stockholders_equity"": {""filed_date"": ""2026-07-29"", ""form_type"": ""10-Q""}, ""operating_cash_flow"": {""filed_date"": ""2026-07-29"", ""form_type"": ""10-Q""}, ""capex"": {""filed_date"": ""2026-07-29"", ""form_type"": ""10-Q""}, ""total_debt"": {""filed_date"": ""2026-07-29"", ""form_type"": ""10-Q""}, ""shares_outstanding"": {""filed_date"": ""2016-02-22"", ""form_type"": ""10-K""}}",216
QSR,Restaurant Brands International Inc.,0.034249080911783455,0.5852146967684816,3,,0.16014447383697467,3,4,0,7,3,0.15823578595317725,0.15823578595317725,0.7041860465116279,77.64,27077575953.73497,1652500000.0,0.0,4784000000.0,1075000000.0,1322000000.0,Consumer Discretionary,0.03,2026-08-17T07:16:15.731881,True,True,2026-08-17T07:04:15.149357,"{""revenue"": {""filed_date"": ""2026-08-06"", ""form_type"": ""10-Q""}, ""operating_income"": {""filed_date"": ""2026-08-06"", ""form_type"": ""10-Q""}, ""net_income"": {""filed_date"": ""2026-04-23"", ""form_type"": ""DEF 14A""}, ""total_assets"": {""filed_date"": ""2026-08-06"", ""form_type"": ""10-Q""}, ""current_assets"": {""filed_date"": ""2026-08-06"", ""form_type"": ""10-Q""}, ""current_liabilities"": {""filed_date"": ""2026-08-06"", ""form_type"": ""10-Q""}, ""long_term_debt"": {""filed_date"": ""2026-08-06"", ""form_type"": ""10-Q""}, ""cash_and_equivalents"": {""filed_date"": ""2019-10-28"", ""form_type"": ""10-Q""}, ""ppe"": {""filed_date"": ""2026-08-06"", ""form_type"": ""10-Q""}, ""stockholders_equity"": {""filed_date"": ""2026-08-06"", ""form_type"": ""10-Q""}, ""operating_cash_flow"": {""filed_date"": ""2026-08-06"", ""form_type"": ""10-Q""}, ""capex"": {""filed_date"": ""2026-08-06"", ""form_type"": ""10-Q""}, ""total_debt"": {""filed_date"": ""2026-08-06"", ""form_type"": ""10-Q""}, ""shares_outstanding"": {""filed_date"": ""2026-08-06"", ""form_type"": ""10-Q""}}",217
MHK,"Mohawk Industries, Inc.",0.03423145389634677,0.048078187892978345,5,,0.06208780391201517,2,3,0,7,3,,,1.3620689655172413,140.1,9490114527.940826,456875000.0,0.0,-116348000.0,313200000.0,365500000.0,Consumer Discretionary,0.01,2026-08-17T07:16:15.741222,True,True,2026-08-17T07:04:15.149357,"{""revenue"": {""filed_date"": ""2015-02-27"", ""form_type"": ""10-K""}, ""operating_income"": {""filed_date"": ""2026-07-31"", ""form_type"": ""10-Q""}, ""net_income"": {""filed_date"": ""2026-07-31"", ""form_type"": ""10-Q""}, ""total_assets"": {""filed_date"": ""2026-07-31"", ""form_type"": ""10-Q""}, ""current_assets"": {""filed_date"": ""2026-07-31"", ""form_type"": ""10-Q""}, ""current_liabilities"": {""filed_date"": ""2026-07-31"", ""form_type"": ""10-Q""}, ""long_term_debt"": {""filed_date"": ""2026-02-24"", ""form_type"": ""10-K""}, ""cash_and_equivalents"": {""filed_date"": ""2026-07-31"", ""form_type"": ""10-Q""}, ""ppe"": {""filed_date"": ""2026-07-31"", ""form_type"": ""10-Q""}, ""stockholders_equity"": {""filed_date"": ""2026-07-31"", ""form_type"": ""10-Q""}, ""operating_cash_flow"": {""filed_date"": ""2026-07-31"", ""form_type"": ""10-Q""}, ""capex"": {""filed_date"": ""2026-07-31"", ""form_type"": ""10-Q""}, ""total_debt"": {""filed_date"": ""2026-02-24"", ""form_type"": ""10-K""}, ""shares_outstanding"": {""filed_date"": ""2024-07-26"", ""form_type"": ""10-Q""}}",218
COKE,"Coca-Cola Consolidated, Inc.",0.03408462798417198,0.26707468190399414,5,,0.14160964995586844,3,4,0,8,4,0.10788343325413532,0.10788343325413532,1.555779522666499,189.11,12587973678.96762,636078750.0,0.0,3899088000.0,270377000.0,508863000.0,Consumer Staples,0.01,2026-08-17T07:16:15.743522,True,True,2026-08-17T07:04:15.149357,"{""revenue"": {""filed_date"": ""2026-08-05"", ""form_type"": ""10-Q""}, ""operating_income"": {""filed_date"": ""2026-08-05"", ""form_type"": ""10-Q""}, ""net_income"": {""filed_date"": ""2026-08-05"", ""form_type"": ""10-Q""}, ""total_assets"": {""filed_date"": ""2026-08-05"", ""form_type"": ""10-Q""}, ""current_assets"": {""filed_date"": ""2026-08-05"", ""form_type"": ""10-Q""}, ""current_liabilities"": {""filed_date"": ""2026-08-05"", ""form_type"": ""10-Q""}, ""long_term_debt"": {""filed_date"": ""2026-08-05"", ""form_type"": ""10-Q""}, ""cash_and_equivalents"": {""filed_date"": ""2026-08-05"", ""form_type"": ""10-Q""}, ""ppe"": {""filed_date"": ""2026-08-05"", ""form_type"": ""10-Q""}, ""stockholders_equity"": {""filed_date"": ""2026-08-05"", ""form_type"": ""10-Q""}, ""operating_cash_flow"": {""filed_date"": ""2026-08-05"", ""form_type"": ""10-Q""}, ""capex"": {""filed_date"": ""2026-08-05"", ""form_type"": ""10-Q""}, ""total_debt"": {""filed_date"": ""2026-08-05"", ""form_type"": ""10-Q""}, ""shares_outstanding"": {""filed_date"": ""2020-02-25"", ""form_type"": ""10-K""}}",219
SNA,Snap-on Incorporated,0.03404043427964082,0.1762427372498386,5,,0.07129678732174628,2,5,0,10,4,0.2422155801899285,0.2422155801899285,1.2612293144208038,403.56,20874998035.153076,819000000.0,0.0,2643100000.0,507600000.0,655200000.0,Industrials,0.03,2026-08-17T07:16:15.732931,True,True,2026-08-17T07:04:15.149357,"{""revenue"": {""filed_date"": ""2026-07-23"", ""form_type"": ""10-Q""}, ""operating_income"": {""filed_date"": ""2026-07-23"", ""form_type"": ""10-Q""}, ""net_income"": {""filed_date"": ""2026-07-23"", ""form_type"": ""10-Q""}, ""total_assets"": {""filed_date"": ""2026-07-23"", ""form_type"": ""10-Q""}, ""current_assets"": {""filed_date"": ""2026-07-23"", ""form_type"": ""10-Q""}, ""current_liabilities"": {""filed_date"": ""2026-07-23"", ""form_type"": ""10-Q""}, ""long_term_debt"": {""filed_date"": ""2026-07-23"", ""form_type"": ""10-Q""}, ""cash_and_equivalents"": {""filed_date"": ""2026-07-23"", ""form_type"": ""10-Q""}, ""ppe"": {""filed_date"": ""2019-10-17"", ""form_type"": ""10-Q""}, ""stockholders_equity"": {""filed_date"": ""2026-07-23"", ""form_type"": ""10-Q""}, ""operating_cash_flow"": {""filed_date"": ""2026-07-23"", ""form_type"": ""10-Q""}, ""total_debt"": {""filed_date"": ""2022-02-11"", ""form_type"": ""10-K""}, ""shares_outstanding"": {""filed_date"": ""2026-07-23"", ""form_type"": ""10-Q""}}",220
FCN,"FTI Consulting, Inc.",0.03346373242734464,0.1745113696112753,4,,-0.05229975564795669,1,0,0,3,1,-0.04162970521188844,,-1.3663169930960404,151.85,4192817832.2776794,211172500.0,0.0,3788857000.0,115441000.0,168938000.0,Industrials,0.01,2026-08-17T07:16:15.743946,True,True,2026-08-17T07:04:15.149357,"{""revenue"": {""filed_date"": ""2026-02-26"", ""form_type"": ""10-K""}, ""operating_income"": {""filed_date"": ""2026-07-30"", ""form_type"": ""10-Q""}, ""net_income"": {""filed_date"": ""2026-07-30"", ""form_type"": ""10-Q""}, ""total_assets"": {""filed_date"": ""2026-07-30"", ""form_type"": ""10-Q""}, ""current_assets"": {""filed_date"": ""2026-07-30"", ""form_type"": ""10-Q""}, ""current_liabilities"": {""filed_date"": ""2026-07-30"", ""form_type"": ""10-Q""}, ""long_term_debt"": {""filed_date"": ""2026-07-30"", ""form_type"": ""10-Q""}, ""cash_and_equivalents"": {""filed_date"": ""2026-07-30"", ""form_type"": ""10-Q""}, ""ppe"": {""filed_date"": ""2026-07-30"", ""form_type"": ""10-Q""}, ""stockholders_equity"": {""filed_date"": ""2026-07-30"", ""form_type"": ""10-Q""}, ""operating_cash_flow"": {""filed_date"": ""2026-07-30"", ""form_type"": ""10-Q""}, ""capex"": {""filed_date"": ""2026-07-30"", ""form_type"": ""10-Q""}, ""total_debt"": {""filed_date"": ""2026-07-30"", ""form_type"": ""10-Q""}, ""shares_outstanding"": {""filed_date"": ""2026-07-30"", ""form_type"": ""10-Q""}}",221
UTHR,United Therapeutics Corporation,0.033447838463890905,0.13662089055347482,5,,0.0358815908892361,2,5,0,10,4,0.523764578979303,0.523764578979303,1.2780062510281296,499.73,21433765984.371216,820750000.0,0.0,1483300000.0,607900000.0,656600000.0,Health Care,0.02,2026-08-17T07:16:15.734877,True,True,2026-08-17T07:04:15.149357,"{""revenue"": {""filed_date"": ""2021-02-24"", ""form_type"": ""10-K""}, ""operating_income"": {""filed_date"": ""2026-08-05"", ""form_type"": ""10-Q""}, ""net_income"": {""filed_date"": ""2026-08-05"", ""form_type"": ""10-Q""}, ""total_assets"": {""filed_date"": ""2026-08-05"", ""form_type"": ""10-Q""}, ""current_assets"": {""filed_date"": ""2026-08-05"", ""form_type"": ""10-Q""}, ""current_liabilities"": {""filed_date"": ""2026-08-05"", ""form_type"": ""10-Q""}, ""cash_and_equivalents"": {""filed_date"": ""2026-08-05"", ""form_type"": ""10-Q""}, ""ppe"": {""filed_date"": ""2026-08-05"", ""form_type"": ""10-Q""}, ""stockholders_equity"": {""filed_date"": ""2026-08-05"", ""form_type"": ""10-Q""}, ""operating_cash_flow"": {""filed_date"": ""2026-08-05"", ""form_type"": ""10-Q""}, ""capex"": {""filed_date"": ""2026-08-05"", ""form_type"": ""10-Q""}, ""shares_outstanding"": {""filed_date"": ""2026-08-05"", ""form_type"": ""10-Q""}}",222
IP,International Paper Company,0.033317043356786535,0.04677761357064833,5,,-0.13892278139368006,1,3,1,8,2,0.09494780793319416,0.09494780793319416,23.6875,40.74,21574678411.165485,910000000.0,0.0,11975000000.0,48000000.0,728000000.0,Materials,0.04,2026-08-17T07:16:15.730235,True,True,2026-08-17T07:04:15.149357,"{""revenue"": {""filed_date"": ""2026-08-05"", ""form_type"": ""10-Q""}, ""operating_income"": {""filed_date"": ""2024-11-01"", ""form_type"": ""10-Q""}, ""net_income"": {""filed_date"": ""2026-08-05"", ""form_type"": ""10-Q""}, ""total_assets"": {""filed_date"": ""2026-08-05"", ""form_type"": ""10-Q""}, ""current_assets"": {""filed_date"": ""2026-08-05"", ""form_type"": ""10-Q""}, ""current_liabilities"": {""filed_date"": ""2026-08-05"", ""form_type"": ""10-Q""}, ""long_term_debt"": {""filed_date"": ""2011-02-25"", ""form_type"": ""10-K""}, ""cash_and_equivalents"": {""filed_date"": ""2026-08-05"", ""form_type"": ""10-Q""}, ""ppe"": {""filed_date"": ""2026-08-05"", ""form_type"": ""10-Q""}, ""stockholders_equity"": {""filed_date"": ""2026-08-05"", ""form_type"": ""10-Q""}, ""operating_cash_flow"": {""filed_date"": ""2026-08-05"", ""form_type"": ""10-Q""}, ""capex"": {""filed_date"": ""2010-02-25"", ""form_type"": ""10-K""}, ""total_debt"": {""filed_date"": ""2026-08-05"", ""form_type"": ""10-Q""}, ""shares_outstanding"": {""filed_date"": ""2026-08-05"", ""form_type"": ""10-Q""}}",223
NNN,"NNN REIT, Inc.",0.03330932900073524,0.039971194800882286,5,,0.05495905268214577,2,5,0,10,4,0.6779157812209866,0.6779157812209866,1.7124638436482085,46.0,8751416142.0,372531250.0,0.0,484690000.0,191875000.0,298025000.0,Real Estate,0.01,2026-08-17T07:16:15.739648,True,True,2026-08-17T07:04:15.149357,"{""revenue"": {""filed_date"": ""2026-08-05"", ""form_type"": ""10-Q""}, ""operating_income"": {""filed_date"": ""2026-08-05"", ""form_type"": ""10-Q""}, ""net_income"": {""filed_date"": ""2026-08-05"", ""form_type"": ""10-Q""}, ""total_assets"": {""filed_date"": ""2026-08-05"", ""form_type"": ""10-Q""}, ""long_term_debt"": {""filed_date"": ""2026-02-11"", ""form_type"": ""10-K""}, ""cash_and_equivalents"": {""filed_date"": ""2026-08-05"", ""form_type"": ""10-Q""}, ""stockholders_equity"": {""filed_date"": ""2026-08-05"", ""form_type"": ""10-Q""}, ""operating_cash_flow"": {""filed_date"": ""2026-08-05"", ""form_type"": ""10-Q""}, ""total_debt"": {""filed_date"": ""2026-02-11"", ""form_type"": ""10-K""}, ""shares_outstanding"": {""filed_date"": ""2026-08-05"", ""form_type"": ""10-Q""}}",224
OKE,"ONEOK, Inc.",0.03313015142410621,0.06444112627986348,4,,0.13625127298084636,3,5,1,10,4,0.36192899551678176,0.36192899551678176,1.7166666666666666,94.99,59846819265.584625,3776250000.0,0.0,8253000000.0,1740000000.0,3021000000.0,Energy,0.08,2026-08-17T07:16:15.727073,True,True,2026-08-17T07:04:15.149357,"{""revenue"": {""filed_date"": ""2023-08-08"", ""form_type"": ""10-Q""}, ""operating_income"": {""filed_date"": ""2026-08-04"", ""form_type"": ""10-Q""}, ""net_income"": {""filed_date"": ""2026-08-04"", ""form_type"": ""10-Q""}, ""total_assets"": {""filed_date"": ""2026-08-04"", ""form_type"": ""10-Q""}, ""current_assets"": {""filed_date"": ""2026-08-04"", ""form_type"": ""10-Q""}, ""current_liabilities"": {""filed_date"": ""2026-08-04"", ""form_type"": ""10-Q""}, ""long_term_debt"": {""filed_date"": ""2026-08-04"", ""form_type"": ""10-Q""}, ""cash_and_equivalents"": {""filed_date"": ""2026-08-04"", ""form_type"": ""10-Q""}, ""ppe"": {""filed_date"": ""2026-08-04"", ""form_type"": ""10-Q""}, ""stockholders_equity"": {""filed_date"": ""2026-08-04"", ""form_type"": ""10-Q""}, ""operating_cash_flow"": {""filed_date"": ""2026-08-04"", ""form_type"": ""10-Q""}, ""capex"": {""filed_date"": ""2026-08-04"", ""form_type"": ""10-Q""}, ""total_debt"": {""filed_date"": ""2026-08-04"", ""form_type"": ""10-Q""}, ""shares_outstanding"": {""filed_date"": ""2026-08-04"", ""form_type"": ""10-Q""}}",225
LMT,Lockheed Martin Corporation,0.03310816239179923,0.28419471905894134,6,,-0.05185876834593277,1,3,2,9,3,0.0907205125512026,0.0907205125512026,1.039410348977136,608.68,140477713845.67804,5677500000.0,0.0,38084000000.0,3324000000.0,4542000000.0,Industrials,0.16,2026-08-17T07:16:15.724407,True,True,2026-08-17T07:04:15.149357,"{""revenue"": {""filed_date"": ""2026-07-23"", ""form_type"": ""10-Q""}, ""operating_income"": {""filed_date"": ""2026-07-23"", ""form_type"": ""10-Q""}, ""net_income"": {""filed_date"": ""2026-07-23"", ""form_type"": ""10-Q""}, ""total_assets"": {""filed_date"": ""2026-07-23"", ""form_type"": ""10-Q""}, ""current_assets"": {""filed_date"": ""2026-07-23"", ""form_type"": ""10-Q""}, ""current_liabilities"": {""filed_date"": ""2026-07-23"", ""form_type"": ""10-Q""}, ""long_term_debt"": {""filed_date"": ""2026-01-29"", ""form_type"": ""10-K""}, ""cash_and_equivalents"": {""filed_date"": ""2026-07-23"", ""form_type"": ""10-Q""}, ""ppe"": {""filed_date"": ""2026-07-23"", ""form_type"": ""10-Q""}, ""stockholders_equity"": {""filed_date"": ""2026-07-23"", ""form_type"": ""10-Q""}, ""operating_cash_flow"": {""filed_date"": ""2026-07-23"", ""form_type"": ""10-Q""}, ""capex"": {""filed_date"": ""2013-10-25"", ""form_type"": ""10-Q""}, ""total_debt"": {""filed_date"": ""2022-04-20"", ""form_type"": ""10-Q""}, ""shares_outstanding"": {""filed_date"": ""2026-01-29"", ""form_type"": ""10-K""}}",226
CMS,CMS Energy Corporation,0.033069779345648614,0.023465703971119134,5,,-0.049965507146870244,1,5,0,10,3,0.2910726036411494,0.2910726036411494,2.884782608695652,71.11,21967273086.76956,942500000.0,0.0,4559000000.0,460000000.0,754000000.0,Utilities,0.04,2026-08-17T07:16:15.731423,True,True,2026-08-17T07:04:15.149357,"{""revenue"": {""filed_date"": ""2026-07-28"", ""form_type"": ""10-Q""}, ""operating_income"": {""filed_date"": ""2026-07-28"", ""form_type"": ""10-Q""}, ""net_income"": {""filed_date"": ""2026-07-28"", ""form_type"": ""10-Q""}, ""total_assets"": {""filed_date"": ""2026-07-28"", ""form_type"": ""10-Q""}, ""current_assets"": {""filed_date"": ""2026-07-28"", ""form_type"": ""10-Q""}, ""current_liabilities"": {""filed_date"": ""2026-07-28"", ""form_type"": ""10-Q""}, ""long_term_debt"": {""filed_date"": ""2014-07-24"", ""form_type"": ""10-Q""}, ""cash_and_equivalents"": {""filed_date"": ""2026-07-28"", ""form_type"": ""10-Q""}, ""ppe"": {""filed_date"": ""2026-07-28"", ""form_type"": ""10-Q""}, ""stockholders_equity"": {""filed_date"": ""2026-07-28"", ""form_type"": ""10-Q""}, ""operating_cash_flow"": {""filed_date"": ""2026-07-28"", ""form_type"": ""10-Q""}, ""capex"": {""filed_date"": ""2026-07-28"", ""form_type"": ""10-Q""}, ""total_debt"": {""filed_date"": ""2019-10-24"", ""form_type"": ""10-Q""}, ""shares_outstanding"": {""filed_date"": ""2026-07-28"", ""form_type"": ""10-Q""}}",227
ALLE,Allegion plc,0.032951676053800213,0.3831417624521073,4,,0.020997003102410167,2,4,0,8,4,0.1371561942245206,0.1371561942245206,0.46551724137931033,164.78,14012361493.27533,562500000.0,0.0,2185100000.0,643800000.0,450000000.0,Industrials,0.02,2026-08-17T07:16:15.734219,True,True,2026-08-17T07:04:15.149357,"{""revenue"": {""filed_date"": ""2026-07-23"", ""form_type"": ""10-Q""}, ""operating_income"": {""filed_date"": ""2026-07-23"", ""form_type"": ""10-Q""}, ""net_income"": {""filed_date"": ""2026-02-17"", ""form_type"": ""10-K""}, ""total_assets"": {""filed_date"": ""2026-07-23"", ""form_type"": ""10-Q""}, ""current_assets"": {""filed_date"": ""2026-07-23"", ""form_type"": ""10-Q""}, ""current_liabilities"": {""filed_date"": ""2026-07-23"", ""form_type"": ""10-Q""}, ""long_term_debt"": {""filed_date"": ""2026-07-23"", ""form_type"": ""10-Q""}, ""cash_and_equivalents"": {""filed_date"": ""2026-02-17"", ""form_type"": ""10-K""}, ""ppe"": {""filed_date"": ""2026-07-23"", ""form_type"": ""10-Q""}, ""stockholders_equity"": {""filed_date"": ""2024-02-20"", ""form_type"": ""10-K""}, ""operating_cash_flow"": {""filed_date"": ""2026-07-23"", ""form_type"": ""10-Q""}, ""capex"": {""filed_date"": ""2025-02-18"", ""form_type"": ""10-K""}, ""total_debt"": {""filed_date"": ""2026-07-23"", ""form_type"": ""10-Q""}, ""shares_outstanding"": {""filed_date"": ""2026-07-23"", ""form_type"": ""10-Q""}}",228
DGX,Quest Diagnostics Incorporated,0.032936009247925606,0.26198473282442747,5,,0.15032173374538815,3,5,0,10,4,0.1473560121252947,0.1473560121252947,1.5297202797202798,234.4,25871514910.334473,1072500000.0,0.0,5938000000.0,572000000.0,858000000.0,Health Care,0.03,2026-08-17T07:16:15.732035,True,True,2026-08-17T07:04:15.149357,"{""revenue"": {""filed_date"": ""2026-07-23"", ""form_type"": ""10-Q""}, ""operating_income"": {""filed_date"": ""2026-07-23"", ""form_type"": ""10-Q""}, ""net_income"": {""filed_date"": ""2026-07-23"", ""form_type"": ""10-Q""}, ""total_assets"": {""filed_date"": ""2026-07-23"", ""form_type"": ""10-Q""}, ""current_assets"": {""filed_date"": ""2026-07-23"", ""form_type"": ""10-Q""}, ""current_liabilities"": {""filed_date"": ""2026-07-23"", ""form_type"": ""10-Q""}, ""long_term_debt"": {""filed_date"": ""2026-07-23"", ""form_type"": ""10-Q""}, ""cash_and_equivalents"": {""filed_date"": ""2026-07-23"", ""form_type"": ""10-Q""}, ""ppe"": {""filed_date"": ""2026-07-23"", ""form_type"": ""10-Q""}, ""stockholders_equity"": {""filed_date"": ""2026-07-23"", ""form_type"": ""10-Q""}, ""operating_cash_flow"": {""filed_date"": ""2026-07-23"", ""form_type"": ""10-Q""}, ""capex"": {""filed_date"": ""2026-07-23"", ""form_type"": ""10-Q""}, ""total_debt"": {""filed_date"": ""2019-10-23"", ""form_type"": ""10-Q""}, ""shares_outstanding"": {""filed_date"": ""2026-07-23"", ""form_type"": ""10-Q""}}",229
TRV,"The Travelers Companies, Inc.",0.03289582187152453,0.03947498624582944,5,,0.2474101447210698,3,5,2,10,4,0.17086846367902978,0.17086846367902978,1.0497575912222505,370.36,77247842092.62183,3188750000.0,0.0,24077000000.0,3919000000.0,2551000000.0,Financials,0.1,2026-08-17T07:16:15.725704,True,True,2026-08-17T07:04:15.149357,"{""revenue"": {""filed_date"": ""2026-07-17"", ""form_type"": ""10-Q""}, ""operating_income"": {""filed_date"": ""2015-10-20"", ""form_type"": ""10-Q""}, ""net_income"": {""filed_date"": ""2026-07-17"", ""form_type"": ""10-Q""}, ""total_assets"": {""filed_date"": ""2026-07-17"", ""form_type"": ""10-Q""}, ""long_term_debt"": {""filed_date"": ""2015-02-12"", ""form_type"": ""10-K""}, ""stockholders_equity"": {""filed_date"": ""2026-07-17"", ""form_type"": ""10-Q""}, ""operating_cash_flow"": {""filed_date"": ""2026-07-17"", ""form_type"": ""10-Q""}, ""total_debt"": {""filed_date"": ""2026-02-12"", ""form_type"": ""10-K""}, ""shares_outstanding"": {""filed_date"": ""2026-07-17"", ""form_type"": ""10-Q""}}",230
NWSA,News Corporation,0.03277905353865253,0.16447579352356526,5,,0.2626931600147114,3,2,0,6,3,0.007089056269384138,0.007089056269384138,0.11169284467713787,29.16,15756238326.591057,641250000.0,0.0,9028000000.0,573000000.0,513000000.0,Communication,0.02,2026-08-17T07:16:15.736150,True,True,2026-08-17T07:04:15.149357,"{""revenue"": {""filed_date"": ""2026-08-07"", ""form_type"": ""10-K""}, ""operating_income"": {""filed_date"": ""2026-05-08"", ""form_type"": ""10-Q""}, ""net_income"": {""filed_date"": ""2026-08-07"", ""form_type"": ""10-K""}, ""total_assets"": {""filed_date"": ""2026-08-07"", ""form_type"": ""10-K""}, ""current_assets"": {""filed_date"": ""2026-08-07"", ""form_type"": ""10-K""}, ""current_liabilities"": {""filed_date"": ""2026-08-07"", ""form_type"": ""10-K""}, ""long_term_debt"": {""filed_date"": ""2026-08-07"", ""form_type"": ""10-K""}, ""cash_and_equivalents"": {""filed_date"": ""2026-08-07"", ""form_type"": ""10-K""}, ""ppe"": {""filed_date"": ""2026-08-07"", ""form_type"": ""10-K""}, ""stockholders_equity"": {""filed_date"": ""2026-08-07"", ""form_type"": ""10-K""}, ""operating_cash_flow"": {""filed_date"": ""2024-11-08"", ""form_type"": ""10-Q""}, ""capex"": {""filed_date"": ""2026-08-07"", ""form_type"": ""10-K""}, ""total_debt"": {""filed_date"": ""2026-08-07"", ""form_type"": ""10-K""}, ""shares_outstanding"": {""filed_date"": ""2014-08-14"", ""form_type"": ""10-K""}}",231
MCD,McDonald's Corporation,0.032729268968551065,0.21842671665625216,5,,-0.1569049567343025,1,5,2,10,3,0.38351938895417154,0.38351938895417154,1.2018411967779057,272.83,193065829400.7075,7865000000.0,0.0,13616000000.0,4345000000.0,6292000000.0,Consumer Discretionary,0.38,2026-08-17T07:16:15.722282,True,True,2026-08-17T07:04:15.149357,"{""revenue"": {""filed_date"": ""2026-08-07"", ""form_type"": ""10-Q""}, ""operating_income"": {""filed_date"": ""2026-08-07"", ""form_type"": ""10-Q""}, ""net_income"": {""filed_date"": ""2026-08-07"", ""form_type"": ""10-Q""}, ""total_assets"": {""filed_date"": ""2026-08-07"", ""form_type"": ""10-Q""}, ""current_assets"": {""filed_date"": ""2026-08-07"", ""form_type"": ""10-Q""}, ""current_liabilities"": {""filed_date"": ""2026-08-07"", ""form_type"": ""10-Q""}, ""long_term_debt"": {""filed_date"": ""2026-02-24"", ""form_type"": ""10-K""}, ""cash_and_equivalents"": {""filed_date"": ""2026-08-07"", ""form_type"": ""10-Q""}, ""ppe"": {""filed_date"": ""2026-08-07"", ""form_type"": ""10-Q""}, ""stockholders_equity"": {""filed_date"": ""2026-08-07"", ""form_type"": ""10-Q""}, ""operating_cash_flow"": {""filed_date"": ""2026-08-07"", ""form_type"": ""10-Q""}, ""capex"": {""filed_date"": ""2026-08-07"", ""form_type"": ""10-Q""}, ""total_debt"": {""filed_date"": ""2025-02-25"", ""form_type"": ""10-K""}, ""shares_outstanding"": {""filed_date"": ""2026-08-07"", ""form_type"": ""10-Q""}}",232
YUM,"Yum! Brands, Inc.",0.03265182607355384,0.0,4,,-0.07239434495751512,1,4,0,8,3,0.21830652790917693,0.21830652790917693,0.7182879377431907,148.11,40419379865.9156,1623750000.0,0.0,4228000000.0,1285000000.0,1299000000.0,Consumer Discretionary,0.07,2026-08-17T07:16:15.727959,True,True,2026-08-17T07:04:15.149357,"{""revenue"": {""filed_date"": ""2026-08-05"", ""form_type"": ""10-Q""}, ""operating_income"": {""filed_date"": ""2026-08-05"", ""form_type"": ""10-Q""}, ""net_income"": {""filed_date"": ""2026-08-05"", ""form_type"": ""10-Q""}, ""total_assets"": {""filed_date"": ""2026-08-05"", ""form_type"": ""10-Q""}, ""current_assets"": {""filed_date"": ""2026-08-05"", ""form_type"": ""10-Q""}, ""current_liabilities"": {""filed_date"": ""2026-08-05"", ""form_type"": ""10-Q""}, ""long_term_debt"": {""filed_date"": ""2016-07-19"", ""form_type"": ""10-Q""}, ""cash_and_equivalents"": {""filed_date"": ""2026-08-05"", ""form_type"": ""10-Q""}, ""ppe"": {""filed_date"": ""2026-08-05"", ""form_type"": ""10-Q""}, ""stockholders_equity"": {""filed_date"": ""2026-08-05"", ""form_type"": ""10-Q""}, ""operating_cash_flow"": {""filed_date"": ""2026-08-05"", ""form_type"": ""10-Q""}, ""capex"": {""filed_date"": ""2026-08-05"", ""form_type"": ""10-Q""}, ""total_debt"": {""filed_date"": ""2026-02-20"", ""form_type"": ""10-K""}, ""shares_outstanding"": {""filed_date"": ""2026-08-05"", ""form_type"": ""10-Q""}}",233
CBOE,"Cboe Global Markets, Inc.",0.032618010552140995,0.4310935441370224,5,,0.04677509253479149,2,5,0,10,4,0.6535373020501548,0.6535373020501548,1.9718462371413101,296.14,30926203496.411255,1227000000.0,0.0,2229100000.0,738800000.0,981600000.0,Financials,0.04,2026-08-17T07:16:15.730205,True,True,2026-08-17T07:04:15.149357,"{""revenue"": {""filed_date"": ""2018-02-22"", ""form_type"": ""10-K""}, ""operating_income"": {""filed_date"": ""2026-07-31"", ""form_type"": ""10-Q""}, ""net_income"": {""filed_date"": ""2026-07-31"", ""form_type"": ""10-Q""}, ""total_assets"": {""filed_date"": ""2026-07-31"", ""form_type"": ""10-Q""}, ""current_assets"": {""filed_date"": ""2026-07-31"", ""form_type"": ""10-Q""}, ""current_liabilities"": {""filed_date"": ""2026-07-31"", ""form_type"": ""10-Q""}, ""long_term_debt"": {""filed_date"": ""2026-07-31"", ""form_type"": ""10-Q""}, ""cash_and_equivalents"": {""filed_date"": ""2026-07-31"", ""form_type"": ""10-Q""}, ""ppe"": {""filed_date"": ""2026-07-31"", ""form_type"": ""10-Q""}, ""stockholders_equity"": {""filed_date"": ""2026-07-31"", ""form_type"": ""10-Q""}, ""operating_cash_flow"": {""filed_date"": ""2026-07-31"", ""form_type"": ""10-Q""}, ""capex"": {""filed_date"": ""2026-05-01"", ""form_type"": ""10-Q""}, ""total_debt"": {""filed_date"": ""2026-07-31"", ""form_type"": ""10-Q""}, ""shares_outstanding"": {""filed_date"": ""2026-07-31"", ""form_type"": ""10-Q""}}",234
SCCO,Southern Copper Corporation,0.032515292925419687,0.2641956774944998,4,,-0.003075332630241639,1,4,1,8,3,0.5534600646179277,0.5534600646179277,0.8496159080947657,184.61,155874288387.8065,6379500000.0,0.0,6654500000.0,4334900000.0,5103600000.0,Materials,0.01,2026-08-17T07:16:15.739296,True,True,2026-08-17T07:04:15.149357,"{""revenue"": {""filed_date"": ""2018-03-01"", ""form_type"": ""10-K""}, ""operating_income"": {""filed_date"": ""2026-07-31"", ""form_type"": ""10-Q""}, ""net_income"": {""filed_date"": ""2026-04-17"", ""form_type"": ""DEF 14A""}, ""total_assets"": {""filed_date"": ""2026-07-31"", ""form_type"": ""10-Q""}, ""current_assets"": {""filed_date"": ""2026-07-31"", ""form_type"": ""10-Q""}, ""current_liabilities"": {""filed_date"": ""2026-07-31"", ""form_type"": ""10-Q""}, ""long_term_debt"": {""filed_date"": ""2026-02-27"", ""form_type"": ""10-K""}, ""cash_and_equivalents"": {""filed_date"": ""2026-07-31"", ""form_type"": ""10-Q""}, ""ppe"": {""filed_date"": ""2026-07-31"", ""form_type"": ""10-Q""}, ""stockholders_equity"": {""filed_date"": ""2026-07-31"", ""form_type"": ""10-Q""}, ""operating_cash_flow"": {""filed_date"": ""2026-07-31"", ""form_type"": ""10-Q""}, ""capex"": {""filed_date"": ""2026-07-31"", ""form_type"": ""10-Q""}, ""total_debt"": {""filed_date"": ""2026-02-27"", ""form_type"": ""10-K""}, ""shares_outstanding"": {""filed_date"": ""2026-07-31"", ""form_type"": ""10-Q""}}",235
PYPL,"PayPal Holdings, Inc.",0.03250986844463166,0.10584720443875373,5,,0.520474453378686,3,5,1,10,4,0.13575960732670897,0.13575960732670897,1.0188679245283019,61.66,52747717360.30703,1860000000.0,0.0,8353000000.0,1113000000.0,1488000000.0,Financials,0.11,2026-08-17T07:16:15.725447,True,True,2026-08-17T07:04:15.149357,"{""revenue"": {""filed_date"": ""2026-05-05"", ""form_type"": ""10-Q""}, ""operating_income"": {""filed_date"": ""2026-05-05"", ""form_type"": ""10-Q""}, ""net_income"": {""filed_date"": ""2026-05-05"", ""form_type"": ""10-Q""}, ""total_assets"": {""filed_date"": ""2026-05-05"", ""form_type"": ""10-Q""}, ""current_assets"": {""filed_date"": ""2026-05-05"", ""form_type"": ""10-Q""}, ""current_liabilities"": {""filed_date"": ""2026-05-05"", ""form_type"": ""10-Q""}, ""long_term_debt"": {""filed_date"": ""2026-05-05"", ""form_type"": ""10-Q""}, ""cash_and_equivalents"": {""filed_date"": ""2026-05-05"", ""form_type"": ""10-Q""}, ""ppe"": {""filed_date"": ""2026-02-03"", ""form_type"": ""10-K""}, ""stockholders_equity"": {""filed_date"": ""2026-05-05"", ""form_type"": ""10-Q""}, ""operating_cash_flow"": {""filed_date"": ""2026-05-05"", ""form_type"": ""10-Q""}, ""capex"": {""filed_date"": ""2026-05-05"", ""form_type"": ""10-Q""}, ""total_debt"": {""filed_date"": ""2020-02-06"", ""form_type"": ""10-K""}, ""shares_outstanding"": {""filed_date"": ""2026-05-05"", ""form_type"": ""10-Q""}}",236
GE,GE Aerospace,0.03250339020489008,0.2522479455484987,5,,0.12931549279936097,3,5,2,10,4,0.1949419214482732,0.1949419214482732,1.1743505733676574,368.38,382217283605.1632,13851250000.0,0.0,25741000000.0,4273000000.0,11081000000.0,Industrials,0.47,2026-08-17T07:16:15.721930,True,True,2026-08-17T07:04:15.149357,"{""revenue"": {""filed_date"": ""2026-07-16"", ""form_type"": ""10-Q""}, ""operating_income"": {""filed_date"": ""2014-07-31"", ""form_type"": ""10-Q""}, ""net_income"": {""filed_date"": ""2026-07-16"", ""form_type"": ""10-Q""}, ""total_assets"": {""filed_date"": ""2026-07-16"", ""form_type"": ""10-Q""}, ""current_assets"": {""filed_date"": ""2026-07-16"", ""form_type"": ""10-Q""}, ""current_liabilities"": {""filed_date"": ""2026-07-16"", ""form_type"": ""10-Q""}, ""long_term_debt"": {""filed_date"": ""2026-01-29"", ""form_type"": ""10-K""}, ""cash_and_equivalents"": {""filed_date"": ""2018-02-23"", ""form_type"": ""10-K""}, ""ppe"": {""filed_date"": ""2021-02-12"", ""form_type"": ""10-K""}, ""stockholders_equity"": {""filed_date"": ""2026-07-16"", ""form_type"": ""10-Q""}, ""operating_cash_flow"": {""filed_date"": ""2026-07-16"", ""form_type"": ""10-Q""}, ""capex"": {""filed_date"": ""2023-04-25"", ""form_type"": ""10-Q""}, ""total_debt"": {""filed_date"": ""2026-07-16"", ""form_type"": ""10-Q""}, ""shares_outstanding"": {""filed_date"": ""2026-07-16"", ""form_type"": ""10-Q""}}",237
TREX,"Trex Company, Inc.",0.03237322215757745,0.15683322520244505,4,,0.17190089389124177,3,4,0,8,4,0.12573842100701058,0.12573842100701058,0.7766123995165438,49.63,5156494031.245815,212121250.0,0.0,761422000.0,123279000.0,169697000.0,Industrials,0.01,2026-08-17T07:16:15.740919,True,True,2026-08-17T07:04:15.149357,"{""revenue"": {""filed_date"": ""2026-08-04"", ""form_type"": ""10-Q""}, ""operating_income"": {""filed_date"": ""2026-08-04"", ""form_type"": ""10-Q""}, ""net_income"": {""filed_date"": ""2026-08-04"", ""form_type"": ""10-Q""}, ""total_assets"": {""filed_date"": ""2026-08-04"", ""form_type"": ""10-Q""}, ""current_assets"": {""filed_date"": ""2026-08-04"", ""form_type"": ""10-Q""}, ""current_liabilities"": {""filed_date"": ""2026-08-04"", ""form_type"": ""10-Q""}, ""long_term_debt"": {""filed_date"": ""2012-07-27"", ""form_type"": ""10-Q""}, ""cash_and_equivalents"": {""filed_date"": ""2026-08-04"", ""form_type"": ""10-Q""}, ""ppe"": {""filed_date"": ""2026-08-04"", ""form_type"": ""10-Q""}, ""stockholders_equity"": {""filed_date"": ""2026-08-04"", ""form_type"": ""10-Q""}, ""operating_cash_flow"": {""filed_date"": ""2026-08-04"", ""form_type"": ""10-Q""}, ""capex"": {""filed_date"": ""2026-08-04"", ""form_type"": ""10-Q""}, ""total_debt"": {""filed_date"": ""2012-07-27"", ""form_type"": ""10-Q""}, ""shares_outstanding"": {""filed_date"": ""2026-08-04"", ""form_type"": ""10-Q""}}",238
GLPI,"Gaming and Leisure Properties, Inc.",0.032243593804733905,0.03869231256568068,4,,-0.04683612671582806,1,5,0,9,3,0.7287808170214367,0.7287808170214367,1.3467414094666972,43.57,12675386184.728249,832176250.0,0.0,850504000.0,460245000.0,665741000.0,Real Estate,0.02,2026-08-17T07:16:15.735492,True,True,2026-08-17T07:04:15.149357,"{""revenue"": {""filed_date"": ""2026-07-30"", ""form_type"": ""10-Q""}, ""operating_income"": {""filed_date"": ""2026-07-30"", ""form_type"": ""10-Q""}, ""net_income"": {""filed_date"": ""2026-07-30"", ""form_type"": ""10-Q""}, ""total_assets"": {""filed_date"": ""2026-07-30"", ""form_type"": ""10-Q""}, ""long_term_debt"": {""filed_date"": ""2026-07-30"", ""form_type"": ""10-Q""}, ""cash_and_equivalents"": {""filed_date"": ""2020-10-28"", ""form_type"": ""10-Q""}, ""ppe"": {""filed_date"": ""2022-02-24"", ""form_type"": ""10-K""}, ""stockholders_equity"": {""filed_date"": ""2026-07-30"", ""form_type"": ""10-Q""}, ""operating_cash_flow"": {""filed_date"": ""2026-07-30"", ""form_type"": ""10-Q""}, ""capex"": {""filed_date"": ""2022-02-24"", ""form_type"": ""10-K""}, ""total_debt"": {""filed_date"": ""2026-07-30"", ""form_type"": ""10-Q""}, ""shares_outstanding"": {""filed_date"": ""2026-07-30"", ""form_type"": ""10-Q""}}",239
CTSH,Cognizant Technology Solutions Corporation,0.032002526268891995,0.1599620493358634,4,,-0.08705405353211769,1,2,0,5,2,0.05061888047293552,0.05061888047293552,0.41389728096676737,58.79,27807670433.044434,1053750000.0,0.0,5413000000.0,662000000.0,843000000.0,Information Technology,0.06,2026-08-17T07:16:15.728608,True,True,2026-08-17T07:04:15.149357,"{""revenue"": {""filed_date"": ""2026-04-29"", ""form_type"": ""10-Q""}, ""operating_income"": {""filed_date"": ""2026-04-29"", ""form_type"": ""10-Q""}, ""net_income"": {""filed_date"": ""2026-04-29"", ""form_type"": ""10-Q""}, ""total_assets"": {""filed_date"": ""2026-04-29"", ""form_type"": ""10-Q""}, ""current_assets"": {""filed_date"": ""2026-04-29"", ""form_type"": ""10-Q""}, ""current_liabilities"": {""filed_date"": ""2026-04-29"", ""form_type"": ""10-Q""}, ""long_term_debt"": {""filed_date"": ""2019-02-19"", ""form_type"": ""10-K""}, ""cash_and_equivalents"": {""filed_date"": ""2026-04-29"", ""form_type"": ""10-Q""}, ""ppe"": {""filed_date"": ""2026-04-29"", ""form_type"": ""10-Q""}, ""stockholders_equity"": {""filed_date"": ""2026-04-29"", ""form_type"": ""10-Q""}, ""operating_cash_flow"": {""filed_date"": ""2026-04-29"", ""form_type"": ""10-Q""}, ""capex"": {""filed_date"": ""2026-04-29"", ""form_type"": ""10-Q""}, ""total_debt"": {""filed_date"": ""2020-02-14"", ""form_type"": ""10-K""}, ""shares_outstanding"": {""filed_date"": ""2026-04-29"", ""form_type"": ""10-Q""}}",240
BG,Bunge Global SA,0.03198091477357792,0.037734979727239215,3,,-0.061588250715337335,1,0,1,3,0,-0.024747266822194774,,-7.955882352941177,113.69,21842023562.910828,1023750000.0,0.0,21861000000.0,68000000.0,819000000.0,Consumer Staples,0.02,2026-08-17T07:16:15.736271,True,True,2026-08-17T07:04:15.149357,"{""revenue"": {""filed_date"": ""2026-04-29"", ""form_type"": ""10-Q""}, ""operating_income"": {""filed_date"": ""2026-02-19"", ""form_type"": ""10-K""}, ""net_income"": {""filed_date"": ""2026-04-29"", ""form_type"": ""10-Q""}, ""total_assets"": {""filed_date"": ""2026-04-29"", ""form_type"": ""10-Q""}, ""current_assets"": {""filed_date"": ""2026-04-29"", ""form_type"": ""10-Q""}, ""current_liabilities"": {""filed_date"": ""2026-04-29"", ""form_type"": ""10-Q""}, ""long_term_debt"": {""filed_date"": ""2026-04-29"", ""form_type"": ""10-Q""}, ""cash_and_equivalents"": {""filed_date"": ""2026-04-29"", ""form_type"": ""10-Q""}, ""ppe"": {""filed_date"": ""2025-11-05"", ""form_type"": ""10-Q""}, ""stockholders_equity"": {""filed_date"": ""2026-04-29"", ""form_type"": ""10-Q""}, ""operating_cash_flow"": {""filed_date"": ""2026-04-29"", ""form_type"": ""10-Q""}, ""capex"": {""filed_date"": ""2026-04-29"", ""form_type"": ""10-Q""}, ""total_debt"": {""filed_date"": ""2026-04-29"", ""form_type"": ""10-Q""}, ""shares_outstanding"": {""filed_date"": ""2026-04-29"", ""form_type"": ""10-Q""}}",241
ALLY,Ally Financial Inc.,0.03186939836096416,0.03824327803315699,5,,0.10268149086441206,3,5,0,10,4,0.6207839562443026,0.6207839562443026,3.736625514403292,44.91,13661608166.21281,911250000.0,0.0,4388000000.0,729000000.0,729000000.0,Financials,0.02,2026-08-17T07:16:15.736506,True,True,2026-08-17T07:04:15.149357,"{""revenue"": {""filed_date"": ""2026-07-23"", ""form_type"": ""10-Q""}, ""operating_income"": {""filed_date"": ""2026-07-23"", ""form_type"": ""10-Q""}, ""net_income"": {""filed_date"": ""2026-07-23"", ""form_type"": ""10-Q""}, ""total_assets"": {""filed_date"": ""2026-07-23"", ""form_type"": ""10-Q""}, ""long_term_debt"": {""filed_date"": ""2026-07-23"", ""form_type"": ""10-Q""}, ""cash_and_equivalents"": {""filed_date"": ""2026-07-23"", ""form_type"": ""10-Q""}, ""ppe"": {""filed_date"": ""2026-07-23"", ""form_type"": ""10-Q""}, ""stockholders_equity"": {""filed_date"": ""2026-07-23"", ""form_type"": ""10-Q""}, ""operating_cash_flow"": {""filed_date"": ""2026-07-23"", ""form_type"": ""10-Q""}, ""total_debt"": {""filed_date"": ""2026-07-23"", ""form_type"": ""10-Q""}, ""shares_outstanding"": {""filed_date"": ""2026-07-23"", ""form_type"": ""10-Q""}}",242
CRH,CRH plc,0.03182925855812572,0.06656881930854533,4,,-0.19489481811159065,1,2,2,7,2,0.028269135394280047,0.028269135394280047,0.3916030534351145,97.15,64632391258.7936,2551250000.0,0.0,18147000000.0,1310000000.0,2041000000.0,Materials,0.13,2026-08-17T07:16:15.725119,True,True,2026-08-17T07:04:15.149357,"{""revenue"": {""filed_date"": ""2026-07-30"", ""form_type"": ""10-Q""}, ""operating_income"": {""filed_date"": ""2026-07-30"", ""form_type"": ""10-Q""}, ""net_income"": {""filed_date"": ""2026-07-30"", ""form_type"": ""10-Q""}, ""total_assets"": {""filed_date"": ""2026-07-30"", ""form_type"": ""10-Q""}, ""current_assets"": {""filed_date"": ""2026-07-30"", ""form_type"": ""10-Q""}, ""current_liabilities"": {""filed_date"": ""2026-07-30"", ""form_type"": ""10-Q""}, ""long_term_debt"": {""filed_date"": ""2026-07-30"", ""form_type"": ""10-Q""}, ""cash_and_equivalents"": {""filed_date"": ""2026-07-30"", ""form_type"": ""10-Q""}, ""ppe"": {""filed_date"": ""2026-07-30"", ""form_type"": ""10-Q""}, ""stockholders_equity"": {""filed_date"": ""2026-07-30"", ""form_type"": ""10-Q""}, ""operating_cash_flow"": {""filed_date"": ""2026-07-30"", ""form_type"": ""10-Q""}, ""capex"": {""filed_date"": ""2026-02-18"", ""form_type"": ""10-K""}, ""total_debt"": {""filed_date"": ""2026-07-30"", ""form_type"": ""10-Q""}, ""shares_outstanding"": {""filed_date"": ""2026-07-30"", ""form_type"": ""10-Q""}}",243
CPAY,"Corpay, Inc.",0.031779150411456,0.0,5,,0.2192344579630642,3,5,0,10,4,0.5436884278612629,0.5436884278612629,2.3622038427536003,417.6,27419448943.15439,1385548750.0,0.0,2599796000.0,598373000.0,1108439000.0,Financials,0.04,2026-08-17T07:16:15.731231,True,True,2026-08-17T07:04:15.149357,"{""revenue"": {""filed_date"": ""2026-08-10"", ""form_type"": ""10-Q""}, ""operating_income"": {""filed_date"": ""2026-08-10"", ""form_type"": ""10-Q""}, ""net_income"": {""filed_date"": ""2026-08-10"", ""form_type"": ""10-Q""}, ""total_assets"": {""filed_date"": ""2026-08-10"", ""form_type"": ""10-Q""}, ""current_assets"": {""filed_date"": ""2026-08-10"", ""form_type"": ""10-Q""}, ""current_liabilities"": {""filed_date"": ""2026-08-10"", ""form_type"": ""10-Q""}, ""long_term_debt"": {""filed_date"": ""2026-08-10"", ""form_type"": ""10-Q""}, ""cash_and_equivalents"": {""filed_date"": ""2026-08-10"", ""form_type"": ""10-Q""}, ""ppe"": {""filed_date"": ""2026-08-10"", ""form_type"": ""10-Q""}, ""stockholders_equity"": {""filed_date"": ""2026-08-10"", ""form_type"": ""10-Q""}, ""operating_cash_flow"": {""filed_date"": ""2026-08-10"", ""form_type"": ""10-Q""}, ""capex"": {""filed_date"": ""2026-08-10"", ""form_type"": ""10-Q""}, ""total_debt"": {""filed_date"": ""2026-08-10"", ""form_type"": ""10-Q""}, ""shares_outstanding"": {""filed_date"": ""2026-08-10"", ""form_type"": ""10-Q""}}",244
BFAM,Bright Horizons Family Solutions Inc.,0.03176162050867599,2.7259819982676157,5,,0.049602516869114,2,5,0,10,4,0.13156334298255742,0.13156334298255742,2.713190532892712,71.31,3751381865.815735,180957500.0,0.0,1541402000.0,74743000.0,144766000.0,Consumer Discretionary,0.01,2026-08-17T07:16:15.741030,True,True,2026-08-17T07:04:15.149357,"{""revenue"": {""filed_date"": ""2019-11-06"", ""form_type"": ""10-Q""}, ""operating_income"": {""filed_date"": ""2026-08-06"", ""form_type"": ""10-Q""}, ""net_income"": {""filed_date"": ""2026-08-06"", ""form_type"": ""10-Q""}, ""total_assets"": {""filed_date"": ""2026-08-06"", ""form_type"": ""10-Q""}, ""current_assets"": {""filed_date"": ""2026-08-06"", ""form_type"": ""10-Q""}, ""current_liabilities"": {""filed_date"": ""2026-08-06"", ""form_type"": ""10-Q""}, ""long_term_debt"": {""filed_date"": ""2023-08-08"", ""form_type"": ""10-Q""}, ""cash_and_equivalents"": {""filed_date"": ""2026-08-06"", ""form_type"": ""10-Q""}, ""ppe"": {""filed_date"": ""2026-08-06"", ""form_type"": ""10-Q""}, ""stockholders_equity"": {""filed_date"": ""2026-08-06"", ""form_type"": ""10-Q""}, ""operating_cash_flow"": {""filed_date"": ""2026-08-06"", ""form_type"": ""10-Q""}, ""capex"": {""filed_date"": ""2026-08-06"", ""form_type"": ""10-Q""}, ""total_debt"": {""filed_date"": ""2023-08-08"", ""form_type"": ""10-Q""}, ""shares_outstanding"": {""filed_date"": ""2026-08-06"", ""form_type"": ""10-Q""}}",245
FERG,Ferguson Enterprises Inc.,0.03175419746323046,0.22577257725772576,5,,-0.049566412162034945,1,2,1,7,2,0.04413487024594711,0.04413487024594711,0.662962962962963,244.94,47384308974.27667,1881250000.0,0.0,16223000000.0,1080000000.0,1505000000.0,Industrials,0.08,2026-08-17T07:16:15.727433,True,True,2026-08-17T07:04:15.149357,"{""revenue"": {""filed_date"": ""2026-08-10"", ""form_type"": ""10-Q""}, ""operating_income"": {""filed_date"": ""2026-08-10"", ""form_type"": ""10-Q""}, ""net_income"": {""filed_date"": ""2026-08-10"", ""form_type"": ""10-Q""}, ""total_assets"": {""filed_date"": ""2026-08-10"", ""form_type"": ""10-Q""}, ""current_assets"": {""filed_date"": ""2026-08-10"", ""form_type"": ""10-Q""}, ""current_liabilities"": {""filed_date"": ""2026-08-10"", ""form_type"": ""10-Q""}, ""long_term_debt"": {""filed_date"": ""2026-02-27"", ""form_type"": ""10-KT""}, ""cash_and_equivalents"": {""filed_date"": ""2026-08-10"", ""form_type"": ""10-Q""}, ""ppe"": {""filed_date"": ""2026-08-10"", ""form_type"": ""10-Q""}, ""stockholders_equity"": {""filed_date"": ""2026-08-10"", ""form_type"": ""10-Q""}, ""operating_cash_flow"": {""filed_date"": ""2026-08-10"", ""form_type"": ""10-Q""}, ""capex"": {""filed_date"": ""2025-06-03"", ""form_type"": ""10-Q""}, ""total_debt"": {""filed_date"": ""2026-08-10"", ""form_type"": ""10-Q""}, ""shares_outstanding"": {""filed_date"": ""2026-08-10"", ""form_type"": ""10-Q""}}",246
DVN,Devon Energy Corporation,0.031703830104816526,0.025758096453761436,5,,0.05398034414193608,2,5,2,10,4,0.47478617248752675,0.47478617248752675,2.6238306253077304,45.85,50434998321.5332,1967500000.0,0.0,11224000000.0,2031000000.0,1574000000.0,Energy,0.04,2026-08-17T07:16:15.731515,True,True,2026-08-17T07:04:15.149357,"{""revenue"": {""filed_date"": ""2026-08-05"", ""form_type"": ""10-Q""}, ""operating_income"": {""filed_date"": ""2017-11-01"", ""form_type"": ""10-Q""}, ""net_income"": {""filed_date"": ""2026-08-05"", ""form_type"": ""10-Q""}, ""total_assets"": {""filed_date"": ""2026-08-05"", ""form_type"": ""10-Q""}, ""current_assets"": {""filed_date"": ""2026-08-05"", ""form_type"": ""10-Q""}, ""current_liabilities"": {""filed_date"": ""2026-08-05"", ""form_type"": ""10-Q""}, ""long_term_debt"": {""filed_date"": ""2026-08-05"", ""form_type"": ""10-Q""}, ""cash_and_equivalents"": {""filed_date"": ""2026-08-05"", ""form_type"": ""10-Q""}, ""ppe"": {""filed_date"": ""2026-08-05"", ""form_type"": ""10-Q""}, ""stockholders_equity"": {""filed_date"": ""2026-08-05"", ""form_type"": ""10-Q""}, ""operating_cash_flow"": {""filed_date"": ""2026-08-05"", ""form_type"": ""10-Q""}, ""capex"": {""filed_date"": ""2021-11-03"", ""form_type"": ""10-Q""}, ""total_debt"": {""filed_date"": ""2019-02-20"", ""form_type"": ""10-K""}, ""shares_outstanding"": {""filed_date"": ""2026-08-05"", ""form_type"": ""10-Q""}}",247
HSIC,"Henry Schein, Inc.",0.03156240552398051,0.23876260098372898,5,,0.1626731991649464,3,2,1,7,3,0.010983188525673582,0.010983188525673582,0.7213930348258707,89.77,10226306893.479012,441250000.0,0.0,13201995000.0,201000000.0,353000000.0,Health Care,0.01,2026-08-17T07:16:15.740159,True,True,2026-08-17T07:04:15.149357,"{""revenue"": {""filed_date"": ""2019-02-20"", ""form_type"": ""10-K""}, ""operating_income"": {""filed_date"": ""2026-08-04"", ""form_type"": ""10-Q""}, ""net_income"": {""filed_date"": ""2026-08-04"", ""form_type"": ""10-Q""}, ""total_assets"": {""filed_date"": ""2026-08-04"", ""form_type"": ""10-Q""}, ""current_assets"": {""filed_date"": ""2026-08-04"", ""form_type"": ""10-Q""}, ""current_liabilities"": {""filed_date"": ""2026-08-04"", ""form_type"": ""10-Q""}, ""long_term_debt"": {""filed_date"": ""2023-02-21"", ""form_type"": ""10-K""}, ""cash_and_equivalents"": {""filed_date"": ""2019-05-07"", ""form_type"": ""10-Q""}, ""ppe"": {""filed_date"": ""2022-02-15"", ""form_type"": ""10-K""}, ""stockholders_equity"": {""filed_date"": ""2026-08-04"", ""form_type"": ""10-Q""}, ""operating_cash_flow"": {""filed_date"": ""2026-08-04"", ""form_type"": ""10-Q""}, ""total_debt"": {""filed_date"": ""2023-02-21"", ""form_type"": ""10-K""}, ""shares_outstanding"": {""filed_date"": ""2026-08-04"", ""form_type"": ""10-Q""}}",248
VMI,"Valmont Industries, Inc.",0.031489302294876696,0.1872425492786433,6,,0.11916033624011248,3,5,0,10,5,0.1396395546329496,0.1396395546329496,1.1036714030646937,495.25,9560730924.5,402171250.0,0.0,1801660000.0,227951000.0,321737000.0,Industrials,0.01,2026-08-17T07:16:15.740581,True,True,2026-08-17T07:04:15.149357,"{""revenue"": {""filed_date"": ""2013-07-25"", ""form_type"": ""10-Q""}, ""operating_income"": {""filed_date"": ""2026-07-28"", ""form_type"": ""10-Q""}, ""net_income"": {""filed_date"": ""2026-07-28"", ""form_type"": ""10-Q""}, ""total_assets"": {""filed_date"": ""2026-07-28"", ""form_type"": ""10-Q""}, ""current_assets"": {""filed_date"": ""2026-07-28"", ""form_type"": ""10-Q""}, ""current_liabilities"": {""filed_date"": ""2026-07-28"", ""form_type"": ""10-Q""}, ""long_term_debt"": {""filed_date"": ""2026-02-24"", ""form_type"": ""10-K""}, ""cash_and_equivalents"": {""filed_date"": ""2026-07-28"", ""form_type"": ""10-Q""}, ""ppe"": {""filed_date"": ""2026-07-28"", ""form_type"": ""10-Q""}, ""stockholders_equity"": {""filed_date"": ""2026-07-28"", ""form_type"": ""10-Q""}, ""operating_cash_flow"": {""filed_date"": ""2026-07-28"", ""form_type"": ""10-Q""}, ""capex"": {""filed_date"": ""2026-07-28"", ""form_type"": ""10-Q""}, ""total_debt"": {""filed_date"": ""2026-02-24"", ""form_type"": ""10-K""}, ""shares_outstanding"": {""filed_date"": ""2026-07-28"", ""form_type"": ""10-Q""}}",249
JAZZ,Jazz Pharmaceuticals plc,0.0313850501415345,0.3141952534381224,5,,0.4582689185871186,3,5,0,10,4,1.7292221543602047,1.7292221543602047,1.695616381971599,244.96,15901475217.747849,731000000.0,0.0,476457000.0,485900000.0,584800000.0,Health Care,0.01,2026-08-17T07:16:15.740735,True,True,2026-08-17T07:04:15.149357,"{""revenue"": {""filed_date"": ""2019-02-26"", ""form_type"": ""10-K""}, ""operating_income"": {""filed_date"": ""2026-08-03"", ""form_type"": ""10-Q""}, ""net_income"": {""filed_date"": ""2026-08-03"", ""form_type"": ""10-Q""}, ""total_assets"": {""filed_date"": ""2026-08-03"", ""form_type"": ""10-Q""}, ""current_assets"": {""filed_date"": ""2026-08-03"", ""form_type"": ""10-Q""}, ""current_liabilities"": {""filed_date"": ""2026-08-03"", ""form_type"": ""10-Q""}, ""long_term_debt"": {""filed_date"": ""2026-08-03"", ""form_type"": ""10-Q""}, ""cash_and_equivalents"": {""filed_date"": ""2026-08-03"", ""form_type"": ""10-Q""}, ""ppe"": {""filed_date"": ""2021-05-04"", ""form_type"": ""10-Q""}, ""stockholders_equity"": {""filed_date"": ""2026-08-03"", ""form_type"": ""10-Q""}, ""operating_cash_flow"": {""filed_date"": ""2026-08-03"", ""form_type"": ""10-Q""}, ""capex"": {""filed_date"": ""2026-08-03"", ""form_type"": ""10-Q""}, ""total_debt"": {""filed_date"": ""2026-08-03"", ""form_type"": ""10-Q""}, ""shares_outstanding"": {""filed_date"": ""2026-02-24"", ""form_type"": ""10-K""}}",250
AGCO,AGCO Corporation,0.03131712163475654,0.07266401916702223,3,,-0.2642807580892952,1,0,0,2,0,-0.04946896579574365,,-1.853252647503782,101.33,7096315227.801926,276750000.0,0.0,4952600000.0,132200000.0,221400000.0,Industrials,0.01,2026-08-17T07:16:15.740425,True,True,2026-08-17T07:04:15.149357,"{""revenue"": {""filed_date"": ""2026-07-30"", ""form_type"": ""10-Q""}, ""operating_income"": {""filed_date"": ""2026-07-30"", ""form_type"": ""10-Q""}, ""net_income"": {""filed_date"": ""2026-07-30"", ""form_type"": ""10-Q""}, ""total_assets"": {""filed_date"": ""2026-07-30"", ""form_type"": ""10-Q""}, ""current_assets"": {""filed_date"": ""2026-07-30"", ""form_type"": ""10-Q""}, ""current_liabilities"": {""filed_date"": ""2026-07-30"", ""form_type"": ""10-Q""}, ""long_term_debt"": {""filed_date"": ""2026-07-30"", ""form_type"": ""10-Q""}, ""cash_and_equivalents"": {""filed_date"": ""2026-07-30"", ""form_type"": ""10-Q""}, ""ppe"": {""filed_date"": ""2023-11-08"", ""form_type"": ""10-Q""}, ""stockholders_equity"": {""filed_date"": ""2026-07-30"", ""form_type"": ""10-Q""}, ""operating_cash_flow"": {""filed_date"": ""2026-07-30"", ""form_type"": ""10-Q""}, ""capex"": {""filed_date"": ""2026-07-30"", ""form_type"": ""10-Q""}, ""total_debt"": {""filed_date"": ""2026-07-30"", ""form_type"": ""10-Q""}, ""shares_outstanding"": {""filed_date"": ""2026-07-30"", ""form_type"": ""10-Q""}}",251
LH,Labcorp Holdings Inc.,0.03122416031466011,0.17374968689989145,5,,0.15590677641061704,3,3,0,7,3,0.0876360284507546,0.0876360284507546,1.1049436253252385,318.13,25800343395.996094,1040500000.0,0.0,7268700000.0,576500000.0,832400000.0,Health Care,0.04,2026-08-17T07:16:15.731028,True,True,2026-08-17T07:04:15.149357,"{""revenue"": {""filed_date"": ""2026-08-05"", ""form_type"": ""10-Q""}, ""operating_income"": {""filed_date"": ""2026-08-05"", ""form_type"": ""10-Q""}, ""net_income"": {""filed_date"": ""2026-08-05"", ""form_type"": ""10-Q""}, ""total_assets"": {""filed_date"": ""2026-08-05"", ""form_type"": ""10-Q""}, ""current_assets"": {""filed_date"": ""2026-08-05"", ""form_type"": ""10-Q""}, ""current_liabilities"": {""filed_date"": ""2026-08-05"", ""form_type"": ""10-Q""}, ""long_term_debt"": {""filed_date"": ""2020-02-28"", ""form_type"": ""10-K""}, ""cash_and_equivalents"": {""filed_date"": ""2026-08-05"", ""form_type"": ""10-Q""}, ""ppe"": {""filed_date"": ""2026-08-05"", ""form_type"": ""10-Q""}, ""stockholders_equity"": {""filed_date"": ""2026-08-05"", ""form_type"": ""10-Q""}, ""operating_cash_flow"": {""filed_date"": ""2026-08-05"", ""form_type"": ""10-Q""}, ""capex"": {""filed_date"": ""2026-08-05"", ""form_type"": ""10-Q""}, ""total_debt"": {""filed_date"": ""2025-02-25"", ""form_type"": ""10-K""}, ""shares_outstanding"": {""filed_date"": ""2026-08-05"", ""form_type"": ""10-Q""}}",252
SEIC,SEI Investments Company,0.031168884578262245,0.31433583580774943,4,,0.3541160900208778,3,4,0,8,4,0.27485915492957746,0.27485915492957746,0.9384619540990693,106.38,12767640251.517471,483127500.0,0.0,1263800000.0,370145000.0,386502000.0,Financials,0.02,2026-08-17T07:16:15.738267,True,True,2026-08-17T07:04:15.149357,"{""revenue"": {""filed_date"": ""2026-07-27"", ""form_type"": ""10-Q""}, ""operating_income"": {""filed_date"": ""2026-07-27"", ""form_type"": ""10-Q""}, ""net_income"": {""filed_date"": ""2026-07-27"", ""form_type"": ""10-Q""}, ""total_assets"": {""filed_date"": ""2025-07-28"", ""form_type"": ""10-Q""}, ""current_assets"": {""filed_date"": ""2026-07-27"", ""form_type"": ""10-Q""}, ""current_liabilities"": {""filed_date"": ""2026-07-27"", ""form_type"": ""10-Q""}, ""long_term_debt"": {""filed_date"": ""2026-04-27"", ""form_type"": ""10-Q""}, ""cash_and_equivalents"": {""filed_date"": ""2026-02-23"", ""form_type"": ""10-K""}, ""ppe"": {""filed_date"": ""2026-07-27"", ""form_type"": ""10-Q""}, ""stockholders_equity"": {""filed_date"": ""2026-07-27"", ""form_type"": ""10-Q""}, ""operating_cash_flow"": {""filed_date"": ""2026-07-27"", ""form_type"": ""10-Q""}, ""capex"": {""filed_date"": ""2026-07-27"", ""form_type"": ""10-Q""}, ""total_debt"": {""filed_date"": ""2026-04-27"", ""form_type"": ""10-Q""}, ""shares_outstanding"": {""filed_date"": ""2026-07-27"", ""form_type"": ""10-Q""}}",253
IDA,"IDACORP, Inc.",0.031148414888577006,0.053537163435994024,5,,0.008592922671789656,2,5,0,10,4,0.3445035180872962,0.3445035180872962,1.8605567096997577,142.61,8248853787.533981,442470000.0,0.0,1746972000.0,323472000.0,353976000.0,Utilities,0.01,2026-08-17T07:16:15.741700,True,True,2026-08-17T07:04:15.149357,"{""revenue"": {""filed_date"": ""2026-02-19"", ""form_type"": ""10-K""}, ""operating_income"": {""filed_date"": ""2026-02-19"", ""form_type"": ""10-K""}, ""net_income"": {""filed_date"": ""2026-02-19"", ""form_type"": ""10-K""}, ""total_assets"": {""filed_date"": ""2026-02-19"", ""form_type"": ""10-K""}, ""current_assets"": {""filed_date"": ""2026-02-19"", ""form_type"": ""10-K""}, ""current_liabilities"": {""filed_date"": ""2026-02-19"", ""form_type"": ""10-K""}, ""long_term_debt"": {""filed_date"": ""2026-02-19"", ""form_type"": ""10-K""}, ""cash_and_equivalents"": {""filed_date"": ""2026-02-19"", ""form_type"": ""10-K""}, ""ppe"": {""filed_date"": ""2025-05-01"", ""form_type"": ""10-Q""}, ""stockholders_equity"": {""filed_date"": ""2026-02-19"", ""form_type"": ""10-K""}, ""operating_cash_flow"": {""filed_date"": ""2026-02-19"", ""form_type"": ""10-K""}, ""capex"": {""filed_date"": ""2026-02-19"", ""form_type"": ""10-K""}, ""total_debt"": {""filed_date"": ""2026-02-19"", ""form_type"": ""10-K""}, ""shares_outstanding"": {""filed_date"": ""2026-02-19"", ""form_type"": ""10-K""}}",254
CART,Maplebear Inc.,0.03078023582261567,0.23115220483641535,6,,0.3311546689316604,3,5,0,10,5,0.36954413191076624,0.36954413191076624,2.9765625,48.88,11315723522.228748,406250000.0,0.0,2062000000.0,256000000.0,325000000.0,Consumer Staples,0.01,2026-08-17T07:16:15.740375,True,True,2026-08-17T07:04:15.149357,"{""revenue"": {""filed_date"": ""2026-08-07"", ""form_type"": ""10-Q""}, ""operating_income"": {""filed_date"": ""2026-08-07"", ""form_type"": ""10-Q""}, ""net_income"": {""filed_date"": ""2026-08-07"", ""form_type"": ""10-Q""}, ""total_assets"": {""filed_date"": ""2026-08-07"", ""form_type"": ""10-Q""}, ""current_assets"": {""filed_date"": ""2026-08-07"", ""form_type"": ""10-Q""}, ""current_liabilities"": {""filed_date"": ""2026-08-07"", ""form_type"": ""10-Q""}, ""cash_and_equivalents"": {""filed_date"": ""2026-08-07"", ""form_type"": ""10-Q""}, ""ppe"": {""filed_date"": ""2026-08-07"", ""form_type"": ""10-Q""}, ""stockholders_equity"": {""filed_date"": ""2026-08-07"", ""form_type"": ""10-Q""}, ""operating_cash_flow"": {""filed_date"": ""2026-08-07"", ""form_type"": ""10-Q""}, ""capex"": {""filed_date"": ""2026-08-07"", ""form_type"": ""10-Q""}, ""shares_outstanding"": {""filed_date"": ""2026-08-07"", ""form_type"": ""10-Q""}}",255
STLD,"Steel Dynamics, Inc.",0.030738210396404165,0.09183812242779281,5,,0.33984704036372676,3,2,1,7,3,0.03957260227087234,0.03957260227087234,0.6146537204953905,255.77,36659025680.12366,1548103750.0,0.0,14561893000.0,937523000.0,1238483000.0,Materials,0.03,2026-08-17T07:16:15.732418,True,True,2026-08-17T07:04:15.149357,"{""revenue"": {""filed_date"": ""2023-11-09"", ""form_type"": ""10-Q""}, ""operating_income"": {""filed_date"": ""2026-07-28"", ""form_type"": ""10-Q""}, ""net_income"": {""filed_date"": ""2026-07-28"", ""form_type"": ""10-Q""}, ""total_assets"": {""filed_date"": ""2026-07-28"", ""form_type"": ""10-Q""}, ""current_assets"": {""filed_date"": ""2026-07-28"", ""form_type"": ""10-Q""}, ""current_liabilities"": {""filed_date"": ""2026-07-28"", ""form_type"": ""10-Q""}, ""long_term_debt"": {""filed_date"": ""2026-07-28"", ""form_type"": ""10-Q""}, ""cash_and_equivalents"": {""filed_date"": ""2026-07-28"", ""form_type"": ""10-Q""}, ""ppe"": {""filed_date"": ""2026-07-28"", ""form_type"": ""10-Q""}, ""stockholders_equity"": {""filed_date"": ""2026-07-28"", ""form_type"": ""10-Q""}, ""operating_cash_flow"": {""filed_date"": ""2026-07-28"", ""form_type"": ""10-Q""}, ""capex"": {""filed_date"": ""2026-07-28"", ""form_type"": ""10-Q""}, ""total_debt"": {""filed_date"": ""2026-07-28"", ""form_type"": ""10-Q""}, ""shares_outstanding"": {""filed_date"": ""2026-07-28"", ""form_type"": ""10-Q""}}",256
HSY,The Hershey Company,0.030674107296476242,0.3145824324841083,5,,-0.14723841966799134,1,3,0,7,2,0.10897578186438085,0.10897578186438085,0.9947937318682304,184.22,37014524777.81058,1604167500.0,0.0,8149719000.0,892770000.0,1283334000.0,Consumer Staples,0.04,2026-08-17T07:16:15.729994,True,True,2026-08-17T07:04:15.149357,"{""revenue"": {""filed_date"": ""2021-02-17"", ""form_type"": ""10-K""}, ""operating_income"": {""filed_date"": ""2026-07-30"", ""form_type"": ""10-Q""}, ""net_income"": {""filed_date"": ""2026-07-30"", ""form_type"": ""10-Q""}, ""total_assets"": {""filed_date"": ""2026-07-30"", ""form_type"": ""10-Q""}, ""current_assets"": {""filed_date"": ""2026-07-30"", ""form_type"": ""10-Q""}, ""current_liabilities"": {""filed_date"": ""2026-07-30"", ""form_type"": ""10-Q""}, ""long_term_debt"": {""filed_date"": ""2026-07-30"", ""form_type"": ""10-Q""}, ""cash_and_equivalents"": {""filed_date"": ""2019-07-25"", ""form_type"": ""10-Q""}, ""ppe"": {""filed_date"": ""2026-07-30"", ""form_type"": ""10-Q""}, ""stockholders_equity"": {""filed_date"": ""2026-02-17"", ""form_type"": ""10-K""}, ""operating_cash_flow"": {""filed_date"": ""2026-07-30"", ""form_type"": ""10-Q""}, ""capex"": {""filed_date"": ""2026-07-30"", ""form_type"": ""10-Q""}, ""total_debt"": {""filed_date"": ""2026-07-30"", ""form_type"": ""10-Q""}, ""shares_outstanding"": {""filed_date"": ""2026-02-17"", ""form_type"": ""10-K""}}",257
GPK,Graphic Packaging Holding Company,0.03064420490340424,0.017924528301886792,3,,-0.05829425500983241,1,2,0,5,1,0.010359116022099447,0.010359116022099447,,11.4,3373116098.9279194,142500000.0,0.0,4344000000.0,-19000000.0,114000000.0,Materials,0.01,2026-08-17T07:16:15.741636,True,True,2026-08-17T07:04:15.149357,"{""revenue"": {""filed_date"": ""2026-08-04"", ""form_type"": ""10-Q""}, ""operating_income"": {""filed_date"": ""2026-08-04"", ""form_type"": ""10-Q""}, ""net_income"": {""filed_date"": ""2026-08-04"", ""form_type"": ""10-Q""}, ""total_assets"": {""filed_date"": ""2026-08-04"", ""form_type"": ""10-Q""}, ""current_assets"": {""filed_date"": ""2026-08-04"", ""form_type"": ""10-Q""}, ""current_liabilities"": {""filed_date"": ""2026-08-04"", ""form_type"": ""10-Q""}, ""long_term_debt"": {""filed_date"": ""2026-08-04"", ""form_type"": ""10-Q""}, ""cash_and_equivalents"": {""filed_date"": ""2026-08-04"", ""form_type"": ""10-Q""}, ""ppe"": {""filed_date"": ""2026-08-04"", ""form_type"": ""10-Q""}, ""stockholders_equity"": {""filed_date"": ""2026-08-04"", ""form_type"": ""10-Q""}, ""operating_cash_flow"": {""filed_date"": ""2026-08-04"", ""form_type"": ""10-Q""}, ""total_debt"": {""filed_date"": ""2026-08-04"", ""form_type"": ""10-Q""}, ""shares_outstanding"": {""filed_date"": ""2026-08-04"", ""form_type"": ""10-Q""}}",258
TTC,The Toro Company,0.030578738251335197,0.22531948881789138,6,,-0.009452131716996047,1,4,0,9,4,0.11208065224447712,0.11208065224447712,1.375996249413971,98.38,9368681293.364273,352625000.0,0.0,2618650000.0,213300000.0,282100000.0,Industrials,0.01,2026-08-17T07:16:15.739801,True,True,2026-08-17T07:04:15.149357,"{""revenue"": {""filed_date"": ""2018-12-21"", ""form_type"": ""10-K""}, ""operating_income"": {""filed_date"": ""2026-06-04"", ""form_type"": ""10-Q""}, ""net_income"": {""filed_date"": ""2026-06-04"", ""form_type"": ""10-Q""}, ""total_assets"": {""filed_date"": ""2026-06-04"", ""form_type"": ""10-Q""}, ""current_assets"": {""filed_date"": ""2026-06-04"", ""form_type"": ""10-Q""}, ""current_liabilities"": {""filed_date"": ""2026-06-04"", ""form_type"": ""10-Q""}, ""long_term_debt"": {""filed_date"": ""2026-06-04"", ""form_type"": ""10-Q""}, ""cash_and_equivalents"": {""filed_date"": ""2019-09-05"", ""form_type"": ""10-Q""}, ""ppe"": {""filed_date"": ""2026-06-04"", ""form_type"": ""10-Q""}, ""stockholders_equity"": {""filed_date"": ""2026-06-04"", ""form_type"": ""10-Q""}, ""operating_cash_flow"": {""filed_date"": ""2026-06-04"", ""form_type"": ""10-Q""}, ""capex"": {""filed_date"": ""2026-06-04"", ""form_type"": ""10-Q""}, ""total_debt"": {""filed_date"": ""2026-06-04"", ""form_type"": ""10-Q""}, ""shares_outstanding"": {""filed_date"": ""2026-06-04"", ""form_type"": ""10-Q""}}",259
HAS,"Hasbro, Inc.",0.03054128195691093,0.37826495912017943,4,,-0.0397718543147705,1,5,0,9,3,0.25145614910966885,0.25145614910966885,1.6821597550793208,96.7,13638999528.466446,653500000.0,0.0,2403600000.0,359300000.0,522800000.0,Consumer Discretionary,0.02,2026-08-17T07:16:15.736882,True,True,2026-08-17T07:04:15.149357,"{""revenue"": {""filed_date"": ""2026-07-30"", ""form_type"": ""10-Q""}, ""operating_income"": {""filed_date"": ""2026-07-30"", ""form_type"": ""10-Q""}, ""net_income"": {""filed_date"": ""2026-07-30"", ""form_type"": ""10-Q""}, ""total_assets"": {""filed_date"": ""2026-07-30"", ""form_type"": ""10-Q""}, ""current_assets"": {""filed_date"": ""2026-07-30"", ""form_type"": ""10-Q""}, ""current_liabilities"": {""filed_date"": ""2026-07-30"", ""form_type"": ""10-Q""}, ""long_term_debt"": {""filed_date"": ""2021-02-24"", ""form_type"": ""10-K""}, ""cash_and_equivalents"": {""filed_date"": ""2021-10-27"", ""form_type"": ""10-Q""}, ""ppe"": {""filed_date"": ""2026-02-25"", ""form_type"": ""10-K""}, ""stockholders_equity"": {""filed_date"": ""2020-02-27"", ""form_type"": ""10-K""}, ""operating_cash_flow"": {""filed_date"": ""2026-07-30"", ""form_type"": ""10-Q""}, ""capex"": {""filed_date"": ""2026-07-30"", ""form_type"": ""10-Q""}, ""total_debt"": {""filed_date"": ""2021-02-24"", ""form_type"": ""10-K""}, ""shares_outstanding"": {""filed_date"": ""2026-07-30"", ""form_type"": ""10-Q""}}",260
TTD,"The Trade Desk, Inc.",0.030469140959185872,0.06790613336605711,5,,-0.44022168585907895,1,5,0,10,3,0.38848462227743297,0.38848462227743297,5.224578747210009,14.14,6644106104.480562,210280000.0,0.0,1403914000.0,104391000.0,168224000.0,Communication,0.04,2026-08-17T07:16:15.730935,True,True,2026-08-17T07:04:15.149357,"{""revenue"": {""filed_date"": ""2026-08-06"", ""form_type"": ""10-Q""}, ""operating_income"": {""filed_date"": ""2026-08-06"", ""form_type"": ""10-Q""}, ""net_income"": {""filed_date"": ""2026-08-06"", ""form_type"": ""10-Q""}, ""total_assets"": {""filed_date"": ""2026-08-06"", ""form_type"": ""10-Q""}, ""current_assets"": {""filed_date"": ""2026-08-06"", ""form_type"": ""10-Q""}, ""current_liabilities"": {""filed_date"": ""2026-08-06"", ""form_type"": ""10-Q""}, ""cash_and_equivalents"": {""filed_date"": ""2026-08-06"", ""form_type"": ""10-Q""}, ""ppe"": {""filed_date"": ""2026-08-06"", ""form_type"": ""10-Q""}, ""stockholders_equity"": {""filed_date"": ""2026-08-06"", ""form_type"": ""10-Q""}, ""operating_cash_flow"": {""filed_date"": ""2026-08-06"", ""form_type"": ""10-Q""}, ""capex"": {""filed_date"": ""2026-08-06"", ""form_type"": ""10-Q""}, ""shares_outstanding"": {""filed_date"": ""2026-08-06"", ""form_type"": ""10-Q""}}",261
FE,FirstEnergy Corp.,0.030250529273406723,0.022182928789583667,4,,-0.019780434550112767,1,2,0,5,2,0.035221323179438366,0.035221323179438366,0.3654320987654321,47.41,27423421918.488407,1035000000.0,0.0,4202000000.0,405000000.0,828000000.0,Utilities,0.04,2026-08-17T07:16:15.730876,True,True,2026-08-17T07:04:15.149357,"{""revenue"": {""filed_date"": ""2026-04-28"", ""form_type"": ""10-Q""}, ""operating_income"": {""filed_date"": ""2026-04-28"", ""form_type"": ""10-Q""}, ""net_income"": {""filed_date"": ""2026-04-28"", ""form_type"": ""10-Q""}, ""total_assets"": {""filed_date"": ""2026-04-28"", ""form_type"": ""10-Q""}, ""current_assets"": {""filed_date"": ""2026-04-28"", ""form_type"": ""10-Q""}, ""current_liabilities"": {""filed_date"": ""2026-04-28"", ""form_type"": ""10-Q""}, ""cash_and_equivalents"": {""filed_date"": ""2026-04-28"", ""form_type"": ""10-Q""}, ""ppe"": {""filed_date"": ""2024-10-29"", ""form_type"": ""10-Q""}, ""stockholders_equity"": {""filed_date"": ""2026-04-28"", ""form_type"": ""10-Q""}, ""operating_cash_flow"": {""filed_date"": ""2026-04-28"", ""form_type"": ""10-Q""}, ""shares_outstanding"": {""filed_date"": ""2026-04-28"", ""form_type"": ""10-Q""}}",262
GMED,"Globus Medical, Inc.",0.030186786886609664,0.14663657155395024,5,,-0.034831443529450494,1,5,0,10,3,0.2659658230642041,0.2659658230642041,1.493832262180512,85.9,11533098617.467422,416025000.0,0.0,1549466000.0,275871000.0,332820000.0,Health Care,0.01,2026-08-17T07:16:15.741104,True,True,2026-08-17T07:04:15.149357,"{""revenue"": {""filed_date"": ""2026-08-06"", ""form_type"": ""10-Q""}, ""operating_income"": {""filed_date"": ""2026-08-06"", ""form_type"": ""10-Q""}, ""net_income"": {""filed_date"": ""2026-08-06"", ""form_type"": ""10-Q""}, ""total_assets"": {""filed_date"": ""2026-08-06"", ""form_type"": ""10-Q""}, ""current_assets"": {""filed_date"": ""2026-08-06"", ""form_type"": ""10-Q""}, ""current_liabilities"": {""filed_date"": ""2026-08-06"", ""form_type"": ""10-Q""}, ""cash_and_equivalents"": {""filed_date"": ""2026-08-06"", ""form_type"": ""10-Q""}, ""ppe"": {""filed_date"": ""2026-08-06"", ""form_type"": ""10-Q""}, ""stockholders_equity"": {""filed_date"": ""2026-08-06"", ""form_type"": ""10-Q""}, ""operating_cash_flow"": {""filed_date"": ""2026-08-06"", ""form_type"": ""10-Q""}, ""capex"": {""filed_date"": ""2026-08-06"", ""form_type"": ""10-Q""}, ""shares_outstanding"": {""filed_date"": ""2020-08-05"", ""form_type"": ""10-Q""}}",263
ZBRA,Zebra Technologies Corporation,0.030102915461635352,0.0,5,,0.4420539373245087,3,5,0,10,4,0.12680209698558323,0.12680209698558323,1.0516304347826086,376.03,17911584335.61377,670000000.0,0.0,3052000000.0,368000000.0,536000000.0,Information Technology,0.03,2026-08-17T07:16:15.733317,True,True,2026-08-17T07:04:15.149357,"{""revenue"": {""filed_date"": ""2026-08-04"", ""form_type"": ""10-Q""}, ""operating_income"": {""filed_date"": ""2026-08-04"", ""form_type"": ""10-Q""}, ""net_income"": {""filed_date"": ""2026-08-04"", ""form_type"": ""10-Q""}, ""total_assets"": {""filed_date"": ""2026-08-04"", ""form_type"": ""10-Q""}, ""current_assets"": {""filed_date"": ""2026-08-04"", ""form_type"": ""10-Q""}, ""current_liabilities"": {""filed_date"": ""2026-08-04"", ""form_type"": ""10-Q""}, ""long_term_debt"": {""filed_date"": ""2026-08-04"", ""form_type"": ""10-Q""}, ""cash_and_equivalents"": {""filed_date"": ""2026-08-04"", ""form_type"": ""10-Q""}, ""ppe"": {""filed_date"": ""2026-08-04"", ""form_type"": ""10-Q""}, ""stockholders_equity"": {""filed_date"": ""2026-08-04"", ""form_type"": ""10-Q""}, ""operating_cash_flow"": {""filed_date"": ""2026-08-04"", ""form_type"": ""10-Q""}, ""capex"": {""filed_date"": ""2026-08-04"", ""form_type"": ""10-Q""}, ""total_debt"": {""filed_date"": ""2021-11-02"", ""form_type"": ""10-Q""}, ""shares_outstanding"": {""filed_date"": ""2015-03-17"", ""form_type"": ""10-K""}}",264
FTI,TechnipFMC plc,0.030054422261623824,0.3382936876090103,6,,0.28489174110844995,3,5,0,10,5,0.16752920582974998,0.16752920582974998,1.4128690629011553,78.61,30828042780.038147,1139500000.0,0.0,5255800000.0,623200000.0,911600000.0,Energy,0.03,2026-08-17T07:16:15.733991,True,True,2026-08-17T07:04:15.149357,"{""revenue"": {""filed_date"": ""2026-07-30"", ""form_type"": ""10-Q""}, ""operating_income"": {""filed_date"": ""2026-07-30"", ""form_type"": ""10-Q""}, ""net_income"": {""filed_date"": ""2026-07-30"", ""form_type"": ""10-Q""}, ""total_assets"": {""filed_date"": ""2026-07-30"", ""form_type"": ""10-Q""}, ""current_assets"": {""filed_date"": ""2026-07-30"", ""form_type"": ""10-Q""}, ""current_liabilities"": {""filed_date"": ""2026-07-30"", ""form_type"": ""10-Q""}, ""long_term_debt"": {""filed_date"": ""2026-07-30"", ""form_type"": ""10-Q""}, ""cash_and_equivalents"": {""filed_date"": ""2026-07-30"", ""form_type"": ""10-Q""}, ""ppe"": {""filed_date"": ""2026-07-30"", ""form_type"": ""10-Q""}, ""stockholders_equity"": {""filed_date"": ""2026-07-30"", ""form_type"": ""10-Q""}, ""operating_cash_flow"": {""filed_date"": ""2026-07-30"", ""form_type"": ""10-Q""}, ""capex"": {""filed_date"": ""2026-07-30"", ""form_type"": ""10-Q""}, ""total_debt"": {""filed_date"": ""2020-03-03"", ""form_type"": ""10-K""}, ""shares_outstanding"": {""filed_date"": ""2026-07-30"", ""form_type"": ""10-Q""}}",265
RCL,Royal Caribbean Cruises Ltd.,0.03001061653090784,0.0932613129863262,5,,-0.047926699165684115,1,5,1,10,3,1.5838435948018716,1.5838435948018716,1.7845410628019325,305.0,81572885620.0,3086250000.0,0.0,2332301000.0,2070000000.0,2469000000.0,Consumer Discretionary,0.15,2026-08-17T07:16:15.724566,True,True,2026-08-17T07:04:15.149357,"{""revenue"": {""filed_date"": ""2019-02-22"", ""form_type"": ""10-K""}, ""operating_income"": {""filed_date"": ""2026-07-28"", ""form_type"": ""10-Q""}, ""net_income"": {""filed_date"": ""2026-07-28"", ""form_type"": ""10-Q""}, ""total_assets"": {""filed_date"": ""2026-07-28"", ""form_type"": ""10-Q""}, ""current_assets"": {""filed_date"": ""2026-07-28"", ""form_type"": ""10-Q""}, ""current_liabilities"": {""filed_date"": ""2026-07-28"", ""form_type"": ""10-Q""}, ""long_term_debt"": {""filed_date"": ""2020-11-04"", ""form_type"": ""10-Q""}, ""cash_and_equivalents"": {""filed_date"": ""2026-07-28"", ""form_type"": ""10-Q""}, ""ppe"": {""filed_date"": ""2026-02-11"", ""form_type"": ""10-K""}, ""stockholders_equity"": {""filed_date"": ""2026-07-28"", ""form_type"": ""10-Q""}, ""operating_cash_flow"": {""filed_date"": ""2026-07-28"", ""form_type"": ""10-Q""}, ""capex"": {""filed_date"": ""2026-07-28"", ""form_type"": ""10-Q""}, ""total_debt"": {""filed_date"": ""2026-07-28"", ""form_type"": ""10-Q""}, ""shares_outstanding"": {""filed_date"": ""2026-07-28"", ""form_type"": ""10-Q""}}",266
BSX,Boston Scientific Corporation,0.029875371987541963,0.40194003527336863,3,,-0.32061867598554844,1,4,1,8,2,0.2719402985074627,0.2719402985074627,,51.83,75113568986.19852,2848750000.0,0.0,6700000000.0,-1301000000.0,2279000000.0,Health Care,0.26,2026-08-17T07:16:15.723139,True,True,2026-08-17T07:04:15.149357,"{""revenue"": {""filed_date"": ""2017-11-02"", ""form_type"": ""10-Q""}, ""operating_income"": {""filed_date"": ""2026-08-03"", ""form_type"": ""10-Q""}, ""net_income"": {""filed_date"": ""2010-11-05"", ""form_type"": ""10-Q""}, ""total_assets"": {""filed_date"": ""2026-08-03"", ""form_type"": ""10-Q""}, ""current_assets"": {""filed_date"": ""2026-08-03"", ""form_type"": ""10-Q""}, ""current_liabilities"": {""filed_date"": ""2026-08-03"", ""form_type"": ""10-Q""}, ""long_term_debt"": {""filed_date"": ""2018-07-31"", ""form_type"": ""10-Q""}, ""cash_and_equivalents"": {""filed_date"": ""2026-08-03"", ""form_type"": ""10-Q""}, ""ppe"": {""filed_date"": ""2026-08-03"", ""form_type"": ""10-Q""}, ""stockholders_equity"": {""filed_date"": ""2026-08-03"", ""form_type"": ""10-Q""}, ""operating_cash_flow"": {""filed_date"": ""2026-08-03"", ""form_type"": ""10-Q""}, ""capex"": {""filed_date"": ""2026-08-03"", ""form_type"": ""10-Q""}, ""total_debt"": {""filed_date"": ""2026-08-03"", ""form_type"": ""10-Q""}, ""shares_outstanding"": {""filed_date"": ""2020-05-06"", ""form_type"": ""10-Q""}}",267
RGLD,"Royal Gold, Inc.",0.029801234740071004,0.035761481688085205,5,,-0.1699260865306352,1,5,0,10,3,0.6836355451556221,0.6836355451556221,1.2148542190395402,230.68,19545021432.19464,721285000.0,0.0,919664000.0,517523000.0,577028000.0,Materials,0.02,2026-08-17T07:16:15.736242,True,True,2026-08-17T07:04:15.149357,"{""revenue"": {""filed_date"": ""2026-08-06"", ""form_type"": ""10-Q""}, ""operating_income"": {""filed_date"": ""2026-08-06"", ""form_type"": ""10-Q""}, ""net_income"": {""filed_date"": ""2026-08-06"", ""form_type"": ""10-Q""}, ""total_assets"": {""filed_date"": ""2026-08-06"", ""form_type"": ""10-Q""}, ""current_assets"": {""filed_date"": ""2026-08-06"", ""form_type"": ""10-Q""}, ""current_liabilities"": {""filed_date"": ""2026-08-06"", ""form_type"": ""10-Q""}, ""long_term_debt"": {""filed_date"": ""2024-11-07"", ""form_type"": ""10-Q""}, ""cash_and_equivalents"": {""filed_date"": ""2026-08-06"", ""form_type"": ""10-Q""}, ""stockholders_equity"": {""filed_date"": ""2026-08-06"", ""form_type"": ""10-Q""}, ""operating_cash_flow"": {""filed_date"": ""2026-08-06"", ""form_type"": ""10-Q""}, ""total_debt"": {""filed_date"": ""2024-11-07"", ""form_type"": ""10-Q""}, ""shares_outstanding"": {""filed_date"": ""2026-08-06"", ""form_type"": ""10-Q""}}",268
VST,Vistra Corp.,0.029791960183504298,0.1043584397090983,4,,-0.14475005924645556,1,5,0,9,3,0.23009216112664388,0.23009216112664388,1.6656671664167917,148.13,49717643074.193726,2565000000.0,0.0,9657000000.0,1334000000.0,2052000000.0,Utilities,0.11,2026-08-17T07:16:15.725644,True,True,2026-08-17T07:04:15.149357,"{""revenue"": {""filed_date"": ""2026-08-10"", ""form_type"": ""10-Q""}, ""operating_income"": {""filed_date"": ""2026-08-10"", ""form_type"": ""10-Q""}, ""net_income"": {""filed_date"": ""2026-08-10"", ""form_type"": ""10-Q""}, ""total_assets"": {""filed_date"": ""2026-08-10"", ""form_type"": ""10-Q""}, ""current_assets"": {""filed_date"": ""2026-08-10"", ""form_type"": ""10-Q""}, ""current_liabilities"": {""filed_date"": ""2026-08-10"", ""form_type"": ""10-Q""}, ""long_term_debt"": {""filed_date"": ""2026-08-10"", ""form_type"": ""10-Q""}, ""cash_and_equivalents"": {""filed_date"": ""2026-08-10"", ""form_type"": ""10-Q""}, ""ppe"": {""filed_date"": ""2026-08-10"", ""form_type"": ""10-Q""}, ""stockholders_equity"": {""filed_date"": ""2026-08-10"", ""form_type"": ""10-Q""}, ""operating_cash_flow"": {""filed_date"": ""2026-08-10"", ""form_type"": ""10-Q""}, ""capex"": {""filed_date"": ""2026-08-10"", ""form_type"": ""10-Q""}, ""total_debt"": {""filed_date"": ""2026-08-10"", ""form_type"": ""10-Q""}, ""shares_outstanding"": {""filed_date"": ""2026-08-10"", ""form_type"": ""10-Q""}}",269
KR,The Kroger Co.,0.029786620101286666,0.07757194839563347,6,,-0.1762897923506233,1,3,1,9,3,0.038464040241972204,0.038464040241972204,1.964562569213732,56.69,34730973575.23699,1758750000.0,0.0,46121000000.0,903000000.0,1407000000.0,Consumer Staples,0.07,2026-08-17T07:16:15.727870,True,True,2026-08-17T07:04:15.149357,"{""revenue"": {""filed_date"": ""2026-06-26"", ""form_type"": ""10-Q""}, ""operating_income"": {""filed_date"": ""2026-06-26"", ""form_type"": ""10-Q""}, ""net_income"": {""filed_date"": ""2026-06-26"", ""form_type"": ""10-Q""}, ""total_assets"": {""filed_date"": ""2026-06-26"", ""form_type"": ""10-Q""}, ""current_assets"": {""filed_date"": ""2026-06-26"", ""form_type"": ""10-Q""}, ""current_liabilities"": {""filed_date"": ""2026-06-26"", ""form_type"": ""10-Q""}, ""long_term_debt"": {""filed_date"": ""2026-06-26"", ""form_type"": ""10-Q""}, ""cash_and_equivalents"": {""filed_date"": ""2026-06-26"", ""form_type"": ""10-Q""}, ""ppe"": {""filed_date"": ""2020-12-15"", ""form_type"": ""10-Q""}, ""stockholders_equity"": {""filed_date"": ""2026-06-26"", ""form_type"": ""10-Q""}, ""operating_cash_flow"": {""filed_date"": ""2026-06-26"", ""form_type"": ""10-Q""}, ""total_debt"": {""filed_date"": ""2026-06-26"", ""form_type"": ""10-Q""}, ""shares_outstanding"": {""filed_date"": ""2026-06-26"", ""form_type"": ""10-Q""}}",270
JBL,Jabil Inc.,0.029691330073220782,0.3185745436968928,6,,0.4112682394631657,3,3,1,9,4,0.050193178474127374,0.050193178474127374,1.970496894409938,363.1,38048192655.469635,1377500000.0,0.0,25282320000.0,644000000.0,1102000000.0,Information Technology,0.04,2026-08-17T07:16:15.731324,True,True,2026-08-17T07:04:15.149357,"{""revenue"": {""filed_date"": ""2019-10-22"", ""form_type"": ""10-K""}, ""operating_income"": {""filed_date"": ""2026-06-30"", ""form_type"": ""10-Q""}, ""net_income"": {""filed_date"": ""2026-06-30"", ""form_type"": ""10-Q""}, ""total_assets"": {""filed_date"": ""2026-06-30"", ""form_type"": ""10-Q""}, ""current_assets"": {""filed_date"": ""2026-06-30"", ""form_type"": ""10-Q""}, ""current_liabilities"": {""filed_date"": ""2026-06-30"", ""form_type"": ""10-Q""}, ""long_term_debt"": {""filed_date"": ""2026-06-30"", ""form_type"": ""10-Q""}, ""cash_and_equivalents"": {""filed_date"": ""2026-06-30"", ""form_type"": ""10-Q""}, ""ppe"": {""filed_date"": ""2021-07-02"", ""form_type"": ""10-Q""}, ""stockholders_equity"": {""filed_date"": ""2026-06-30"", ""form_type"": ""10-Q""}, ""operating_cash_flow"": {""filed_date"": ""2026-06-30"", ""form_type"": ""10-Q""}, ""capex"": {""filed_date"": ""2026-06-30"", ""form_type"": ""10-Q""}, ""total_debt"": {""filed_date"": ""2018-01-04"", ""form_type"": ""10-Q""}, ""shares_outstanding"": {""filed_date"": ""2026-06-30"", ""form_type"": ""10-Q""}}",271
AVB,"AvalonBay Communities, Inc.",0.02968428856535368,0.035621146278424415,4,,0.05739481742634671,2,5,0,9,4,0.505845106770014,0.505845106770014,1.6264866548966663,184.06,26283392721.15216,1307128750.0,0.0,1548047000.0,481450000.0,1045703000.0,Real Estate,0.05,2026-08-17T07:16:15.729740,True,True,2026-08-17T07:04:15.149357,"{""revenue"": {""filed_date"": ""2026-07-30"", ""form_type"": ""10-Q""}, ""operating_income"": {""filed_date"": ""2026-07-30"", ""form_type"": ""10-Q""}, ""net_income"": {""filed_date"": ""2026-07-30"", ""form_type"": ""10-Q""}, ""total_assets"": {""filed_date"": ""2026-07-30"", ""form_type"": ""10-Q""}, ""long_term_debt"": {""filed_date"": ""2026-07-30"", ""form_type"": ""10-Q""}, ""cash_and_equivalents"": {""filed_date"": ""2026-07-30"", ""form_type"": ""10-Q""}, ""stockholders_equity"": {""filed_date"": ""2026-07-30"", ""form_type"": ""10-Q""}, ""operating_cash_flow"": {""filed_date"": ""2026-07-30"", ""form_type"": ""10-Q""}, ""total_debt"": {""filed_date"": ""2026-07-30"", ""form_type"": ""10-Q""}, ""shares_outstanding"": {""filed_date"": ""2026-07-30"", ""form_type"": ""10-Q""}}",272
ROK,"Rockwell Automation, Inc.",0.029476059830974094,1.358744394618834,6,,0.16436649891304383,3,5,0,10,5,0.19171917191719173,0.19171917191719173,1.2022577610536218,449.37,49901942991.89014,1893750000.0,0.0,6666000000.0,1063000000.0,1515000000.0,Industrials,0.07,2026-08-17T07:16:15.728098,True,True,2026-08-17T07:04:15.149357,"{""revenue"": {""filed_date"": ""2018-11-09"", ""form_type"": ""10-K""}, ""operating_income"": {""filed_date"": ""2026-08-04"", ""form_type"": ""10-Q""}, ""net_income"": {""filed_date"": ""2026-08-04"", ""form_type"": ""10-Q""}, ""total_assets"": {""filed_date"": ""2026-08-04"", ""form_type"": ""10-Q""}, ""current_assets"": {""filed_date"": ""2026-08-04"", ""form_type"": ""10-Q""}, ""current_liabilities"": {""filed_date"": ""2026-08-04"", ""form_type"": ""10-Q""}, ""long_term_debt"": {""filed_date"": ""2020-11-10"", ""form_type"": ""10-K""}, ""cash_and_equivalents"": {""filed_date"": ""2026-08-04"", ""form_type"": ""10-Q""}, ""ppe"": {""filed_date"": ""2026-08-04"", ""form_type"": ""10-Q""}, ""stockholders_equity"": {""filed_date"": ""2026-08-04"", ""form_type"": ""10-Q""}, ""operating_cash_flow"": {""filed_date"": ""2026-08-04"", ""form_type"": ""10-Q""}, ""capex"": {""filed_date"": ""2026-08-04"", ""form_type"": ""10-Q""}, ""total_debt"": {""filed_date"": ""2020-11-10"", ""form_type"": ""10-K""}, ""shares_outstanding"": {""filed_date"": ""2025-11-12"", ""form_type"": ""10-K""}}",273
WYNN,"Wynn Resorts, Limited",0.029437593288739836,0.09122620432593016,5,,-0.09723988940211038,1,3,0,7,2,0.0960721441692494,0.0960721441692494,2.4773142532512398,102.53,10557912918.52945,725240000.0,0.0,6717660000.0,260516000.0,580192000.0,Consumer Discretionary,0.02,2026-08-17T07:16:15.737851,True,True,2026-08-17T07:04:15.149357,"{""revenue"": {""filed_date"": ""2019-02-28"", ""form_type"": ""10-K""}, ""operating_income"": {""filed_date"": ""2026-08-06"", ""form_type"": ""10-Q""}, ""net_income"": {""filed_date"": ""2026-08-06"", ""form_type"": ""10-Q""}, ""total_assets"": {""filed_date"": ""2026-08-06"", ""form_type"": ""10-Q""}, ""current_assets"": {""filed_date"": ""2026-08-06"", ""form_type"": ""10-Q""}, ""current_liabilities"": {""filed_date"": ""2026-08-06"", ""form_type"": ""10-Q""}, ""long_term_debt"": {""filed_date"": ""2026-08-06"", ""form_type"": ""10-Q""}, ""cash_and_equivalents"": {""filed_date"": ""2026-08-06"", ""form_type"": ""10-Q""}, ""ppe"": {""filed_date"": ""2026-08-06"", ""form_type"": ""10-Q""}, ""stockholders_equity"": {""filed_date"": ""2026-08-06"", ""form_type"": ""10-Q""}, ""operating_cash_flow"": {""filed_date"": ""2026-08-06"", ""form_type"": ""10-Q""}, ""capex"": {""filed_date"": ""2026-08-06"", ""form_type"": ""10-Q""}, ""total_debt"": {""filed_date"": ""2026-08-06"", ""form_type"": ""10-Q""}, ""shares_outstanding"": {""filed_date"": ""2026-08-06"", ""form_type"": ""10-Q""}}",274
ICE,"Intercontinental Exchange, Inc.",0.029407358986579424,0.9607041810751336,5,,0.015422012492020378,2,5,1,10,4,1.0599489795918366,1.0599489795918366,1.401940109658372,154.73,86864566574.97398,3820000000.0,0.0,3136000000.0,2371000000.0,3056000000.0,Financials,0.17,2026-08-17T07:16:15.724044,True,True,2026-08-17T07:04:15.149357,"{""revenue"": {""filed_date"": ""2018-08-02"", ""form_type"": ""10-Q""}, ""operating_income"": {""filed_date"": ""2026-07-30"", ""form_type"": ""10-Q""}, ""net_income"": {""filed_date"": ""2026-07-30"", ""form_type"": ""10-Q""}, ""total_assets"": {""filed_date"": ""2026-07-30"", ""form_type"": ""10-Q""}, ""current_assets"": {""filed_date"": ""2026-07-30"", ""form_type"": ""10-Q""}, ""current_liabilities"": {""filed_date"": ""2026-07-30"", ""form_type"": ""10-Q""}, ""long_term_debt"": {""filed_date"": ""2023-02-02"", ""form_type"": ""10-K""}, ""cash_and_equivalents"": {""filed_date"": ""2026-07-30"", ""form_type"": ""10-Q""}, ""ppe"": {""filed_date"": ""2020-10-29"", ""form_type"": ""10-Q""}, ""stockholders_equity"": {""filed_date"": ""2026-07-30"", ""form_type"": ""10-Q""}, ""operating_cash_flow"": {""filed_date"": ""2026-07-30"", ""form_type"": ""10-Q""}, ""capex"": {""filed_date"": ""2026-07-30"", ""form_type"": ""10-Q""}, ""total_debt"": {""filed_date"": ""2023-02-02"", ""form_type"": ""10-K""}, ""shares_outstanding"": {""filed_date"": ""2026-07-30"", ""form_type"": ""10-Q""}}",275
MOH,"Molina Healthcare, Inc.",0.029389602634076115,0.04066345639379347,6,,0.5656692522338248,3,3,1,9,4,0.03636363636363636,0.03636363636363636,10.64864864864865,212.43,11088845617.675781,285000000.0,0.0,21670000000.0,74000000.0,228000000.0,Health Care,0.02,2026-08-17T07:16:15.738009,True,True,2026-08-17T07:04:15.149357,"{""revenue"": {""filed_date"": ""2026-07-23"", ""form_type"": ""10-Q""}, ""operating_income"": {""filed_date"": ""2026-07-23"", ""form_type"": ""10-Q""}, ""net_income"": {""filed_date"": ""2026-07-23"", ""form_type"": ""10-Q""}, ""total_assets"": {""filed_date"": ""2026-07-23"", ""form_type"": ""10-Q""}, ""current_assets"": {""filed_date"": ""2026-07-23"", ""form_type"": ""10-Q""}, ""current_liabilities"": {""filed_date"": ""2026-07-23"", ""form_type"": ""10-Q""}, ""long_term_debt"": {""filed_date"": ""2017-05-04"", ""form_type"": ""10-Q""}, ""cash_and_equivalents"": {""filed_date"": ""2026-07-23"", ""form_type"": ""10-Q""}, ""ppe"": {""filed_date"": ""2019-10-30"", ""form_type"": ""10-Q""}, ""stockholders_equity"": {""filed_date"": ""2026-07-23"", ""form_type"": ""10-Q""}, ""operating_cash_flow"": {""filed_date"": ""2026-07-23"", ""form_type"": ""10-Q""}, ""capex"": {""filed_date"": ""2026-07-23"", ""form_type"": ""10-Q""}, ""total_debt"": {""filed_date"": ""2017-05-04"", ""form_type"": ""10-Q""}, ""shares_outstanding"": {""filed_date"": ""2026-07-23"", ""form_type"": ""10-Q""}}",276
TJX,"The TJX Companies, Inc.",0.029319997939326943,0.4655225762314308,4,,-0.024719824218931527,1,2,2,7,2,0.07864017572670831,0.07864017572670831,0.8400900900900901,152.11,168036593955.31808,5954033750.0,0.0,14229368000.0,1332000000.0,4763227000.0,Consumer Discretionary,0.26,2026-08-17T07:16:15.723205,True,True,2026-08-17T07:04:15.149357,"{""revenue"": {""filed_date"": ""2015-08-28"", ""form_type"": ""10-Q""}, ""operating_income"": {""filed_date"": ""2019-04-03"", ""form_type"": ""10-K""}, ""net_income"": {""filed_date"": ""2026-05-29"", ""form_type"": ""10-Q""}, ""total_assets"": {""filed_date"": ""2026-05-29"", ""form_type"": ""10-Q""}, ""current_assets"": {""filed_date"": ""2026-05-29"", ""form_type"": ""10-Q""}, ""current_liabilities"": {""filed_date"": ""2026-05-29"", ""form_type"": ""10-Q""}, ""long_term_debt"": {""filed_date"": ""2026-05-29"", ""form_type"": ""10-Q""}, ""cash_and_equivalents"": {""filed_date"": ""2026-05-29"", ""form_type"": ""10-Q""}, ""ppe"": {""filed_date"": ""2026-05-29"", ""form_type"": ""10-Q""}, ""stockholders_equity"": {""filed_date"": ""2026-05-29"", ""form_type"": ""10-Q""}, ""operating_cash_flow"": {""filed_date"": ""2026-05-29"", ""form_type"": ""10-Q""}, ""capex"": {""filed_date"": ""2026-05-29"", ""form_type"": ""10-Q""}, ""shares_outstanding"": {""filed_date"": ""2026-05-29"", ""form_type"": ""10-Q""}}",277
AMP,"Ameriprise Financial, Inc.",0.029205550069531173,0.0350466600834374,5,,0.22318753760465398,3,5,1,10,4,0.3379129204970199,0.3379129204970199,1.6494082840236686,569.54,50309299608.34454,1850000000.0,0.0,9899000000.0,2028000000.0,1480000000.0,Financials,0.08,2026-08-17T07:16:15.726831,True,True,2026-08-17T07:04:15.149357,"{""revenue"": {""filed_date"": ""2026-08-04"", ""form_type"": ""10-Q""}, ""operating_income"": {""filed_date"": ""2018-02-23"", ""form_type"": ""10-K""}, ""net_income"": {""filed_date"": ""2026-08-04"", ""form_type"": ""10-Q""}, ""total_assets"": {""filed_date"": ""2026-08-04"", ""form_type"": ""10-Q""}, ""long_term_debt"": {""filed_date"": ""2010-08-04"", ""form_type"": ""10-Q""}, ""cash_and_equivalents"": {""filed_date"": ""2017-02-23"", ""form_type"": ""10-K""}, ""ppe"": {""filed_date"": ""2026-02-19"", ""form_type"": ""10-K""}, ""stockholders_equity"": {""filed_date"": ""2026-08-04"", ""form_type"": ""10-Q""}, ""operating_cash_flow"": {""filed_date"": ""2026-08-04"", ""form_type"": ""10-Q""}, ""total_debt"": {""filed_date"": ""2010-08-04"", ""form_type"": ""10-Q""}, ""shares_outstanding"": {""filed_date"": ""2020-08-10"", ""form_type"": ""10-Q""}}",278
AMGN,Amgen Inc.,0.02913688789402764,0.3432189270243252,5,,0.12048812417408314,3,5,2,10,4,0.4981894262492959,0.4981894262492959,1.4761564139246544,415.21,224092267835.77496,7725000000.0,0.0,12427000000.0,4194000000.0,6180000000.0,Health Care,0.26,2026-08-17T07:16:15.723059,True,True,2026-08-17T07:04:15.149357,"{""revenue"": {""filed_date"": ""2021-08-04"", ""form_type"": ""10-Q""}, ""operating_income"": {""filed_date"": ""2026-08-05"", ""form_type"": ""10-Q""}, ""net_income"": {""filed_date"": ""2026-08-05"", ""form_type"": ""10-Q""}, ""total_assets"": {""filed_date"": ""2026-08-05"", ""form_type"": ""10-Q""}, ""current_assets"": {""filed_date"": ""2026-08-05"", ""form_type"": ""10-Q""}, ""current_liabilities"": {""filed_date"": ""2026-08-05"", ""form_type"": ""10-Q""}, ""long_term_debt"": {""filed_date"": ""2026-08-05"", ""form_type"": ""10-Q""}, ""cash_and_equivalents"": {""filed_date"": ""2026-08-05"", ""form_type"": ""10-Q""}, ""ppe"": {""filed_date"": ""2026-08-05"", ""form_type"": ""10-Q""}, ""stockholders_equity"": {""filed_date"": ""2026-08-05"", ""form_type"": ""10-Q""}, ""operating_cash_flow"": {""filed_date"": ""2026-08-05"", ""form_type"": ""10-Q""}, ""capex"": {""filed_date"": ""2026-08-05"", ""form_type"": ""10-Q""}, ""total_debt"": {""filed_date"": ""2017-10-26"", ""form_type"": ""10-Q""}, ""shares_outstanding"": {""filed_date"": ""2026-08-05"", ""form_type"": ""10-Q""}}",279
JLL,Jones Lang LaSalle Incorporated,0.02903180490621244,0.32816742830651036,4,,0.30739468519802166,3,0,1,3,2,-0.020045965270684373,,-0.3369524049993688,375.0,17252888625.0,619375000.0,0.0,13314400000.0,792100000.0,495500000.0,Real Estate,0.02,2026-08-17T07:16:15.734336,True,True,2026-08-17T07:04:15.149357,"{""revenue"": {""filed_date"": ""2026-07-30"", ""form_type"": ""10-Q""}, ""operating_income"": {""filed_date"": ""2026-07-30"", ""form_type"": ""10-Q""}, ""net_income"": {""filed_date"": ""2026-02-19"", ""form_type"": ""10-K""}, ""total_assets"": {""filed_date"": ""2026-07-30"", ""form_type"": ""10-Q""}, ""current_assets"": {""filed_date"": ""2026-07-30"", ""form_type"": ""10-Q""}, ""current_liabilities"": {""filed_date"": ""2026-07-30"", ""form_type"": ""10-Q""}, ""long_term_debt"": {""filed_date"": ""2017-05-05"", ""form_type"": ""10-Q""}, ""cash_and_equivalents"": {""filed_date"": ""2026-07-30"", ""form_type"": ""10-Q""}, ""ppe"": {""filed_date"": ""2026-07-30"", ""form_type"": ""10-Q""}, ""stockholders_equity"": {""filed_date"": ""2026-07-30"", ""form_type"": ""10-Q""}, ""operating_cash_flow"": {""filed_date"": ""2026-07-30"", ""form_type"": ""10-Q""}, ""capex"": {""filed_date"": ""2019-11-06"", ""form_type"": ""10-Q""}, ""total_debt"": {""filed_date"": ""2017-05-05"", ""form_type"": ""10-Q""}, ""shares_outstanding"": {""filed_date"": ""2026-07-30"", ""form_type"": ""10-Q""}}",280
CELH,"Celsius Holdings, Inc.",0.02893520599111646,0.22766328684035475,5,,-0.33750853441867307,1,5,0,10,3,0.22478213433241226,0.22478213433241226,1.791295830511754,29.09,7360789555.840084,267810000.0,0.0,1318014000.0,165392000.0,214248000.0,Consumer Staples,0.02,2026-08-17T07:16:15.737509,True,True,2026-08-17T07:04:15.149357,"{""revenue"": {""filed_date"": ""2024-02-29"", ""form_type"": ""10-K""}, ""operating_income"": {""filed_date"": ""2026-08-06"", ""form_type"": ""10-Q""}, ""net_income"": {""filed_date"": ""2026-08-06"", ""form_type"": ""10-Q""}, ""total_assets"": {""filed_date"": ""2026-08-06"", ""form_type"": ""10-Q""}, ""current_assets"": {""filed_date"": ""2026-08-06"", ""form_type"": ""10-Q""}, ""current_liabilities"": {""filed_date"": ""2026-08-06"", ""form_type"": ""10-Q""}, ""long_term_debt"": {""filed_date"": ""2026-08-06"", ""form_type"": ""10-Q""}, ""cash_and_equivalents"": {""filed_date"": ""2026-08-06"", ""form_type"": ""10-Q""}, ""ppe"": {""filed_date"": ""2026-08-06"", ""form_type"": ""10-Q""}, ""stockholders_equity"": {""filed_date"": ""2026-08-06"", ""form_type"": ""10-Q""}, ""operating_cash_flow"": {""filed_date"": ""2026-08-06"", ""form_type"": ""10-Q""}, ""capex"": {""filed_date"": ""2026-08-06"", ""form_type"": ""10-Q""}, ""total_debt"": {""filed_date"": ""2026-08-06"", ""form_type"": ""10-Q""}, ""shares_outstanding"": {""filed_date"": ""2026-08-06"", ""form_type"": ""10-Q""}}",281
MSA,MSA Safety Incorporated,0.028851755829179614,0.2221611650148705,5,,-0.058781826933832146,1,5,0,10,3,0.17690822465068323,0.17690822465068323,1.086369496326121,189.13,7296311986.940552,256216250.0,0.0,966959000.0,157463000.0,204973000.0,Industrials,0.01,2026-08-17T07:16:15.742257,True,True,2026-08-17T07:04:15.149357,"{""revenue"": {""filed_date"": ""2026-07-31"", ""form_type"": ""10-Q""}, ""operating_income"": {""filed_date"": ""2026-07-31"", ""form_type"": ""10-Q""}, ""net_income"": {""filed_date"": ""2026-07-31"", ""form_type"": ""10-Q""}, ""total_assets"": {""filed_date"": ""2026-07-31"", ""form_type"": ""10-Q""}, ""current_assets"": {""filed_date"": ""2026-07-31"", ""form_type"": ""10-Q""}, ""current_liabilities"": {""filed_date"": ""2026-07-31"", ""form_type"": ""10-Q""}, ""long_term_debt"": {""filed_date"": ""2026-07-31"", ""form_type"": ""10-Q""}, ""cash_and_equivalents"": {""filed_date"": ""2026-07-31"", ""form_type"": ""10-Q""}, ""ppe"": {""filed_date"": ""2026-07-31"", ""form_type"": ""10-Q""}, ""stockholders_equity"": {""filed_date"": ""2022-02-18"", ""form_type"": ""10-K""}, ""operating_cash_flow"": {""filed_date"": ""2026-07-31"", ""form_type"": ""10-Q""}, ""capex"": {""filed_date"": ""2026-07-31"", ""form_type"": ""10-Q""}, ""total_debt"": {""filed_date"": ""2026-07-31"", ""form_type"": ""10-Q""}, ""shares_outstanding"": {""filed_date"": ""2026-07-31"", ""form_type"": ""10-Q""}}",282
SCI,Service Corporation International,0.028772841365177892,0.19491213411079195,5,,0.05621752415696148,2,5,0,10,4,0.2602300633437921,0.2602300633437921,2.1963412154255217,84.23,11479840830.531807,594252500.0,0.0,2199742000.0,260633000.0,475402000.0,Consumer Discretionary,0.02,2026-08-17T07:16:15.736418,True,True,2026-08-17T07:04:15.149357,"{""revenue"": {""filed_date"": ""2026-07-30"", ""form_type"": ""10-Q""}, ""operating_income"": {""filed_date"": ""2026-07-30"", ""form_type"": ""10-Q""}, ""net_income"": {""filed_date"": ""2026-07-30"", ""form_type"": ""10-Q""}, ""total_assets"": {""filed_date"": ""2026-07-30"", ""form_type"": ""10-Q""}, ""current_assets"": {""filed_date"": ""2026-07-30"", ""form_type"": ""10-Q""}, ""current_liabilities"": {""filed_date"": ""2026-07-30"", ""form_type"": ""10-Q""}, ""long_term_debt"": {""filed_date"": ""2026-07-30"", ""form_type"": ""10-Q""}, ""cash_and_equivalents"": {""filed_date"": ""2026-07-30"", ""form_type"": ""10-Q""}, ""ppe"": {""filed_date"": ""2026-07-30"", ""form_type"": ""10-Q""}, ""stockholders_equity"": {""filed_date"": ""2026-07-30"", ""form_type"": ""10-Q""}, ""operating_cash_flow"": {""filed_date"": ""2026-07-30"", ""form_type"": ""10-Q""}, ""total_debt"": {""filed_date"": ""2026-07-30"", ""form_type"": ""10-Q""}, ""shares_outstanding"": {""filed_date"": ""2026-07-30"", ""form_type"": ""10-Q""}}",283
BLK,"BlackRock, Inc.",0.028664320011889618,0.03439718401426754,4,,0.10650545197438438,3,2,2,7,3,0.01930592465218071,0.01930592465218071,0.059864275327193406,1173.73,181774692341.2798,6593750000.0,0.0,12794000000.0,4126000000.0,5275000000.0,Financials,0.29,2026-08-17T07:16:15.722786,True,True,2026-08-17T07:04:15.149357,"{""revenue"": {""filed_date"": ""2025-02-25"", ""form_type"": ""10-K""}, ""operating_income"": {""filed_date"": ""2026-08-06"", ""form_type"": ""10-Q""}, ""net_income"": {""filed_date"": ""2026-08-06"", ""form_type"": ""10-Q""}, ""total_assets"": {""filed_date"": ""2026-08-06"", ""form_type"": ""10-Q""}, ""long_term_debt"": {""filed_date"": ""2026-08-06"", ""form_type"": ""10-Q""}, ""cash_and_equivalents"": {""filed_date"": ""2026-08-06"", ""form_type"": ""10-Q""}, ""ppe"": {""filed_date"": ""2026-08-06"", ""form_type"": ""10-Q""}, ""stockholders_equity"": {""filed_date"": ""2026-08-06"", ""form_type"": ""10-Q""}, ""operating_cash_flow"": {""filed_date"": ""2026-08-06"", ""form_type"": ""10-Q""}, ""capex"": {""filed_date"": ""2026-08-06"", ""form_type"": ""10-Q""}, ""total_debt"": {""filed_date"": ""2026-08-06"", ""form_type"": ""10-Q""}, ""shares_outstanding"": {""filed_date"": ""2026-08-06"", ""form_type"": ""10-Q""}}",284
KEY,KeyCorp,0.0286460152641975,0.034375218317037,4,,0.09608031304400859,2,2,0,5,3,0.05029359203472045,0.05029359203472045,0.19107662463627545,23.31,24989135277.471542,1287500000.0,0.0,3917000000.0,1031000000.0,1030000000.0,Financials,0.03,2026-08-17T07:16:15.732838,True,True,2026-08-17T07:04:15.149357,"{""revenue"": {""filed_date"": ""2026-08-04"", ""form_type"": ""10-Q""}, ""operating_income"": {""filed_date"": ""2026-08-04"", ""form_type"": ""10-Q""}, ""net_income"": {""filed_date"": ""2026-08-04"", ""form_type"": ""10-Q""}, ""total_assets"": {""filed_date"": ""2026-08-04"", ""form_type"": ""10-Q""}, ""long_term_debt"": {""filed_date"": ""2026-08-04"", ""form_type"": ""10-Q""}, ""ppe"": {""filed_date"": ""2020-05-04"", ""form_type"": ""10-Q""}, ""stockholders_equity"": {""filed_date"": ""2026-08-04"", ""form_type"": ""10-Q""}, ""operating_cash_flow"": {""filed_date"": ""2026-08-04"", ""form_type"": ""10-Q""}, ""capex"": {""filed_date"": ""2013-10-31"", ""form_type"": ""10-Q""}, ""total_debt"": {""filed_date"": ""2026-08-04"", ""form_type"": ""10-Q""}, ""shares_outstanding"": {""filed_date"": ""2026-08-04"", ""form_type"": ""10-Q""}}",285
GTES,Gates Industrial Corporation Ltd.,0.028622301814638408,0.09305282626285978,4,,0.015733637262208652,2,2,0,5,3,0.04257483858344747,0.04257483858344747,0.47181266261925414,27.76,7027476537.141705,301875000.0,0.0,2555500000.0,230600000.0,241500000.0,Industrials,0.01,2026-08-17T07:16:15.742848,True,True,2026-08-17T07:04:15.149357,"{""revenue"": {""filed_date"": ""2018-11-02"", ""form_type"": ""10-Q""}, ""operating_income"": {""filed_date"": ""2026-07-31"", ""form_type"": ""10-Q""}, ""net_income"": {""filed_date"": ""2026-07-31"", ""form_type"": ""10-Q""}, ""total_assets"": {""filed_date"": ""2026-07-31"", ""form_type"": ""10-Q""}, ""current_assets"": {""filed_date"": ""2026-07-31"", ""form_type"": ""10-Q""}, ""current_liabilities"": {""filed_date"": ""2026-07-31"", ""form_type"": ""10-Q""}, ""long_term_debt"": {""filed_date"": ""2026-07-31"", ""form_type"": ""10-Q""}, ""cash_and_equivalents"": {""filed_date"": ""2026-07-31"", ""form_type"": ""10-Q""}, ""ppe"": {""filed_date"": ""2019-11-06"", ""form_type"": ""10-Q""}, ""stockholders_equity"": {""filed_date"": ""2026-07-31"", ""form_type"": ""10-Q""}, ""operating_cash_flow"": {""filed_date"": ""2026-07-31"", ""form_type"": ""10-Q""}, ""capex"": {""filed_date"": ""2026-07-31"", ""form_type"": ""10-Q""}, ""total_debt"": {""filed_date"": ""2026-07-31"", ""form_type"": ""10-Q""}, ""shares_outstanding"": {""filed_date"": ""2026-07-31"", ""form_type"": ""10-Q""}}",286
FFIV,"F5, Inc.",0.028571726754566807,0.44136232607592946,5,,0.4901324274378508,3,5,0,10,4,0.3366512726658723,0.3366512726658723,1.5696759617698692,403.2,22832080473.64978,758090000.0,0.0,2499242000.0,536017000.0,606472000.0,Information Technology,0.03,2026-08-17T07:16:15.732509,True,True,2026-08-17T07:04:15.149357,"{""revenue"": {""filed_date"": ""2026-08-06"", ""form_type"": ""10-Q""}, ""operating_income"": {""filed_date"": ""2026-08-06"", ""form_type"": ""10-Q""}, ""net_income"": {""filed_date"": ""2026-08-06"", ""form_type"": ""10-Q""}, ""total_assets"": {""filed_date"": ""2026-08-06"", ""form_type"": ""10-Q""}, ""current_assets"": {""filed_date"": ""2026-08-06"", ""form_type"": ""10-Q""}, ""current_liabilities"": {""filed_date"": ""2026-08-06"", ""form_type"": ""10-Q""}, ""long_term_debt"": {""filed_date"": ""2022-11-15"", ""form_type"": ""10-K""}, ""cash_and_equivalents"": {""filed_date"": ""2026-08-06"", ""form_type"": ""10-Q""}, ""ppe"": {""filed_date"": ""2026-08-06"", ""form_type"": ""10-Q""}, ""stockholders_equity"": {""filed_date"": ""2026-08-06"", ""form_type"": ""10-Q""}, ""operating_cash_flow"": {""filed_date"": ""2026-08-06"", ""form_type"": ""10-Q""}, ""capex"": {""filed_date"": ""2026-08-06"", ""form_type"": ""10-Q""}, ""shares_outstanding"": {""filed_date"": ""2026-08-06"", ""form_type"": ""10-Q""}}",287
PCG,PG&E Corporation,0.028556434334518405,0.03789097160603372,5,,-0.0042610053971315585,1,5,1,10,3,0.260971602910115,0.260971602910115,1286540.6864635558,17.84,39290225939.09452,3416250000.0,0.0,12783000000.0,2593.0,2733000000.0,Utilities,0.06,2026-08-17T07:16:15.729014,True,True,2026-08-17T07:04:15.149357,"{""revenue"": {""filed_date"": ""2026-07-23"", ""form_type"": ""10-Q""}, ""operating_income"": {""filed_date"": ""2026-07-23"", ""form_type"": ""10-Q""}, ""net_income"": {""filed_date"": ""2026-04-09"", ""form_type"": ""DEF 14A""}, ""total_assets"": {""filed_date"": ""2026-07-23"", ""form_type"": ""10-Q""}, ""current_assets"": {""filed_date"": ""2026-07-23"", ""form_type"": ""10-Q""}, ""current_liabilities"": {""filed_date"": ""2026-07-23"", ""form_type"": ""10-Q""}, ""long_term_debt"": {""filed_date"": ""2026-02-12"", ""form_type"": ""10-K""}, ""cash_and_equivalents"": {""filed_date"": ""2026-07-23"", ""form_type"": ""10-Q""}, ""ppe"": {""filed_date"": ""2021-11-01"", ""form_type"": ""10-Q""}, ""stockholders_equity"": {""filed_date"": ""2026-07-23"", ""form_type"": ""10-Q""}, ""operating_cash_flow"": {""filed_date"": ""2026-07-23"", ""form_type"": ""10-Q""}, ""capex"": {""filed_date"": ""2026-07-23"", ""form_type"": ""10-Q""}, ""total_debt"": {""filed_date"": ""2026-02-12"", ""form_type"": ""10-K""}, ""shares_outstanding"": {""filed_date"": ""2026-07-23"", ""form_type"": ""10-Q""}}",288
ATR,"AptarGroup, Inc.",0.02853301784235741,0.09862857027356166,5,,-0.060426332355083996,1,4,0,8,3,0.11057164015097225,0.11057164015097225,1.3864846143765561,132.1,8399067528.968414,292772500.0,0.0,2009376000.0,160247000.0,234218000.0,Materials,0.02,2026-08-17T07:16:15.737946,True,True,2026-08-17T07:04:15.149357,"{""revenue"": {""filed_date"": ""2026-07-31"", ""form_type"": ""10-Q""}, ""operating_income"": {""filed_date"": ""2026-07-31"", ""form_type"": ""10-Q""}, ""net_income"": {""filed_date"": ""2026-07-31"", ""form_type"": ""10-Q""}, ""total_assets"": {""filed_date"": ""2026-07-31"", ""form_type"": ""10-Q""}, ""current_assets"": {""filed_date"": ""2026-07-31"", ""form_type"": ""10-Q""}, ""current_liabilities"": {""filed_date"": ""2026-07-31"", ""form_type"": ""10-Q""}, ""cash_and_equivalents"": {""filed_date"": ""2026-07-31"", ""form_type"": ""10-Q""}, ""ppe"": {""filed_date"": ""2026-02-06"", ""form_type"": ""10-K""}, ""stockholders_equity"": {""filed_date"": ""2026-07-31"", ""form_type"": ""10-Q""}, ""operating_cash_flow"": {""filed_date"": ""2026-07-31"", ""form_type"": ""10-Q""}, ""capex"": {""filed_date"": ""2026-07-31"", ""form_type"": ""10-Q""}, ""shares_outstanding"": {""filed_date"": ""2026-07-31"", ""form_type"": ""10-Q""}}",289
EBAY,eBay Inc.,0.02848586679895762,0.9114730878186968,6,,0.29795749857302856,3,3,1,9,4,0.08334264328008044,0.08334264328008044,1.4048964218455744,103.14,45897299728.393555,1608750000.0,0.0,17902000000.0,1062000000.0,1287000000.0,Consumer Discretionary,0.08,2026-08-17T07:16:15.727249,True,True,2026-08-17T07:04:15.149357,"{""revenue"": {""filed_date"": ""2015-02-06"", ""form_type"": ""10-K""}, ""operating_income"": {""filed_date"": ""2026-08-06"", ""form_type"": ""10-Q""}, ""net_income"": {""filed_date"": ""2026-08-06"", ""form_type"": ""10-Q""}, ""total_assets"": {""filed_date"": ""2026-08-06"", ""form_type"": ""10-Q""}, ""current_assets"": {""filed_date"": ""2026-08-06"", ""form_type"": ""10-Q""}, ""current_liabilities"": {""filed_date"": ""2026-08-06"", ""form_type"": ""10-Q""}, ""long_term_debt"": {""filed_date"": ""2023-02-23"", ""form_type"": ""10-K""}, ""cash_and_equivalents"": {""filed_date"": ""2026-08-06"", ""form_type"": ""10-Q""}, ""ppe"": {""filed_date"": ""2026-08-06"", ""form_type"": ""10-Q""}, ""stockholders_equity"": {""filed_date"": ""2026-08-06"", ""form_type"": ""10-Q""}, ""operating_cash_flow"": {""filed_date"": ""2026-08-06"", ""form_type"": ""10-Q""}, ""capex"": {""filed_date"": ""2026-08-06"", ""form_type"": ""10-Q""}, ""total_debt"": {""filed_date"": ""2026-08-06"", ""form_type"": ""10-Q""}, ""shares_outstanding"": {""filed_date"": ""2026-08-06"", ""form_type"": ""10-Q""}}",290
FLS,Flowserve Corporation,0.028414834415813755,0.11955285365650188,4,,-0.09365450854550854,1,2,0,5,2,,,0.47690102336187384,80.87,10279610867.725677,338568750.0,0.0,0.0,180679000.0,270855000.0,Industrials,0.01,2026-08-17T07:16:15.740867,True,True,2026-08-17T07:04:15.149357,"{""revenue"": {""filed_date"": ""2026-07-29"", ""form_type"": ""10-Q""}, ""operating_income"": {""filed_date"": ""2026-07-29"", ""form_type"": ""10-Q""}, ""net_income"": {""filed_date"": ""2026-07-29"", ""form_type"": ""10-Q""}, ""total_assets"": {""filed_date"": ""2026-07-29"", ""form_type"": ""10-Q""}, ""current_assets"": {""filed_date"": ""2026-07-29"", ""form_type"": ""10-Q""}, ""current_liabilities"": {""filed_date"": ""2026-07-29"", ""form_type"": ""10-Q""}, ""long_term_debt"": {""filed_date"": ""2026-02-17"", ""form_type"": ""10-K""}, ""cash_and_equivalents"": {""filed_date"": ""2026-02-17"", ""form_type"": ""10-K""}, ""ppe"": {""filed_date"": ""2026-07-29"", ""form_type"": ""10-Q""}, ""stockholders_equity"": {""filed_date"": ""2026-07-29"", ""form_type"": ""10-Q""}, ""operating_cash_flow"": {""filed_date"": ""2026-07-29"", ""form_type"": ""10-Q""}, ""total_debt"": {""filed_date"": ""2026-07-29"", ""form_type"": ""10-Q""}, ""shares_outstanding"": {""filed_date"": ""2026-07-29"", ""form_type"": ""10-Q""}}",291
TKR,The Timken Company,0.02841247668612067,0.07993438692785716,5,,0.27310800285643505,3,5,0,10,4,6.310344827586207,6.310344827586207,1.1518489378442172,133.5,9277517085.0,316750000.0,0.0,23200000.0,127100000.0,253400000.0,Industrials,0.01,2026-08-17T07:16:15.745569,True,True,2026-08-17T07:04:15.149357,"{""revenue"": {""filed_date"": ""2014-04-29"", ""form_type"": ""10-Q""}, ""operating_income"": {""filed_date"": ""2026-08-04"", ""form_type"": ""10-Q""}, ""net_income"": {""filed_date"": ""2026-08-04"", ""form_type"": ""10-Q""}, ""total_assets"": {""filed_date"": ""2026-08-04"", ""form_type"": ""10-Q""}, ""current_assets"": {""filed_date"": ""2026-08-04"", ""form_type"": ""10-Q""}, ""current_liabilities"": {""filed_date"": ""2026-08-04"", ""form_type"": ""10-Q""}, ""long_term_debt"": {""filed_date"": ""2026-08-04"", ""form_type"": ""10-Q""}, ""cash_and_equivalents"": {""filed_date"": ""2026-08-04"", ""form_type"": ""10-Q""}, ""ppe"": {""filed_date"": ""2023-11-01"", ""form_type"": ""10-Q""}, ""stockholders_equity"": {""filed_date"": ""2026-08-04"", ""form_type"": ""10-Q""}, ""operating_cash_flow"": {""filed_date"": ""2026-08-04"", ""form_type"": ""10-Q""}, ""capex"": {""filed_date"": ""2023-02-16"", ""form_type"": ""10-K""}, ""total_debt"": {""filed_date"": ""2026-08-04"", ""form_type"": ""10-Q""}, ""shares_outstanding"": {""filed_date"": ""2026-08-04"", ""form_type"": ""10-Q""}}",292
FND,"Floor & Decor Holdings, Inc.",0.02827215028790559,0.07667705518026585,5,,-0.15422383112167193,1,4,0,8,3,0.11589653984020298,0.11589653984020298,2.053762013291144,58.57,6237117217.551842,220475000.0,0.0,2402548000.0,135579000.0,176380000.0,Consumer Discretionary,0.02,2026-08-17T07:16:15.738143,True,True,2026-08-17T07:04:15.149357,"{""revenue"": {""filed_date"": ""2026-07-30"", ""form_type"": ""10-Q""}, ""operating_income"": {""filed_date"": ""2026-07-30"", ""form_type"": ""10-Q""}, ""net_income"": {""filed_date"": ""2026-07-30"", ""form_type"": ""10-Q""}, ""total_assets"": {""filed_date"": ""2026-07-30"", ""form_type"": ""10-Q""}, ""current_assets"": {""filed_date"": ""2026-07-30"", ""form_type"": ""10-Q""}, ""current_liabilities"": {""filed_date"": ""2026-07-30"", ""form_type"": ""10-Q""}, ""long_term_debt"": {""filed_date"": ""2026-07-30"", ""form_type"": ""10-Q""}, ""cash_and_equivalents"": {""filed_date"": ""2018-05-03"", ""form_type"": ""10-Q""}, ""ppe"": {""filed_date"": ""2026-07-30"", ""form_type"": ""10-Q""}, ""stockholders_equity"": {""filed_date"": ""2026-07-30"", ""form_type"": ""10-Q""}, ""operating_cash_flow"": {""filed_date"": ""2026-07-30"", ""form_type"": ""10-Q""}, ""total_debt"": {""filed_date"": ""2024-08-01"", ""form_type"": ""10-Q""}, ""shares_outstanding"": {""filed_date"": ""2026-07-30"", ""form_type"": ""10-Q""}}",293
EL,The Estée Lauder Companies Inc.,0.028268144730790583,0.18487584650112868,6,,-0.22682269749994588,1,4,1,10,4,0.10479775871125897,0.10479775871125897,4.016778523489933,86.1,31150541629.44477,1023750000.0,0.0,11422000000.0,298000000.0,819000000.0,Consumer Staples,0.04,2026-08-17T07:16:15.731756,True,True,2026-08-17T07:04:15.149357,"{""revenue"": {""filed_date"": ""2026-05-01"", ""form_type"": ""10-Q""}, ""operating_income"": {""filed_date"": ""2026-05-01"", ""form_type"": ""10-Q""}, ""net_income"": {""filed_date"": ""2026-05-01"", ""form_type"": ""10-Q""}, ""total_assets"": {""filed_date"": ""2026-05-01"", ""form_type"": ""10-Q""}, ""current_assets"": {""filed_date"": ""2026-05-01"", ""form_type"": ""10-Q""}, ""current_liabilities"": {""filed_date"": ""2026-05-01"", ""form_type"": ""10-Q""}, ""long_term_debt"": {""filed_date"": ""2012-05-07"", ""form_type"": ""10-Q""}, ""cash_and_equivalents"": {""filed_date"": ""2018-08-24"", ""form_type"": ""10-K""}, ""ppe"": {""filed_date"": ""2026-05-01"", ""form_type"": ""10-Q""}, ""stockholders_equity"": {""filed_date"": ""2026-05-01"", ""form_type"": ""10-Q""}, ""operating_cash_flow"": {""filed_date"": ""2026-05-01"", ""form_type"": ""10-Q""}, ""capex"": {""filed_date"": ""2026-05-01"", ""form_type"": ""10-Q""}, ""total_debt"": {""filed_date"": ""2025-08-20"", ""form_type"": ""10-K""}, ""shares_outstanding"": {""filed_date"": ""2026-05-01"", ""form_type"": ""10-Q""}}",294
MKC,"McCormick & Company, Incorporated",0.028035229698574922,0.6986966167498614,4,,-0.19558999989559978,1,3,0,7,2,0.11302978611730743,0.11302978611730743,0.3692874903541113,54.67,14698113855.558105,629875000.0,0.0,3810500000.0,1166300000.0,503900000.0,Consumer Staples,0.03,2026-08-17T07:16:15.732479,True,True,2026-08-17T07:04:15.149357,"{""revenue"": {""filed_date"": ""2026-06-25"", ""form_type"": ""10-Q""}, ""operating_income"": {""filed_date"": ""2026-06-25"", ""form_type"": ""10-Q""}, ""net_income"": {""filed_date"": ""2026-06-25"", ""form_type"": ""10-Q""}, ""total_assets"": {""filed_date"": ""2026-06-25"", ""form_type"": ""10-Q""}, ""current_assets"": {""filed_date"": ""2026-06-25"", ""form_type"": ""10-Q""}, ""current_liabilities"": {""filed_date"": ""2026-06-25"", ""form_type"": ""10-Q""}, ""long_term_debt"": {""filed_date"": ""2026-06-25"", ""form_type"": ""10-Q""}, ""cash_and_equivalents"": {""filed_date"": ""2026-06-25"", ""form_type"": ""10-Q""}, ""ppe"": {""filed_date"": ""2026-06-25"", ""form_type"": ""10-Q""}, ""stockholders_equity"": {""filed_date"": ""2026-06-25"", ""form_type"": ""10-Q""}, ""operating_cash_flow"": {""filed_date"": ""2026-06-25"", ""form_type"": ""10-Q""}, ""capex"": {""filed_date"": ""2026-06-25"", ""form_type"": ""10-Q""}, ""total_debt"": {""filed_date"": ""2026-06-25"", ""form_type"": ""10-Q""}, ""shares_outstanding"": {""filed_date"": ""2026-06-25"", ""form_type"": ""10-Q""}}",295
USFD,US Foods Holding Corp.,0.02803450873448479,0.2028316405047707,6,,0.12161463787834483,3,3,1,9,4,0.03599443947969417,0.03599443947969417,1.854219948849105,108.92,23562741953.046616,823750000.0,0.0,20142000000.0,391000000.0,659000000.0,Consumer Staples,0.03,2026-08-17T07:16:15.732676,True,True,2026-08-17T07:04:15.149357,"{""revenue"": {""filed_date"": ""2026-08-06"", ""form_type"": ""10-Q""}, ""operating_income"": {""filed_date"": ""2026-08-06"", ""form_type"": ""10-Q""}, ""net_income"": {""filed_date"": ""2026-08-06"", ""form_type"": ""10-Q""}, ""total_assets"": {""filed_date"": ""2026-08-06"", ""form_type"": ""10-Q""}, ""current_assets"": {""filed_date"": ""2026-08-06"", ""form_type"": ""10-Q""}, ""current_liabilities"": {""filed_date"": ""2026-08-06"", ""form_type"": ""10-Q""}, ""long_term_debt"": {""filed_date"": ""2022-11-10"", ""form_type"": ""10-Q""}, ""cash_and_equivalents"": {""filed_date"": ""2026-08-06"", ""form_type"": ""10-Q""}, ""ppe"": {""filed_date"": ""2026-08-06"", ""form_type"": ""10-Q""}, ""stockholders_equity"": {""filed_date"": ""2026-08-06"", ""form_type"": ""10-Q""}, ""operating_cash_flow"": {""filed_date"": ""2026-08-06"", ""form_type"": ""10-Q""}, ""capex"": {""filed_date"": ""2026-08-06"", ""form_type"": ""10-Q""}, ""total_debt"": {""filed_date"": ""2022-11-10"", ""form_type"": ""10-Q""}, ""shares_outstanding"": {""filed_date"": ""2026-08-06"", ""form_type"": ""10-Q""}}",296
ETSY,"Etsy, Inc.",0.027955546200818065,0.32327343466649083,4,,0.801172236846948,3,5,0,9,4,1.003184133915575,1.003184133915575,5.266912722535823,79.9,7333361805.247833,306392500.0,0.0,120912000.0,23030000.0,245114000.0,Consumer Discretionary,0.01,2026-08-17T07:16:15.742786,True,True,2026-08-17T07:04:15.149357,"{""revenue"": {""filed_date"": ""2018-05-09"", ""form_type"": ""10-Q""}, ""operating_income"": {""filed_date"": ""2026-08-05"", ""form_type"": ""10-Q""}, ""net_income"": {""filed_date"": ""2026-08-05"", ""form_type"": ""10-Q""}, ""total_assets"": {""filed_date"": ""2026-08-05"", ""form_type"": ""10-Q""}, ""current_assets"": {""filed_date"": ""2026-08-05"", ""form_type"": ""10-Q""}, ""current_liabilities"": {""filed_date"": ""2026-08-05"", ""form_type"": ""10-Q""}, ""long_term_debt"": {""filed_date"": ""2026-08-05"", ""form_type"": ""10-Q""}, ""cash_and_equivalents"": {""filed_date"": ""2026-08-05"", ""form_type"": ""10-Q""}, ""ppe"": {""filed_date"": ""2019-10-31"", ""form_type"": ""10-Q""}, ""stockholders_equity"": {""filed_date"": ""2026-08-05"", ""form_type"": ""10-Q""}, ""operating_cash_flow"": {""filed_date"": ""2026-08-05"", ""form_type"": ""10-Q""}, ""capex"": {""filed_date"": ""2026-08-05"", ""form_type"": ""10-Q""}, ""total_debt"": {""filed_date"": ""2026-08-05"", ""form_type"": ""10-Q""}, ""shares_outstanding"": {""filed_date"": ""2026-08-05"", ""form_type"": ""10-Q""}}",297
PNW,Pinnacle West Capital Corporation,0.027954616416935592,0.025335604868818827,5,,0.04470334368701659,2,5,0,10,4,0.24153106727474968,0.24153106727474968,8.79485674353599,101.48,12299095713.171066,546057500.0,0.0,2605346000.0,71550000.0,436846000.0,Utilities,0.02,2026-08-17T07:16:15.736769,True,True,2026-08-17T07:04:15.149357,"{""revenue"": {""filed_date"": ""2026-08-04"", ""form_type"": ""10-Q""}, ""operating_income"": {""filed_date"": ""2026-08-04"", ""form_type"": ""10-Q""}, ""net_income"": {""filed_date"": ""2011-08-02"", ""form_type"": ""10-Q""}, ""total_assets"": {""filed_date"": ""2026-08-04"", ""form_type"": ""10-Q""}, ""current_assets"": {""filed_date"": ""2026-08-04"", ""form_type"": ""10-Q""}, ""current_liabilities"": {""filed_date"": ""2026-08-04"", ""form_type"": ""10-Q""}, ""long_term_debt"": {""filed_date"": ""2014-02-21"", ""form_type"": ""10-K""}, ""cash_and_equivalents"": {""filed_date"": ""2026-08-04"", ""form_type"": ""10-Q""}, ""ppe"": {""filed_date"": ""2026-08-04"", ""form_type"": ""10-Q""}, ""stockholders_equity"": {""filed_date"": ""2026-08-04"", ""form_type"": ""10-Q""}, ""operating_cash_flow"": {""filed_date"": ""2026-08-04"", ""form_type"": ""10-Q""}, ""total_debt"": {""filed_date"": ""2014-02-21"", ""form_type"": ""10-K""}, ""shares_outstanding"": {""filed_date"": ""2026-08-04"", ""form_type"": ""10-Q""}}",298
CCI,Crown Castle Inc.,0.027873749529158907,0.20365933347854498,5,,-0.15276117299626807,1,5,0,10,3,0.5153617443012884,0.5153617443012884,4.244897959183674,75.98,32326105683.445656,1168750000.0,0.0,2018000000.0,245000000.0,935000000.0,Real Estate,0.08,2026-08-17T07:16:15.727495,True,True,2026-08-17T07:04:15.149357,"{""revenue"": {""filed_date"": ""2026-08-05"", ""form_type"": ""10-Q""}, ""operating_income"": {""filed_date"": ""2026-08-05"", ""form_type"": ""10-Q""}, ""net_income"": {""filed_date"": ""2026-08-05"", ""form_type"": ""10-Q""}, ""total_assets"": {""filed_date"": ""2026-08-05"", ""form_type"": ""10-Q""}, ""current_assets"": {""filed_date"": ""2026-08-05"", ""form_type"": ""10-Q""}, ""current_liabilities"": {""filed_date"": ""2026-08-05"", ""form_type"": ""10-Q""}, ""long_term_debt"": {""filed_date"": ""2026-02-23"", ""form_type"": ""10-K""}, ""cash_and_equivalents"": {""filed_date"": ""2026-08-05"", ""form_type"": ""10-Q""}, ""ppe"": {""filed_date"": ""2026-08-05"", ""form_type"": ""10-Q""}, ""stockholders_equity"": {""filed_date"": ""2016-02-22"", ""form_type"": ""10-K""}, ""operating_cash_flow"": {""filed_date"": ""2026-08-05"", ""form_type"": ""10-Q""}, ""total_debt"": {""filed_date"": ""2026-08-05"", ""form_type"": ""10-Q""}, ""shares_outstanding"": {""filed_date"": ""2026-08-05"", ""form_type"": ""10-Q""}}",299
KDP,Keurig Dr Pepper Inc.,0.02786874309060095,0.0,5,,0.09658838223823281,2,4,1,9,4,0.10420912715994683,0.10420912715994683,2.854368932038835,31.44,42784371361.47951,1730000000.0,0.0,11285000000.0,412000000.0,1384000000.0,Consumer Staples,0.08,2026-08-17T07:16:15.727280,True,True,2026-08-17T07:04:15.149357,"{""revenue"": {""filed_date"": ""2026-08-10"", ""form_type"": ""10-Q""}, ""operating_income"": {""filed_date"": ""2026-08-10"", ""form_type"": ""10-Q""}, ""net_income"": {""filed_date"": ""2026-08-10"", ""form_type"": ""10-Q""}, ""total_assets"": {""filed_date"": ""2026-08-10"", ""form_type"": ""10-Q""}, ""current_assets"": {""filed_date"": ""2026-08-10"", ""form_type"": ""10-Q""}, ""current_liabilities"": {""filed_date"": ""2026-08-10"", ""form_type"": ""10-Q""}, ""long_term_debt"": {""filed_date"": ""2023-02-23"", ""form_type"": ""10-K""}, ""cash_and_equivalents"": {""filed_date"": ""2026-08-10"", ""form_type"": ""10-Q""}, ""ppe"": {""filed_date"": ""2026-08-10"", ""form_type"": ""10-Q""}, ""stockholders_equity"": {""filed_date"": ""2026-08-10"", ""form_type"": ""10-Q""}, ""operating_cash_flow"": {""filed_date"": ""2026-08-10"", ""form_type"": ""10-Q""}, ""capex"": {""filed_date"": ""2026-08-10"", ""form_type"": ""10-Q""}, ""total_debt"": {""filed_date"": ""2026-08-10"", ""form_type"": ""10-Q""}, ""shares_outstanding"": {""filed_date"": ""2026-08-10"", ""form_type"": ""10-Q""}}",300
WMB,"The Williams Companies, Inc.",0.027838891181317025,0.06106814355771342,5,,0.06031362932341876,2,5,1,10,4,0.4897254644090087,0.4897254644090087,1.7606382978723405,75.2,91982190161.58911,3128750000.0,0.0,6083000000.0,1692000000.0,2503000000.0,Energy,0.12,2026-08-17T07:16:15.725324,True,True,2026-08-17T07:04:15.149357,"{""revenue"": {""filed_date"": ""2026-08-03"", ""form_type"": ""10-Q""}, ""operating_income"": {""filed_date"": ""2026-08-03"", ""form_type"": ""10-Q""}, ""net_income"": {""filed_date"": ""2026-08-03"", ""form_type"": ""10-Q""}, ""total_assets"": {""filed_date"": ""2026-08-03"", ""form_type"": ""10-Q""}, ""current_assets"": {""filed_date"": ""2026-08-03"", ""form_type"": ""10-Q""}, ""current_liabilities"": {""filed_date"": ""2026-08-03"", ""form_type"": ""10-Q""}, ""cash_and_equivalents"": {""filed_date"": ""2023-11-01"", ""form_type"": ""10-Q""}, ""ppe"": {""filed_date"": ""2026-08-03"", ""form_type"": ""10-Q""}, ""stockholders_equity"": {""filed_date"": ""2026-08-03"", ""form_type"": ""10-Q""}, ""operating_cash_flow"": {""filed_date"": ""2026-08-03"", ""form_type"": ""10-Q""}, ""capex"": {""filed_date"": ""2026-08-03"", ""form_type"": ""10-Q""}, ""total_debt"": {""filed_date"": ""2012-10-31"", ""form_type"": ""10-Q""}, ""shares_outstanding"": {""filed_date"": ""2026-08-03"", ""form_type"": ""10-Q""}}",301
EXPD,"Expeditors International of Washington, Inc.",0.027822930048552835,0.33941987781967264,5,,0.2712633977058277,3,2,0,6,3,0.07049236607470537,0.07049236607470537,0.9839422712348438,186.12,24193853931.920166,805557500.0,0.0,6920948000.0,495836000.0,644446000.0,Industrials,0.03,2026-08-17T07:16:15.733378,True,True,2026-08-17T07:04:15.149357,"{""revenue"": {""filed_date"": ""2018-02-23"", ""form_type"": ""10-K""}, ""operating_income"": {""filed_date"": ""2026-08-05"", ""form_type"": ""10-Q""}, ""net_income"": {""filed_date"": ""2026-08-05"", ""form_type"": ""10-Q""}, ""total_assets"": {""filed_date"": ""2026-08-05"", ""form_type"": ""10-Q""}, ""current_assets"": {""filed_date"": ""2026-08-05"", ""form_type"": ""10-Q""}, ""current_liabilities"": {""filed_date"": ""2026-08-05"", ""form_type"": ""10-Q""}, ""cash_and_equivalents"": {""filed_date"": ""2026-08-05"", ""form_type"": ""10-Q""}, ""ppe"": {""filed_date"": ""2026-08-05"", ""form_type"": ""10-Q""}, ""stockholders_equity"": {""filed_date"": ""2026-08-05"", ""form_type"": ""10-Q""}, ""operating_cash_flow"": {""filed_date"": ""2026-08-05"", ""form_type"": ""10-Q""}, ""shares_outstanding"": {""filed_date"": ""2026-08-05"", ""form_type"": ""10-Q""}}",302
WSO,"Watsco, Inc.",0.027772893506509185,0.13824921714332178,4,,-0.24727251994920255,1,0,0,3,1,-0.005893560213410654,,-0.08844519615527412,313.06,12914411752.926636,435695000.0,0.0,3637869000.0,242410000.0,348556000.0,Industrials,0.02,2026-08-17T07:16:15.734519,True,True,2026-08-17T07:04:15.149357,"{""revenue"": {""filed_date"": ""2026-08-07"", ""form_type"": ""10-Q""}, ""operating_income"": {""filed_date"": ""2026-08-07"", ""form_type"": ""10-Q""}, ""net_income"": {""filed_date"": ""2026-08-07"", ""form_type"": ""10-Q""}, ""total_assets"": {""filed_date"": ""2026-08-07"", ""form_type"": ""10-Q""}, ""current_assets"": {""filed_date"": ""2026-08-07"", ""form_type"": ""10-Q""}, ""current_liabilities"": {""filed_date"": ""2026-08-07"", ""form_type"": ""10-Q""}, ""long_term_debt"": {""filed_date"": ""2016-11-03"", ""form_type"": ""10-Q""}, ""cash_and_equivalents"": {""filed_date"": ""2026-08-07"", ""form_type"": ""10-Q""}, ""ppe"": {""filed_date"": ""2026-08-07"", ""form_type"": ""10-Q""}, ""stockholders_equity"": {""filed_date"": ""2026-08-07"", ""form_type"": ""10-Q""}, ""operating_cash_flow"": {""filed_date"": ""2026-08-07"", ""form_type"": ""10-Q""}, ""capex"": {""filed_date"": ""2026-08-07"", ""form_type"": ""10-Q""}, ""shares_outstanding"": {""filed_date"": ""2026-08-07"", ""form_type"": ""10-Q""}}",303
WTW,Willis Towers Watson Public Limited Company,0.027661946923883518,0.37333333333333335,4,,0.12996063377807784,3,2,0,5,3,0.0971709717097171,0.0971709717097171,0.9011406844106464,331.59,30795405249.72281,1015000000.0,0.0,4878000000.0,526000000.0,812000000.0,Financials,0.06,2026-08-17T07:16:15.728953,True,True,2026-08-17T07:04:15.149357,"{""revenue"": {""filed_date"": ""2026-07-30"", ""form_type"": ""10-Q""}, ""operating_income"": {""filed_date"": ""2026-07-30"", ""form_type"": ""10-Q""}, ""net_income"": {""filed_date"": ""2026-07-30"", ""form_type"": ""10-Q""}, ""total_assets"": {""filed_date"": ""2026-07-30"", ""form_type"": ""10-Q""}, ""current_assets"": {""filed_date"": ""2026-07-30"", ""form_type"": ""10-Q""}, ""current_liabilities"": {""filed_date"": ""2026-07-30"", ""form_type"": ""10-Q""}, ""long_term_debt"": {""filed_date"": ""2026-02-25"", ""form_type"": ""10-K""}, ""cash_and_equivalents"": {""filed_date"": ""2026-07-30"", ""form_type"": ""10-Q""}, ""ppe"": {""filed_date"": ""2026-07-30"", ""form_type"": ""10-Q""}, ""stockholders_equity"": {""filed_date"": ""2026-07-30"", ""form_type"": ""10-Q""}, ""operating_cash_flow"": {""filed_date"": ""2026-07-30"", ""form_type"": ""10-Q""}, ""capex"": {""filed_date"": ""2016-02-29"", ""form_type"": ""10-K""}, ""total_debt"": {""filed_date"": ""2019-02-27"", ""form_type"": ""10-K""}, ""shares_outstanding"": {""filed_date"": ""2026-07-30"", ""form_type"": ""10-Q""}}",304
KEX,Kirby Corporation,0.027656051109659574,0.04914125113544211,4,,0.09425319532087091,2,4,0,8,4,0.34694010895221294,0.34694010895221294,0.994091010144741,138.62,7319135742.1875,287537500.0,0.0,489756000.0,170926000.0,230030000.0,Industrials,0.01,2026-08-17T07:16:15.744012,True,True,2026-08-17T07:04:15.149357,"{""revenue"": {""filed_date"": ""2021-02-23"", ""form_type"": ""10-K""}, ""operating_income"": {""filed_date"": ""2026-08-05"", ""form_type"": ""10-Q""}, ""net_income"": {""filed_date"": ""2026-08-05"", ""form_type"": ""10-Q""}, ""total_assets"": {""filed_date"": ""2026-08-05"", ""form_type"": ""10-Q""}, ""current_assets"": {""filed_date"": ""2026-08-05"", ""form_type"": ""10-Q""}, ""current_liabilities"": {""filed_date"": ""2026-08-05"", ""form_type"": ""10-Q""}, ""long_term_debt"": {""filed_date"": ""2026-08-05"", ""form_type"": ""10-Q""}, ""cash_and_equivalents"": {""filed_date"": ""2026-08-05"", ""form_type"": ""10-Q""}, ""ppe"": {""filed_date"": ""2026-08-05"", ""form_type"": ""10-Q""}, ""stockholders_equity"": {""filed_date"": ""2026-08-05"", ""form_type"": ""10-Q""}, ""operating_cash_flow"": {""filed_date"": ""2026-08-05"", ""form_type"": ""10-Q""}, ""total_debt"": {""filed_date"": ""2026-08-05"", ""form_type"": ""10-Q""}, ""shares_outstanding"": {""filed_date"": ""2026-08-05"", ""form_type"": ""10-Q""}}",305
APP,AppLovin Corporation,0.027569791314963,0.6970111668210323,4,,-0.16191083918068436,1,4,1,8,3,0.3941880232093721,0.3941880232093721,0.8739081876471138,315.44,105968763324.40485,3667762500.0,0.0,5480717000.0,2472151000.0,2934210000.0,Information Technology,0.18,2026-08-17T07:16:15.723949,True,True,2026-08-17T07:04:15.149357,"{""revenue"": {""filed_date"": ""2026-02-19"", ""form_type"": ""10-K""}, ""operating_income"": {""filed_date"": ""2026-08-05"", ""form_type"": ""10-Q""}, ""net_income"": {""filed_date"": ""2026-08-05"", ""form_type"": ""10-Q""}, ""total_assets"": {""filed_date"": ""2026-08-05"", ""form_type"": ""10-Q""}, ""current_assets"": {""filed_date"": ""2026-08-05"", ""form_type"": ""10-Q""}, ""current_liabilities"": {""filed_date"": ""2026-08-05"", ""form_type"": ""10-Q""}, ""long_term_debt"": {""filed_date"": ""2026-02-19"", ""form_type"": ""10-K""}, ""cash_and_equivalents"": {""filed_date"": ""2026-08-05"", ""form_type"": ""10-Q""}, ""ppe"": {""filed_date"": ""2022-11-10"", ""form_type"": ""10-Q""}, ""stockholders_equity"": {""filed_date"": ""2026-08-05"", ""form_type"": ""10-Q""}, ""operating_cash_flow"": {""filed_date"": ""2026-08-05"", ""form_type"": ""10-Q""}, ""capex"": {""filed_date"": ""2025-02-27"", ""form_type"": ""10-K""}, ""total_debt"": {""filed_date"": ""2026-02-19"", ""form_type"": ""10-K""}, ""shares_outstanding"": {""filed_date"": ""2026-08-05"", ""form_type"": ""10-Q""}}",306
J,Jacobs Solutions Inc.,0.027537694819905895,0.30259021835303807,6,,0.06620309218350667,2,3,1,9,4,0.023541296871477643,0.023541296871477643,1.631801718036609,144.66,17081580388.565094,547610000.0,0.0,14984646000.0,216177000.0,438088000.0,Industrials,0.03,2026-08-17T07:16:15.732575,True,True,2026-08-17T07:04:15.149357,"{""revenue"": {""filed_date"": ""2018-11-21"", ""form_type"": ""10-K""}, ""operating_income"": {""filed_date"": ""2026-08-04"", ""form_type"": ""10-Q""}, ""net_income"": {""filed_date"": ""2026-08-04"", ""form_type"": ""10-Q""}, ""total_assets"": {""filed_date"": ""2026-08-04"", ""form_type"": ""10-Q""}, ""current_assets"": {""filed_date"": ""2026-08-04"", ""form_type"": ""10-Q""}, ""current_liabilities"": {""filed_date"": ""2026-08-04"", ""form_type"": ""10-Q""}, ""long_term_debt"": {""filed_date"": ""2026-08-04"", ""form_type"": ""10-Q""}, ""cash_and_equivalents"": {""filed_date"": ""2026-08-04"", ""form_type"": ""10-Q""}, ""ppe"": {""filed_date"": ""2026-08-04"", ""form_type"": ""10-Q""}, ""stockholders_equity"": {""filed_date"": ""2026-08-04"", ""form_type"": ""10-Q""}, ""operating_cash_flow"": {""filed_date"": ""2026-08-04"", ""form_type"": ""10-Q""}, ""capex"": {""filed_date"": ""2026-08-04"", ""form_type"": ""10-Q""}, ""shares_outstanding"": {""filed_date"": ""2026-08-04"", ""form_type"": ""10-Q""}}",307
PM,Philip Morris International Inc.,0.027391744166104993,1.5552067946824224,4,,0.054626413688388276,2,4,2,9,4,0.2386821632767832,0.2386821632767832,0.9691722169362512,190.39,296744411699.90784,10528750000.0,0.0,21338000000.0,5255000000.0,8423000000.0,Consumer Staples,0.45,2026-08-17T07:16:15.722107,True,True,2026-08-17T07:04:15.149357,"{""revenue"": {""filed_date"": ""2026-07-24"", ""form_type"": ""10-Q""}, ""operating_income"": {""filed_date"": ""2026-07-24"", ""form_type"": ""10-Q""}, ""net_income"": {""filed_date"": ""2026-07-24"", ""form_type"": ""10-Q""}, ""total_assets"": {""filed_date"": ""2026-07-24"", ""form_type"": ""10-Q""}, ""current_assets"": {""filed_date"": ""2026-07-24"", ""form_type"": ""10-Q""}, ""current_liabilities"": {""filed_date"": ""2026-07-24"", ""form_type"": ""10-Q""}, ""long_term_debt"": {""filed_date"": ""2012-05-04"", ""form_type"": ""10-Q""}, ""cash_and_equivalents"": {""filed_date"": ""2026-07-24"", ""form_type"": ""10-Q""}, ""ppe"": {""filed_date"": ""2021-04-27"", ""form_type"": ""10-Q""}, ""stockholders_equity"": {""filed_date"": ""2026-07-24"", ""form_type"": ""10-Q""}, ""operating_cash_flow"": {""filed_date"": ""2026-07-24"", ""form_type"": ""10-Q""}, ""capex"": {""filed_date"": ""2026-07-24"", ""form_type"": ""10-Q""}, ""total_debt"": {""filed_date"": ""2012-05-04"", ""form_type"": ""10-Q""}, ""shares_outstanding"": {""filed_date"": ""2011-02-25"", ""form_type"": ""10-K""}}",308
CSX,CSX Corporation,0.0273726226292664,0.07621546961325967,5,,0.23030626143195088,3,5,1,10,4,0.4347607895617263,0.4347607895617263,1.4367053620784964,50.16,92920141554.05476,3448750000.0,0.0,5978000000.0,1809000000.0,2759000000.0,Industrials,0.11,2026-08-17T07:16:15.725552,True,True,2026-08-17T07:04:15.149357,"{""revenue"": {""filed_date"": ""2018-07-18"", ""form_type"": ""10-Q""}, ""operating_income"": {""filed_date"": ""2026-07-22"", ""form_type"": ""10-Q""}, ""net_income"": {""filed_date"": ""2026-07-22"", ""form_type"": ""10-Q""}, ""total_assets"": {""filed_date"": ""2026-07-22"", ""form_type"": ""10-Q""}, ""current_assets"": {""filed_date"": ""2026-07-22"", ""form_type"": ""10-Q""}, ""current_liabilities"": {""filed_date"": ""2026-07-22"", ""form_type"": ""10-Q""}, ""long_term_debt"": {""filed_date"": ""2013-02-19"", ""form_type"": ""10-K""}, ""cash_and_equivalents"": {""filed_date"": ""2023-02-15"", ""form_type"": ""10-K""}, ""ppe"": {""filed_date"": ""2026-07-22"", ""form_type"": ""10-Q""}, ""stockholders_equity"": {""filed_date"": ""2009-07-15"", ""form_type"": ""10-Q""}, ""operating_cash_flow"": {""filed_date"": ""2026-07-22"", ""form_type"": ""10-Q""}, ""capex"": {""filed_date"": ""2026-07-22"", ""form_type"": ""10-Q""}, ""total_debt"": {""filed_date"": ""2013-02-19"", ""form_type"": ""10-K""}, ""shares_outstanding"": {""filed_date"": ""2026-02-12"", ""form_type"": ""10-K""}}",309
CEG,Constellation Energy Corporation,0.027266470446641062,0.06174593414049744,4,,-0.06498772469127896,1,2,2,7,2,0.0833780736604746,0.0833780736604746,0.7384688540180694,282.5,100091834567.5,3640000000.0,0.0,18626000000.0,2103000000.0,2912000000.0,Utilities,0.16,2026-08-17T07:16:15.724246,True,True,2026-08-17T07:04:15.149357,"{""revenue"": {""filed_date"": ""2026-08-06"", ""form_type"": ""10-Q""}, ""operating_income"": {""filed_date"": ""2026-08-06"", ""form_type"": ""10-Q""}, ""net_income"": {""filed_date"": ""2026-08-06"", ""form_type"": ""10-Q""}, ""total_assets"": {""filed_date"": ""2026-08-06"", ""form_type"": ""10-Q""}, ""current_assets"": {""filed_date"": ""2026-08-06"", ""form_type"": ""10-Q""}, ""current_liabilities"": {""filed_date"": ""2026-08-06"", ""form_type"": ""10-Q""}, ""long_term_debt"": {""filed_date"": ""2026-02-24"", ""form_type"": ""10-K""}, ""cash_and_equivalents"": {""filed_date"": ""2026-08-06"", ""form_type"": ""10-Q""}, ""ppe"": {""filed_date"": ""2026-08-06"", ""form_type"": ""10-Q""}, ""stockholders_equity"": {""filed_date"": ""2026-08-06"", ""form_type"": ""10-Q""}, ""operating_cash_flow"": {""filed_date"": ""2026-08-06"", ""form_type"": ""10-Q""}, ""capex"": {""filed_date"": ""2026-08-06"", ""form_type"": ""10-Q""}, ""total_debt"": {""filed_date"": ""2026-02-24"", ""form_type"": ""10-K""}, ""shares_outstanding"": {""filed_date"": ""2026-08-06"", ""form_type"": ""10-Q""}}",310
AAPL,Apple Inc.,0.027161519712535026,2.3579531228935156,6,,0.16142158350129532,3,5,2,10,5,0.44050528059639676,0.44050528059639676,1.153078924544666,305.93,4464797380509.033,153040000000.0,0.0,265595000000.0,101464000000.0,122432000000.0,Information Technology,5.62,2026-08-17T07:16:15.721316,True,True,2026-08-17T07:04:15.149357,"{""revenue"": {""filed_date"": ""2018-11-05"", ""form_type"": ""10-K""}, ""operating_income"": {""filed_date"": ""2026-07-31"", ""form_type"": ""10-Q""}, ""net_income"": {""filed_date"": ""2026-07-31"", ""form_type"": ""10-Q""}, ""total_assets"": {""filed_date"": ""2026-07-31"", ""form_type"": ""10-Q""}, ""current_assets"": {""filed_date"": ""2026-07-31"", ""form_type"": ""10-Q""}, ""current_liabilities"": {""filed_date"": ""2026-07-31"", ""form_type"": ""10-Q""}, ""long_term_debt"": {""filed_date"": ""2026-07-31"", ""form_type"": ""10-Q""}, ""cash_and_equivalents"": {""filed_date"": ""2026-07-31"", ""form_type"": ""10-Q""}, ""ppe"": {""filed_date"": ""2026-07-31"", ""form_type"": ""10-Q""}, ""stockholders_equity"": {""filed_date"": ""2026-07-31"", ""form_type"": ""10-Q""}, ""operating_cash_flow"": {""filed_date"": ""2026-07-31"", ""form_type"": ""10-Q""}, ""capex"": {""filed_date"": ""2026-07-31"", ""form_type"": ""10-Q""}, ""total_debt"": {""filed_date"": ""2026-07-31"", ""form_type"": ""10-Q""}, ""shares_outstanding"": {""filed_date"": ""2026-07-31"", ""form_type"": ""10-Q""}}",311
EXPE,"Expedia Group, Inc.",0.027152609616444723,0.0,5,,0.6670974237687237,3,5,0,10,4,0.6987469319209404,0.6987469319209404,6.202981651376147,332.69,39930145090.15265,1313750000.0,0.0,7741000000.0,872000000.0,1051000000.0,Consumer Discretionary,0.04,2026-08-17T07:16:15.730062,True,True,2026-08-17T07:04:15.149357,"{""revenue"": {""filed_date"": ""2026-08-06"", ""form_type"": ""10-Q""}, ""operating_income"": {""filed_date"": ""2026-08-06"", ""form_type"": ""10-Q""}, ""net_income"": {""filed_date"": ""2026-08-06"", ""form_type"": ""10-Q""}, ""total_assets"": {""filed_date"": ""2026-08-06"", ""form_type"": ""10-Q""}, ""current_assets"": {""filed_date"": ""2026-08-06"", ""form_type"": ""10-Q""}, ""current_liabilities"": {""filed_date"": ""2026-08-06"", ""form_type"": ""10-Q""}, ""long_term_debt"": {""filed_date"": ""2026-08-06"", ""form_type"": ""10-Q""}, ""cash_and_equivalents"": {""filed_date"": ""2026-08-06"", ""form_type"": ""10-Q""}, ""ppe"": {""filed_date"": ""2026-08-06"", ""form_type"": ""10-Q""}, ""stockholders_equity"": {""filed_date"": ""2026-08-06"", ""form_type"": ""10-Q""}, ""operating_cash_flow"": {""filed_date"": ""2026-08-06"", ""form_type"": ""10-Q""}, ""capex"": {""filed_date"": ""2026-08-06"", ""form_type"": ""10-Q""}, ""total_debt"": {""filed_date"": ""2026-08-06"", ""form_type"": ""10-Q""}, ""shares_outstanding"": {""filed_date"": ""2026-08-06"", ""form_type"": ""10-Q""}}",312
PH,Parker-Hannifin Corporation,0.02709195441882151,0.9383812010443864,4,,0.047831544461065974,2,4,2,9,4,0.18374548816729397,0.18374548816729397,0.9239807820435516,1055.85,133128310747.36902,4492500000.0,0.0,14302392000.0,2844215000.0,3594000000.0,Industrials,0.16,2026-08-17T07:16:15.724277,True,True,2026-08-17T07:04:15.149357,"{""revenue"": {""filed_date"": ""2018-08-24"", ""form_type"": ""10-K""}, ""operating_income"": {""filed_date"": ""2026-05-01"", ""form_type"": ""10-Q""}, ""net_income"": {""filed_date"": ""2024-08-22"", ""form_type"": ""10-K""}, ""total_assets"": {""filed_date"": ""2026-05-01"", ""form_type"": ""10-Q""}, ""current_assets"": {""filed_date"": ""2026-05-01"", ""form_type"": ""10-Q""}, ""current_liabilities"": {""filed_date"": ""2026-05-01"", ""form_type"": ""10-Q""}, ""long_term_debt"": {""filed_date"": ""2025-08-22"", ""form_type"": ""10-K""}, ""cash_and_equivalents"": {""filed_date"": ""2026-05-01"", ""form_type"": ""10-Q""}, ""ppe"": {""filed_date"": ""2026-05-01"", ""form_type"": ""10-Q""}, ""stockholders_equity"": {""filed_date"": ""2026-05-01"", ""form_type"": ""10-Q""}, ""operating_cash_flow"": {""filed_date"": ""2026-05-01"", ""form_type"": ""10-Q""}, ""capex"": {""filed_date"": ""2026-05-01"", ""form_type"": ""10-Q""}, ""total_debt"": {""filed_date"": ""2025-08-22"", ""form_type"": ""10-K""}, ""shares_outstanding"": {""filed_date"": ""2026-05-01"", ""form_type"": ""10-Q""}}",313
LUV,Southwest Airlines Co.,0.0269851006181617,0.044385103926097,5,,-0.17719689801802374,1,5,0,10,3,0.9672131147540983,0.9672131147540983,4.232608695652174,44.26,21652354155.140278,768750000.0,0.0,2013000000.0,460000000.0,615000000.0,Industrials,0.03,2026-08-17T07:16:15.733226,True,True,2026-08-17T07:04:15.149357,"{""revenue"": {""filed_date"": ""2021-02-08"", ""form_type"": ""10-K""}, ""operating_income"": {""filed_date"": ""2026-07-23"", ""form_type"": ""10-Q""}, ""net_income"": {""filed_date"": ""2026-07-23"", ""form_type"": ""10-Q""}, ""total_assets"": {""filed_date"": ""2026-07-23"", ""form_type"": ""10-Q""}, ""current_assets"": {""filed_date"": ""2026-07-23"", ""form_type"": ""10-Q""}, ""current_liabilities"": {""filed_date"": ""2026-07-23"", ""form_type"": ""10-Q""}, ""long_term_debt"": {""filed_date"": ""2026-02-05"", ""form_type"": ""10-K""}, ""cash_and_equivalents"": {""filed_date"": ""2026-07-23"", ""form_type"": ""10-Q""}, ""ppe"": {""filed_date"": ""2026-07-23"", ""form_type"": ""10-Q""}, ""stockholders_equity"": {""filed_date"": ""2026-07-23"", ""form_type"": ""10-Q""}, ""operating_cash_flow"": {""filed_date"": ""2026-07-23"", ""form_type"": ""10-Q""}, ""capex"": {""filed_date"": ""2014-02-04"", ""form_type"": ""10-K""}, ""total_debt"": {""filed_date"": ""2026-02-05"", ""form_type"": ""10-K""}, ""shares_outstanding"": {""filed_date"": ""2010-10-28"", ""form_type"": ""10-Q/A""}}",314
NSC,Norfolk Southern Corporation,0.02680534650460441,0.055495465512937846,5,,0.06663918453005546,2,5,1,10,4,0.5145380934854619,0.5145380934854619,1.0913348946135832,334.41,75111286837.47043,2501250000.0,0.0,2717000000.0,1281000000.0,2001000000.0,Industrials,0.11,2026-08-17T07:16:15.725612,True,True,2026-08-17T07:04:15.149357,"{""revenue"": {""filed_date"": ""2018-04-25"", ""form_type"": ""10-Q""}, ""operating_income"": {""filed_date"": ""2026-07-23"", ""form_type"": ""10-Q""}, ""net_income"": {""filed_date"": ""2026-07-23"", ""form_type"": ""10-Q""}, ""total_assets"": {""filed_date"": ""2026-07-23"", ""form_type"": ""10-Q""}, ""current_assets"": {""filed_date"": ""2026-07-23"", ""form_type"": ""10-Q""}, ""current_liabilities"": {""filed_date"": ""2026-07-23"", ""form_type"": ""10-Q""}, ""long_term_debt"": {""filed_date"": ""2018-04-25"", ""form_type"": ""10-Q""}, ""cash_and_equivalents"": {""filed_date"": ""2026-07-23"", ""form_type"": ""10-Q""}, ""ppe"": {""filed_date"": ""2026-07-23"", ""form_type"": ""10-Q""}, ""stockholders_equity"": {""filed_date"": ""2026-07-23"", ""form_type"": ""10-Q""}, ""operating_cash_flow"": {""filed_date"": ""2026-07-23"", ""form_type"": ""10-Q""}, ""capex"": {""filed_date"": ""2026-07-23"", ""form_type"": ""10-Q""}, ""total_debt"": {""filed_date"": ""2026-02-09"", ""form_type"": ""10-K""}, ""shares_outstanding"": {""filed_date"": ""2026-07-23"", ""form_type"": ""10-Q""}}",315
EFX,Equifax Inc.,0.02676616659366212,0.6801129943502825,5,,-0.05571670033458113,1,5,0,10,3,0.17369363989250522,0.17369363989250522,1.636747326955543,180.85,21247144158.6709,752375000.0,0.0,3349000000.0,355400000.0,601900000.0,Industrials,0.05,2026-08-17T07:16:15.729256,True,True,2026-08-17T07:04:15.149357,"{""revenue"": {""filed_date"": ""2026-07-21"", ""form_type"": ""10-Q""}, ""operating_income"": {""filed_date"": ""2026-07-21"", ""form_type"": ""10-Q""}, ""net_income"": {""filed_date"": ""2026-07-21"", ""form_type"": ""10-Q""}, ""total_assets"": {""filed_date"": ""2026-07-21"", ""form_type"": ""10-Q""}, ""current_assets"": {""filed_date"": ""2026-07-21"", ""form_type"": ""10-Q""}, ""current_liabilities"": {""filed_date"": ""2026-07-21"", ""form_type"": ""10-Q""}, ""long_term_debt"": {""filed_date"": ""2026-02-19"", ""form_type"": ""10-K""}, ""cash_and_equivalents"": {""filed_date"": ""2026-07-21"", ""form_type"": ""10-Q""}, ""ppe"": {""filed_date"": ""2026-07-21"", ""form_type"": ""10-Q""}, ""stockholders_equity"": {""filed_date"": ""2026-07-21"", ""form_type"": ""10-Q""}, ""operating_cash_flow"": {""filed_date"": ""2026-07-21"", ""form_type"": ""10-Q""}, ""total_debt"": {""filed_date"": ""2026-07-21"", ""form_type"": ""10-Q""}, ""shares_outstanding"": {""filed_date"": ""2026-07-21"", ""form_type"": ""10-Q""}}",316
CMI,Cummins Inc.,0.026599146727872815,0.15080546906728035,6,,0.06666817929609102,2,3,2,9,4,0.0536976536976537,0.0536976536976537,2.1320754716981134,631.26,86902085407.99976,2785000000.0,0.0,33670000000.0,848000000.0,2228000000.0,Industrials,0.09,2026-08-17T07:16:15.726260,True,True,2026-08-17T07:04:15.149357,"{""revenue"": {""filed_date"": ""2026-02-10"", ""form_type"": ""10-K""}, ""operating_income"": {""filed_date"": ""2026-08-04"", ""form_type"": ""10-Q""}, ""net_income"": {""filed_date"": ""2011-07-28"", ""form_type"": ""10-Q""}, ""total_assets"": {""filed_date"": ""2026-08-04"", ""form_type"": ""10-Q""}, ""current_assets"": {""filed_date"": ""2026-08-04"", ""form_type"": ""10-Q""}, ""current_liabilities"": {""filed_date"": ""2026-08-04"", ""form_type"": ""10-Q""}, ""long_term_debt"": {""filed_date"": ""2014-10-29"", ""form_type"": ""10-Q""}, ""cash_and_equivalents"": {""filed_date"": ""2026-08-04"", ""form_type"": ""10-Q""}, ""ppe"": {""filed_date"": ""2026-08-04"", ""form_type"": ""10-Q""}, ""stockholders_equity"": {""filed_date"": ""2026-08-04"", ""form_type"": ""10-Q""}, ""operating_cash_flow"": {""filed_date"": ""2026-08-04"", ""form_type"": ""10-Q""}, ""capex"": {""filed_date"": ""2026-08-04"", ""form_type"": ""10-Q""}, ""total_debt"": {""filed_date"": ""2016-02-12"", ""form_type"": ""10-K""}, ""shares_outstanding"": {""filed_date"": ""2026-08-04"", ""form_type"": ""10-Q""}}",317
META,"Meta Platforms, Inc.",0.026512423322635693,0.37389461965938575,5,,-0.07568999482280914,1,5,2,10,3,1.6464905970609394,1.6464905970609394,1.5036718988292157,589.85,1502646484621.274,52058750000.0,0.0,38924000000.0,42621000000.0,41647000000.0,Communication,2.76,2026-08-17T07:16:15.721387,True,True,2026-08-17T07:04:15.149357,"{""revenue"": {""filed_date"": ""2018-10-31"", ""form_type"": ""10-Q""}, ""operating_income"": {""filed_date"": ""2026-07-30"", ""form_type"": ""10-Q""}, ""net_income"": {""filed_date"": ""2026-07-30"", ""form_type"": ""10-Q""}, ""total_assets"": {""filed_date"": ""2026-07-30"", ""form_type"": ""10-Q""}, ""current_assets"": {""filed_date"": ""2026-07-30"", ""form_type"": ""10-Q""}, ""current_liabilities"": {""filed_date"": ""2026-07-30"", ""form_type"": ""10-Q""}, ""long_term_debt"": {""filed_date"": ""2026-07-30"", ""form_type"": ""10-Q""}, ""cash_and_equivalents"": {""filed_date"": ""2026-07-30"", ""form_type"": ""10-Q""}, ""ppe"": {""filed_date"": ""2020-10-30"", ""form_type"": ""10-Q""}, ""stockholders_equity"": {""filed_date"": ""2026-07-30"", ""form_type"": ""10-Q""}, ""operating_cash_flow"": {""filed_date"": ""2026-07-30"", ""form_type"": ""10-Q""}, ""capex"": {""filed_date"": ""2026-07-30"", ""form_type"": ""10-Q""}, ""total_debt"": {""filed_date"": ""2026-07-30"", ""form_type"": ""10-Q""}, ""shares_outstanding"": {""filed_date"": ""2026-07-30"", ""form_type"": ""10-Q""}}",318
EME,"EMCOR Group, Inc.",0.02644806470902752,0.5513489481774825,5,,0.049703615890729747,2,2,0,6,3,0.029633987095125536,0.029633987095125536,0.4088014574620194,836.29,36888668138.07831,1188981250.0,0.0,9783125000.0,709178000.0,951185000.0,Industrials,0.05,2026-08-17T07:16:15.729892,True,True,2026-08-17T07:04:15.149357,"{""revenue"": {""filed_date"": ""2026-07-30"", ""form_type"": ""10-Q""}, ""operating_income"": {""filed_date"": ""2026-07-30"", ""form_type"": ""10-Q""}, ""net_income"": {""filed_date"": ""2026-07-30"", ""form_type"": ""10-Q""}, ""total_assets"": {""filed_date"": ""2026-07-30"", ""form_type"": ""10-Q""}, ""current_assets"": {""filed_date"": ""2026-07-30"", ""form_type"": ""10-Q""}, ""current_liabilities"": {""filed_date"": ""2026-07-30"", ""form_type"": ""10-Q""}, ""long_term_debt"": {""filed_date"": ""2014-02-25"", ""form_type"": ""10-K""}, ""cash_and_equivalents"": {""filed_date"": ""2026-07-30"", ""form_type"": ""10-Q""}, ""ppe"": {""filed_date"": ""2026-07-30"", ""form_type"": ""10-Q""}, ""stockholders_equity"": {""filed_date"": ""2026-07-30"", ""form_type"": ""10-Q""}, ""operating_cash_flow"": {""filed_date"": ""2026-07-30"", ""form_type"": ""10-Q""}, ""total_debt"": {""filed_date"": ""2014-02-25"", ""form_type"": ""10-K""}, ""shares_outstanding"": {""filed_date"": ""2026-07-30"", ""form_type"": ""10-Q""}}",319
DKS,"DICK'S Sporting Goods, Inc.",0.026386824037383103,0.07287091684759751,4,,-0.008332556035669535,1,2,0,5,2,0.05354183092897208,0.05354183092897208,0.8645965568347393,201.97,18076827507.146027,563312500.0,0.0,5164504000.0,319822000.0,450650000.0,Consumer Discretionary,0.02,2026-08-17T07:16:15.735553,True,True,2026-08-17T07:04:15.149357,"{""revenue"": {""filed_date"": ""2026-06-04"", ""form_type"": ""10-Q""}, ""operating_income"": {""filed_date"": ""2026-06-04"", ""form_type"": ""10-Q""}, ""net_income"": {""filed_date"": ""2026-06-04"", ""form_type"": ""10-Q""}, ""total_assets"": {""filed_date"": ""2026-06-04"", ""form_type"": ""10-Q""}, ""current_assets"": {""filed_date"": ""2026-06-04"", ""form_type"": ""10-Q""}, ""current_liabilities"": {""filed_date"": ""2026-06-04"", ""form_type"": ""10-Q""}, ""long_term_debt"": {""filed_date"": ""2020-03-20"", ""form_type"": ""10-K""}, ""cash_and_equivalents"": {""filed_date"": ""2026-06-04"", ""form_type"": ""10-Q""}, ""ppe"": {""filed_date"": ""2026-06-04"", ""form_type"": ""10-Q""}, ""stockholders_equity"": {""filed_date"": ""2026-06-04"", ""form_type"": ""10-Q""}, ""operating_cash_flow"": {""filed_date"": ""2026-06-04"", ""form_type"": ""10-Q""}, ""capex"": {""filed_date"": ""2026-06-04"", ""form_type"": ""10-Q""}, ""total_debt"": {""filed_date"": ""2020-03-20"", ""form_type"": ""10-K""}, ""shares_outstanding"": {""filed_date"": ""2011-03-18"", ""form_type"": ""10-K""}}",320
AWI,"Armstrong World Industries, Inc.",0.026314918480789495,0.29415559282673204,3,,-0.07533676714996884,1,4,0,7,2,0.14275995010772197,0.14275995010772197,0.7700305810397553,182.2,7700286768.224091,285000000.0,0.0,881900000.0,163500000.0,228000000.0,Industrials,0.01,2026-08-17T07:16:15.738969,True,True,2026-08-17T07:04:15.149357,"{""revenue"": {""filed_date"": ""2026-07-28"", ""form_type"": ""10-Q""}, ""operating_income"": {""filed_date"": ""2026-07-28"", ""form_type"": ""10-Q""}, ""net_income"": {""filed_date"": ""2026-07-28"", ""form_type"": ""10-Q""}, ""total_assets"": {""filed_date"": ""2026-07-28"", ""form_type"": ""10-Q""}, ""current_assets"": {""filed_date"": ""2026-07-28"", ""form_type"": ""10-Q""}, ""current_liabilities"": {""filed_date"": ""2026-07-28"", ""form_type"": ""10-Q""}, ""long_term_debt"": {""filed_date"": ""2015-02-23"", ""form_type"": ""10-K""}, ""cash_and_equivalents"": {""filed_date"": ""2026-07-28"", ""form_type"": ""10-Q""}, ""ppe"": {""filed_date"": ""2026-07-28"", ""form_type"": ""10-Q""}, ""stockholders_equity"": {""filed_date"": ""2026-07-28"", ""form_type"": ""10-Q""}, ""operating_cash_flow"": {""filed_date"": ""2026-07-28"", ""form_type"": ""10-Q""}, ""capex"": {""filed_date"": ""2023-10-24"", ""form_type"": ""10-Q""}, ""total_debt"": {""filed_date"": ""2015-02-23"", ""form_type"": ""10-K""}, ""shares_outstanding"": {""filed_date"": ""2026-07-28"", ""form_type"": ""10-Q""}}",321
AM,Antero Midstream Corporation,0.02629733183535687,0.09460637446577733,4,,0.07331835629789908,2,5,0,9,4,0.7683672276309328,0.7683672276309328,1.179122009569378,22.55,10703898337.852478,463150000.0,0.0,641455000.0,418000000.0,370520000.0,Energy,0.01,2026-08-17T07:16:15.743782,True,True,2026-08-17T07:04:15.149357,"{""revenue"": {""filed_date"": ""2026-07-29"", ""form_type"": ""10-Q""}, ""operating_income"": {""filed_date"": ""2026-07-29"", ""form_type"": ""10-Q""}, ""net_income"": {""filed_date"": ""2026-04-23"", ""form_type"": ""DEF 14A""}, ""total_assets"": {""filed_date"": ""2026-07-29"", ""form_type"": ""10-Q""}, ""current_assets"": {""filed_date"": ""2026-07-29"", ""form_type"": ""10-Q""}, ""current_liabilities"": {""filed_date"": ""2026-07-29"", ""form_type"": ""10-Q""}, ""long_term_debt"": {""filed_date"": ""2026-07-29"", ""form_type"": ""10-Q""}, ""cash_and_equivalents"": {""filed_date"": ""2026-02-11"", ""form_type"": ""10-K""}, ""ppe"": {""filed_date"": ""2026-07-29"", ""form_type"": ""10-Q""}, ""stockholders_equity"": {""filed_date"": ""2026-07-29"", ""form_type"": ""10-Q""}, ""operating_cash_flow"": {""filed_date"": ""2026-07-29"", ""form_type"": ""10-Q""}, ""capex"": {""filed_date"": ""2021-07-28"", ""form_type"": ""10-Q""}, ""total_debt"": {""filed_date"": ""2026-07-29"", ""form_type"": ""10-Q""}, ""shares_outstanding"": {""filed_date"": ""2026-07-29"", ""form_type"": ""10-Q""}}",322
WM,"Waste Management, Inc.",0.026209083456629888,0.1913310690603267,5,,-0.037412495517748015,1,5,1,10,3,0.9191113642836799,0.9191113642836799,2.139920424403183,224.55,89756045787.03394,2957500000.0,0.0,3511000000.0,1508000000.0,2366000000.0,Industrials,0.14,2026-08-17T07:16:15.724691,True,True,2026-08-17T07:04:15.149357,"{""revenue"": {""filed_date"": ""2018-04-23"", ""form_type"": ""10-Q""}, ""operating_income"": {""filed_date"": ""2026-07-29"", ""form_type"": ""10-Q""}, ""net_income"": {""filed_date"": ""2026-07-29"", ""form_type"": ""10-Q""}, ""total_assets"": {""filed_date"": ""2026-07-29"", ""form_type"": ""10-Q""}, ""current_assets"": {""filed_date"": ""2026-07-29"", ""form_type"": ""10-Q""}, ""current_liabilities"": {""filed_date"": ""2026-07-29"", ""form_type"": ""10-Q""}, ""cash_and_equivalents"": {""filed_date"": ""2026-07-29"", ""form_type"": ""10-Q""}, ""ppe"": {""filed_date"": ""2020-07-30"", ""form_type"": ""10-Q""}, ""stockholders_equity"": {""filed_date"": ""2026-07-29"", ""form_type"": ""10-Q""}, ""operating_cash_flow"": {""filed_date"": ""2026-07-29"", ""form_type"": ""10-Q""}, ""capex"": {""filed_date"": ""2023-02-07"", ""form_type"": ""10-K""}, ""total_debt"": {""filed_date"": ""2026-07-29"", ""form_type"": ""10-Q""}, ""shares_outstanding"": {""filed_date"": ""2026-07-29"", ""form_type"": ""10-Q""}}",323
NRG,"NRG Energy, Inc.",0.02620211710230015,0.5792980897378943,4,,-0.26736189642087665,1,3,1,7,2,0.053447595421999214,0.053447595421999214,1.502377179080824,126.24,26536970924.86196,1630000000.0,0.0,17737000000.0,631000000.0,1304000000.0,Utilities,0.05,2026-08-17T07:16:15.729576,True,True,2026-08-17T07:04:15.149357,"{""revenue"": {""filed_date"": ""2026-08-04"", ""form_type"": ""10-Q""}, ""operating_income"": {""filed_date"": ""2026-08-04"", ""form_type"": ""10-Q""}, ""net_income"": {""filed_date"": ""2026-08-04"", ""form_type"": ""10-Q""}, ""total_assets"": {""filed_date"": ""2026-08-04"", ""form_type"": ""10-Q""}, ""current_assets"": {""filed_date"": ""2026-08-04"", ""form_type"": ""10-Q""}, ""current_liabilities"": {""filed_date"": ""2026-08-04"", ""form_type"": ""10-Q""}, ""long_term_debt"": {""filed_date"": ""2026-08-04"", ""form_type"": ""10-Q""}, ""cash_and_equivalents"": {""filed_date"": ""2026-08-04"", ""form_type"": ""10-Q""}, ""ppe"": {""filed_date"": ""2020-11-05"", ""form_type"": ""10-Q""}, ""stockholders_equity"": {""filed_date"": ""2026-08-04"", ""form_type"": ""10-Q""}, ""operating_cash_flow"": {""filed_date"": ""2026-08-04"", ""form_type"": ""10-Q""}, ""capex"": {""filed_date"": ""2026-08-04"", ""form_type"": ""10-Q""}, ""total_debt"": {""filed_date"": ""2026-08-04"", ""form_type"": ""10-Q""}, ""shares_outstanding"": {""filed_date"": ""2026-08-04"", ""form_type"": ""10-Q""}}",324
LECO,"Lincoln Electric Holdings, Inc.",0.02614891849284063,0.25358100370957015,5,,0.0048529315242574955,2,5,0,10,4,0.3424605736508544,0.3424605736508544,1.2069609801255337,286.87,15636066244.448608,508502500.0,0.0,1039343000.0,294901000.0,406802000.0,Industrials,0.02,2026-08-17T07:16:15.734965,True,True,2026-08-17T07:04:15.149357,"{""revenue"": {""filed_date"": ""2023-04-27"", ""form_type"": ""10-Q""}, ""operating_income"": {""filed_date"": ""2026-07-30"", ""form_type"": ""10-Q""}, ""net_income"": {""filed_date"": ""2026-07-30"", ""form_type"": ""10-Q""}, ""total_assets"": {""filed_date"": ""2026-07-30"", ""form_type"": ""10-Q""}, ""current_assets"": {""filed_date"": ""2026-07-30"", ""form_type"": ""10-Q""}, ""current_liabilities"": {""filed_date"": ""2026-07-30"", ""form_type"": ""10-Q""}, ""long_term_debt"": {""filed_date"": ""2024-02-27"", ""form_type"": ""10-K""}, ""cash_and_equivalents"": {""filed_date"": ""2026-07-30"", ""form_type"": ""10-Q""}, ""ppe"": {""filed_date"": ""2026-07-30"", ""form_type"": ""10-Q""}, ""stockholders_equity"": {""filed_date"": ""2026-07-30"", ""form_type"": ""10-Q""}, ""operating_cash_flow"": {""filed_date"": ""2026-07-30"", ""form_type"": ""10-Q""}, ""total_debt"": {""filed_date"": ""2026-04-30"", ""form_type"": ""10-Q""}, ""shares_outstanding"": {""filed_date"": ""2026-07-30"", ""form_type"": ""10-Q""}}",325
GIS,"General Mills, Inc.",0.026073435118642577,0.6879465672569121,2,,-0.09805050385981962,1,4,0,6,2,1.0630091274904307,1.0630091274904307,,39.2,20957475710.289917,1107250000.0,0.0,2037800000.0,-87600000.0,885800000.0,Consumer Staples,0.05,2026-08-17T07:16:15.729801,True,True,2026-08-17T07:04:15.149357,"{""revenue"": {""filed_date"": ""2024-06-26"", ""form_type"": ""10-K""}, ""operating_income"": {""filed_date"": ""2026-07-01"", ""form_type"": ""10-K""}, ""net_income"": {""filed_date"": ""2026-07-01"", ""form_type"": ""10-K""}, ""total_assets"": {""filed_date"": ""2026-07-01"", ""form_type"": ""10-K""}, ""current_assets"": {""filed_date"": ""2026-07-01"", ""form_type"": ""10-K""}, ""current_liabilities"": {""filed_date"": ""2026-07-01"", ""form_type"": ""10-K""}, ""long_term_debt"": {""filed_date"": ""2026-07-01"", ""form_type"": ""10-K""}, ""cash_and_equivalents"": {""filed_date"": ""2026-07-01"", ""form_type"": ""10-K""}, ""ppe"": {""filed_date"": ""2026-07-01"", ""form_type"": ""10-K""}, ""stockholders_equity"": {""filed_date"": ""2026-07-01"", ""form_type"": ""10-K""}, ""operating_cash_flow"": {""filed_date"": ""2026-07-01"", ""form_type"": ""10-K""}, ""capex"": {""filed_date"": ""2026-07-01"", ""form_type"": ""10-K""}, ""total_debt"": {""filed_date"": ""2026-07-01"", ""form_type"": ""10-K""}, ""shares_outstanding"": {""filed_date"": ""2026-07-01"", ""form_type"": ""10-K""}}",326
PPG,"PPG Industries, Inc.",0.025927802422728356,0.09070165430690245,4,,-0.10022841065695015,1,2,0,5,2,0.004170879676440849,0.004170879676440849,0.08638743455497382,114.11,25366653135.681152,795000000.0,0.0,7912000000.0,382000000.0,636000000.0,Materials,0.04,2026-08-17T07:16:15.730173,True,True,2026-08-17T07:04:15.149357,"{""revenue"": {""filed_date"": ""2018-07-20"", ""form_type"": ""10-Q""}, ""operating_income"": {""filed_date"": ""2026-04-29"", ""form_type"": ""10-Q""}, ""net_income"": {""filed_date"": ""2026-04-29"", ""form_type"": ""10-Q""}, ""total_assets"": {""filed_date"": ""2026-04-29"", ""form_type"": ""10-Q""}, ""current_assets"": {""filed_date"": ""2026-04-29"", ""form_type"": ""10-Q""}, ""current_liabilities"": {""filed_date"": ""2026-04-29"", ""form_type"": ""10-Q""}, ""long_term_debt"": {""filed_date"": ""2026-04-29"", ""form_type"": ""10-Q""}, ""cash_and_equivalents"": {""filed_date"": ""2026-04-29"", ""form_type"": ""10-Q""}, ""ppe"": {""filed_date"": ""2026-04-29"", ""form_type"": ""10-Q""}, ""stockholders_equity"": {""filed_date"": ""2026-04-29"", ""form_type"": ""10-Q""}, ""operating_cash_flow"": {""filed_date"": ""2026-04-29"", ""form_type"": ""10-Q""}, ""capex"": {""filed_date"": ""2026-04-29"", ""form_type"": ""10-Q""}, ""total_debt"": {""filed_date"": ""2026-04-29"", ""form_type"": ""10-Q""}, ""shares_outstanding"": {""filed_date"": ""2026-02-19"", ""form_type"": ""10-K""}}",327
RYAN,"Ryan Specialty Holdings, Inc.",0.025884981916622283,5.336024844720497,5,,0.06485973989820229,2,3,0,7,3,0.07338031492935236,0.07338031492935236,2.0949950801354214,41.82,10698174230.631523,343640000.0,0.0,1711876000.0,59961000.0,274912000.0,Financials,0.01,2026-08-17T07:16:15.743624,True,True,2026-08-17T07:04:15.149357,"{""revenue"": {""filed_date"": ""2026-07-31"", ""form_type"": ""10-Q""}, ""operating_income"": {""filed_date"": ""2026-07-31"", ""form_type"": ""10-Q""}, ""net_income"": {""filed_date"": ""2026-07-31"", ""form_type"": ""10-Q""}, ""total_assets"": {""filed_date"": ""2026-07-31"", ""form_type"": ""10-Q""}, ""current_assets"": {""filed_date"": ""2026-07-31"", ""form_type"": ""10-Q""}, ""current_liabilities"": {""filed_date"": ""2026-07-31"", ""form_type"": ""10-Q""}, ""long_term_debt"": {""filed_date"": ""2026-02-13"", ""form_type"": ""10-K""}, ""cash_and_equivalents"": {""filed_date"": ""2026-07-31"", ""form_type"": ""10-Q""}, ""ppe"": {""filed_date"": ""2026-07-31"", ""form_type"": ""10-Q""}, ""stockholders_equity"": {""filed_date"": ""2026-07-31"", ""form_type"": ""10-Q""}, ""operating_cash_flow"": {""filed_date"": ""2026-07-31"", ""form_type"": ""10-Q""}, ""total_debt"": {""filed_date"": ""2026-07-31"", ""form_type"": ""10-Q""}}",328
UPS,"United Parcel Service, Inc.",0.02588126005034156,0.058339308000743516,6,,-0.08006638931022496,1,3,2,9,3,0.04434950227285805,0.04434950227285805,2.1001362397820165,104.5,88906675319.0,2746250000.0,0.0,69516000000.0,1468000000.0,2197000000.0,Industrials,0.11,2026-08-17T07:16:15.725521,True,True,2026-08-17T07:04:15.149357,"{""revenue"": {""filed_date"": ""2021-11-04"", ""form_type"": ""10-Q""}, ""operating_income"": {""filed_date"": ""2026-08-05"", ""form_type"": ""10-Q""}, ""net_income"": {""filed_date"": ""2026-08-05"", ""form_type"": ""10-Q""}, ""total_assets"": {""filed_date"": ""2026-08-05"", ""form_type"": ""10-Q""}, ""current_assets"": {""filed_date"": ""2026-08-05"", ""form_type"": ""10-Q""}, ""current_liabilities"": {""filed_date"": ""2026-08-05"", ""form_type"": ""10-Q""}, ""long_term_debt"": {""filed_date"": ""2026-02-17"", ""form_type"": ""10-K""}, ""cash_and_equivalents"": {""filed_date"": ""2026-08-05"", ""form_type"": ""10-Q""}, ""ppe"": {""filed_date"": ""2023-05-03"", ""form_type"": ""10-Q""}, ""stockholders_equity"": {""filed_date"": ""2026-08-05"", ""form_type"": ""10-Q""}, ""operating_cash_flow"": {""filed_date"": ""2026-08-05"", ""form_type"": ""10-Q""}, ""capex"": {""filed_date"": ""2026-08-05"", ""form_type"": ""10-Q""}, ""total_debt"": {""filed_date"": ""2026-08-05"", ""form_type"": ""10-Q""}, ""shares_outstanding"": {""filed_date"": ""2026-08-05"", ""form_type"": ""10-Q""}}",329
TW,Tradeweb Markets Inc.,0.025877171976658397,0.031052606371990074,5,,-0.06788234462902613,1,5,0,10,3,0.5578121096633765,0.5578121096633765,1.287980920947124,106.29,22636491467.349083,665643750.0,0.0,892659000.0,386602000.0,532515000.0,Financials,0.03,2026-08-17T07:16:15.733963,True,True,2026-08-17T07:04:15.149357,"{""revenue"": {""filed_date"": ""2021-02-25"", ""form_type"": ""10-K""}, ""operating_income"": {""filed_date"": ""2026-07-30"", ""form_type"": ""10-Q""}, ""net_income"": {""filed_date"": ""2026-07-30"", ""form_type"": ""10-Q""}, ""total_assets"": {""filed_date"": ""2026-07-30"", ""form_type"": ""10-Q""}, ""cash_and_equivalents"": {""filed_date"": ""2026-07-30"", ""form_type"": ""10-Q""}, ""ppe"": {""filed_date"": ""2026-07-30"", ""form_type"": ""10-Q""}, ""stockholders_equity"": {""filed_date"": ""2026-07-30"", ""form_type"": ""10-Q""}, ""operating_cash_flow"": {""filed_date"": ""2026-07-30"", ""form_type"": ""10-Q""}, ""capex"": {""filed_date"": ""2026-07-30"", ""form_type"": ""10-Q""}, ""shares_outstanding"": {""filed_date"": ""2019-11-08"", ""form_type"": ""10-Q""}}",330
CRS,Carpenter Technology Corporation,0.025660062361784405,0.23803872367841036,6,,0.4533833336020994,3,5,0,10,5,0.3085003314466371,0.3085003314466371,1.141940354850887,544.59,27058288773.4104,877500000.0,0.0,1961100000.0,529800000.0,702000000.0,Materials,0.02,2026-08-17T07:16:15.736074,True,True,2026-08-17T07:04:15.149357,"{""revenue"": {""filed_date"": ""2024-05-01"", ""form_type"": ""10-Q""}, ""operating_income"": {""filed_date"": ""2026-08-12"", ""form_type"": ""10-K""}, ""net_income"": {""filed_date"": ""2026-08-12"", ""form_type"": ""10-K""}, ""total_assets"": {""filed_date"": ""2026-08-12"", ""form_type"": ""10-K""}, ""current_assets"": {""filed_date"": ""2026-08-12"", ""form_type"": ""10-K""}, ""current_liabilities"": {""filed_date"": ""2026-08-12"", ""form_type"": ""10-K""}, ""long_term_debt"": {""filed_date"": ""2023-04-27"", ""form_type"": ""10-Q""}, ""cash_and_equivalents"": {""filed_date"": ""2026-08-12"", ""form_type"": ""10-K""}, ""ppe"": {""filed_date"": ""2026-08-12"", ""form_type"": ""10-K""}, ""stockholders_equity"": {""filed_date"": ""2026-08-12"", ""form_type"": ""10-K""}, ""operating_cash_flow"": {""filed_date"": ""2026-08-12"", ""form_type"": ""10-K""}, ""total_debt"": {""filed_date"": ""2023-04-27"", ""form_type"": ""10-Q""}, ""shares_outstanding"": {""filed_date"": ""2026-08-12"", ""form_type"": ""10-K""}}",331
AWK,"American Water Works Company, Inc.",0.02553933176903253,0.049040735873850196,5,,0.034280009376418355,2,5,0,10,4,0.6127554470716438,0.6127554470716438,1.7749510763209393,136.2,27066887695.327255,1166250000.0,0.0,1480199000.0,511000000.0,933000000.0,Utilities,0.05,2026-08-17T07:16:15.729639,True,True,2026-08-17T07:04:15.149357,"{""revenue"": {""filed_date"": ""2015-08-05"", ""form_type"": ""10-Q""}, ""operating_income"": {""filed_date"": ""2026-07-29"", ""form_type"": ""10-Q""}, ""net_income"": {""filed_date"": ""2026-07-29"", ""form_type"": ""10-Q""}, ""total_assets"": {""filed_date"": ""2026-07-29"", ""form_type"": ""10-Q""}, ""current_assets"": {""filed_date"": ""2026-07-29"", ""form_type"": ""10-Q""}, ""current_liabilities"": {""filed_date"": ""2026-07-29"", ""form_type"": ""10-Q""}, ""long_term_debt"": {""filed_date"": ""2021-02-24"", ""form_type"": ""10-K""}, ""cash_and_equivalents"": {""filed_date"": ""2026-07-29"", ""form_type"": ""10-Q""}, ""ppe"": {""filed_date"": ""2021-11-02"", ""form_type"": ""10-Q""}, ""stockholders_equity"": {""filed_date"": ""2026-07-29"", ""form_type"": ""10-Q""}, ""operating_cash_flow"": {""filed_date"": ""2026-07-29"", ""form_type"": ""10-Q""}, ""capex"": {""filed_date"": ""2026-07-29"", ""form_type"": ""10-Q""}, ""total_debt"": {""filed_date"": ""2021-02-24"", ""form_type"": ""10-K""}, ""shares_outstanding"": {""filed_date"": ""2016-08-03"", ""form_type"": ""10-Q""}}",332
UNP,Union Pacific Corporation,0.025509594844667076,0.09008402781372397,4,,0.12918005102797528,3,5,2,10,4,0.34322693049592434,0.34322693049592434,1.4932322685435842,293.68,174468087901.5011,6526250000.0,0.0,16071000000.0,3694000000.0,5221000000.0,Industrials,0.23,2026-08-17T07:16:15.723399,True,True,2026-08-17T07:04:15.149357,"{""revenue"": {""filed_date"": ""2021-10-21"", ""form_type"": ""10-Q""}, ""operating_income"": {""filed_date"": ""2026-07-23"", ""form_type"": ""10-Q""}, ""net_income"": {""filed_date"": ""2026-07-23"", ""form_type"": ""10-Q""}, ""total_assets"": {""filed_date"": ""2026-07-23"", ""form_type"": ""10-Q""}, ""current_assets"": {""filed_date"": ""2026-07-23"", ""form_type"": ""10-Q""}, ""current_liabilities"": {""filed_date"": ""2026-07-23"", ""form_type"": ""10-Q""}, ""long_term_debt"": {""filed_date"": ""2026-02-06"", ""form_type"": ""10-K""}, ""cash_and_equivalents"": {""filed_date"": ""2026-07-23"", ""form_type"": ""10-Q""}, ""ppe"": {""filed_date"": ""2024-10-24"", ""form_type"": ""10-Q""}, ""stockholders_equity"": {""filed_date"": ""2026-07-23"", ""form_type"": ""10-Q""}, ""operating_cash_flow"": {""filed_date"": ""2026-07-23"", ""form_type"": ""10-Q""}, ""capex"": {""filed_date"": ""2026-07-23"", ""form_type"": ""10-Q""}, ""total_debt"": {""filed_date"": ""2026-02-06"", ""form_type"": ""10-K""}, ""shares_outstanding"": {""filed_date"": ""2026-07-23"", ""form_type"": ""10-Q""}}",333
CME,CME Group Inc.,0.02547478494250513,0.7402143950995406,5,,-0.08425267432882566,1,5,1,10,3,0.6153974848729888,0.6153974848729888,1.0049633441100132,269.8,97014480768.0047,3021000000.0,0.0,3586300000.0,2196100000.0,2416800000.0,Financials,0.16,2026-08-17T07:16:15.724217,True,True,2026-08-17T07:04:15.149357,"{""revenue"": {""filed_date"": ""2026-07-24"", ""form_type"": ""10-Q""}, ""operating_income"": {""filed_date"": ""2026-07-24"", ""form_type"": ""10-Q""}, ""net_income"": {""filed_date"": ""2026-07-24"", ""form_type"": ""10-Q""}, ""total_assets"": {""filed_date"": ""2026-07-24"", ""form_type"": ""10-Q""}, ""current_assets"": {""filed_date"": ""2026-07-24"", ""form_type"": ""10-Q""}, ""current_liabilities"": {""filed_date"": ""2026-07-24"", ""form_type"": ""10-Q""}, ""cash_and_equivalents"": {""filed_date"": ""2026-07-24"", ""form_type"": ""10-Q""}, ""ppe"": {""filed_date"": ""2026-07-24"", ""form_type"": ""10-Q""}, ""stockholders_equity"": {""filed_date"": ""2026-07-24"", ""form_type"": ""10-Q""}, ""operating_cash_flow"": {""filed_date"": ""2026-07-24"", ""form_type"": ""10-Q""}, ""capex"": {""filed_date"": ""2026-07-24"", ""form_type"": ""10-Q""}, ""shares_outstanding"": {""filed_date"": ""2026-07-24"", ""form_type"": ""10-Q""}}",334
WDC,Western Digital Corporation,0.02546794211688358,1.1506459948320413,5,,0.7921799554265005,3,4,2,10,4,0.30412570632401886,0.30412570632401886,0.41691426146010185,508.8,175374264045.25446,5566250000.0,0.0,12919000000.0,9424000000.0,4453000000.0,Information Technology,0.04,2026-08-17T07:16:15.729924,True,True,2026-08-17T07:04:15.149357,"{""revenue"": {""filed_date"": ""2026-08-14"", ""form_type"": ""10-K""}, ""operating_income"": {""filed_date"": ""2026-08-14"", ""form_type"": ""10-K""}, ""net_income"": {""filed_date"": ""2026-08-14"", ""form_type"": ""10-K""}, ""total_assets"": {""filed_date"": ""2026-08-14"", ""form_type"": ""10-K""}, ""current_assets"": {""filed_date"": ""2026-08-14"", ""form_type"": ""10-K""}, ""current_liabilities"": {""filed_date"": ""2026-08-14"", ""form_type"": ""10-K""}, ""long_term_debt"": {""filed_date"": ""2026-08-14"", ""form_type"": ""10-K""}, ""cash_and_equivalents"": {""filed_date"": ""2026-08-14"", ""form_type"": ""10-K""}, ""ppe"": {""filed_date"": ""2026-08-14"", ""form_type"": ""10-K""}, ""stockholders_equity"": {""filed_date"": ""2026-08-14"", ""form_type"": ""10-K""}, ""operating_cash_flow"": {""filed_date"": ""2026-08-14"", ""form_type"": ""10-K""}, ""capex"": {""filed_date"": ""2026-08-14"", ""form_type"": ""10-K""}, ""total_debt"": {""filed_date"": ""2026-08-14"", ""form_type"": ""10-K""}, ""shares_outstanding"": {""filed_date"": ""2026-08-14"", ""form_type"": ""10-K""}}",335
ITW,Illinois Tool Works Inc.,0.025455578708079962,0.7519083969465649,4,,-0.01008225679665442,1,2,2,7,2,0.0911430119176598,0.0911430119176598,,290.81,82822687304.6875,2708750000.0,0.0,14768000000.0,0.0,2167000000.0,Industrials,0.13,2026-08-17T07:16:15.724911,True,True,2026-08-17T07:04:15.149357,"{""revenue"": {""filed_date"": ""2019-02-15"", ""form_type"": ""10-K""}, ""operating_income"": {""filed_date"": ""2026-08-06"", ""form_type"": ""10-Q""}, ""total_assets"": {""filed_date"": ""2026-08-06"", ""form_type"": ""10-Q""}, ""current_assets"": {""filed_date"": ""2026-08-06"", ""form_type"": ""10-Q""}, ""current_liabilities"": {""filed_date"": ""2026-08-06"", ""form_type"": ""10-Q""}, ""long_term_debt"": {""filed_date"": ""2026-02-13"", ""form_type"": ""10-K""}, ""cash_and_equivalents"": {""filed_date"": ""2026-08-06"", ""form_type"": ""10-Q""}, ""ppe"": {""filed_date"": ""2026-08-06"", ""form_type"": ""10-Q""}, ""stockholders_equity"": {""filed_date"": ""2009-10-30"", ""form_type"": ""10-Q""}, ""operating_cash_flow"": {""filed_date"": ""2026-08-06"", ""form_type"": ""10-Q""}, ""capex"": {""filed_date"": ""2026-08-06"", ""form_type"": ""10-Q""}, ""total_debt"": {""filed_date"": ""2026-08-06"", ""form_type"": ""10-Q""}, ""shares_outstanding"": {""filed_date"": ""2026-08-06"", ""form_type"": ""10-Q""}}",336
MMM,3M Company,0.025418835277297786,0.2477627471383975,4,,0.09530257423075403,2,4,2,9,4,0.12450119712689545,0.12450119712689545,0.9836065573770492,182.65,94196696317.33017,2976250000.0,0.0,12530000000.0,1586000000.0,2381000000.0,Industrials,0.14,2026-08-17T07:16:15.724660,True,True,2026-08-17T07:04:15.149357,"{""revenue"": {""filed_date"": ""2026-07-21"", ""form_type"": ""10-Q""}, ""operating_income"": {""filed_date"": ""2026-07-21"", ""form_type"": ""10-Q""}, ""net_income"": {""filed_date"": ""2026-07-21"", ""form_type"": ""10-Q""}, ""total_assets"": {""filed_date"": ""2026-07-21"", ""form_type"": ""10-Q""}, ""current_assets"": {""filed_date"": ""2026-07-21"", ""form_type"": ""10-Q""}, ""current_liabilities"": {""filed_date"": ""2026-07-21"", ""form_type"": ""10-Q""}, ""long_term_debt"": {""filed_date"": ""2026-02-03"", ""form_type"": ""10-K""}, ""cash_and_equivalents"": {""filed_date"": ""2017-05-03"", ""form_type"": ""10-Q""}, ""ppe"": {""filed_date"": ""2026-07-21"", ""form_type"": ""10-Q""}, ""stockholders_equity"": {""filed_date"": ""2026-07-21"", ""form_type"": ""10-Q""}, ""operating_cash_flow"": {""filed_date"": ""2026-07-21"", ""form_type"": ""10-Q""}, ""capex"": {""filed_date"": ""2026-07-21"", ""form_type"": ""10-Q""}, ""total_debt"": {""filed_date"": ""2026-07-21"", ""form_type"": ""10-Q""}, ""shares_outstanding"": {""filed_date"": ""2026-07-21"", ""form_type"": ""10-Q""}}",337
NDAQ,"Nasdaq, Inc.",0.02536078318939919,1.7220125786163523,5,,0.21730223393433257,3,5,1,10,4,0.32733224222585927,0.32733224222585927,1.364522417153996,97.02,54231982754.99008,1711250000.0,0.0,4277000000.0,1026000000.0,1369000000.0,Financials,0.07,2026-08-17T07:16:15.728131,True,True,2026-08-17T07:04:15.149357,"{""revenue"": {""filed_date"": ""2019-02-22"", ""form_type"": ""10-K""}, ""operating_income"": {""filed_date"": ""2026-07-23"", ""form_type"": ""10-Q""}, ""net_income"": {""filed_date"": ""2026-07-23"", ""form_type"": ""10-Q""}, ""total_assets"": {""filed_date"": ""2026-07-23"", ""form_type"": ""10-Q""}, ""current_assets"": {""filed_date"": ""2026-07-23"", ""form_type"": ""10-Q""}, ""current_liabilities"": {""filed_date"": ""2026-07-23"", ""form_type"": ""10-Q""}, ""long_term_debt"": {""filed_date"": ""2026-07-23"", ""form_type"": ""10-Q""}, ""cash_and_equivalents"": {""filed_date"": ""2026-07-23"", ""form_type"": ""10-Q""}, ""ppe"": {""filed_date"": ""2026-07-23"", ""form_type"": ""10-Q""}, ""stockholders_equity"": {""filed_date"": ""2026-07-23"", ""form_type"": ""10-Q""}, ""operating_cash_flow"": {""filed_date"": ""2026-07-23"", ""form_type"": ""10-Q""}, ""capex"": {""filed_date"": ""2026-07-23"", ""form_type"": ""10-Q""}, ""total_debt"": {""filed_date"": ""2026-07-23"", ""form_type"": ""10-Q""}, ""shares_outstanding"": {""filed_date"": ""2026-07-23"", ""form_type"": ""10-Q""}}",338
WEC,"WEC Energy Group, Inc.",0.025237416820801818,0.03777439105906259,5,,-0.02608552128451685,1,5,0,10,3,0.4022160362425632,0.4022160362425632,3.4526003435889425,110.52,36012872715.30526,1766000000.0,0.0,5496300000.0,640300000.0,1412800000.0,Utilities,0.06,2026-08-17T07:16:15.728762,True,True,2026-08-17T07:04:15.149357,"{""revenue"": {""filed_date"": ""2026-08-04"", ""form_type"": ""10-Q""}, ""operating_income"": {""filed_date"": ""2026-08-04"", ""form_type"": ""10-Q""}, ""net_income"": {""filed_date"": ""2016-02-26"", ""form_type"": ""10-K""}, ""total_assets"": {""filed_date"": ""2026-08-04"", ""form_type"": ""10-Q""}, ""current_assets"": {""filed_date"": ""2026-08-04"", ""form_type"": ""10-Q""}, ""current_liabilities"": {""filed_date"": ""2026-08-04"", ""form_type"": ""10-Q""}, ""long_term_debt"": {""filed_date"": ""2026-02-20"", ""form_type"": ""10-K""}, ""cash_and_equivalents"": {""filed_date"": ""2026-08-04"", ""form_type"": ""10-Q""}, ""ppe"": {""filed_date"": ""2026-08-04"", ""form_type"": ""10-Q""}, ""stockholders_equity"": {""filed_date"": ""2018-02-28"", ""form_type"": ""10-K""}, ""operating_cash_flow"": {""filed_date"": ""2026-08-04"", ""form_type"": ""10-Q""}, ""capex"": {""filed_date"": ""2026-08-04"", ""form_type"": ""10-Q""}, ""total_debt"": {""filed_date"": ""2026-02-20"", ""form_type"": ""10-K""}, ""shares_outstanding"": {""filed_date"": ""2026-08-04"", ""form_type"": ""10-Q""}}",339
ALGN,"Align Technology, Inc.",0.025129643087532603,0.15838066091475791,5,,-0.03156715961743,1,5,0,10,3,0.9799421952137181,0.9799421952137181,1.5551941736593309,181.31,12880235392.682861,369960000.0,0.0,350836000.0,221065000.0,295968000.0,Health Care,0.02,2026-08-17T07:16:15.737293,True,True,2026-08-17T07:04:15.149357,"{""revenue"": {""filed_date"": ""2011-11-04"", ""form_type"": ""10-Q""}, ""operating_income"": {""filed_date"": ""2026-08-05"", ""form_type"": ""10-Q""}, ""net_income"": {""filed_date"": ""2026-08-05"", ""form_type"": ""10-Q""}, ""total_assets"": {""filed_date"": ""2026-08-05"", ""form_type"": ""10-Q""}, ""current_assets"": {""filed_date"": ""2026-08-05"", ""form_type"": ""10-Q""}, ""current_liabilities"": {""filed_date"": ""2026-08-05"", ""form_type"": ""10-Q""}, ""cash_and_equivalents"": {""filed_date"": ""2026-08-05"", ""form_type"": ""10-Q""}, ""ppe"": {""filed_date"": ""2026-08-05"", ""form_type"": ""10-Q""}, ""stockholders_equity"": {""filed_date"": ""2026-08-05"", ""form_type"": ""10-Q""}, ""operating_cash_flow"": {""filed_date"": ""2026-08-05"", ""form_type"": ""10-Q""}, ""capex"": {""filed_date"": ""2026-08-05"", ""form_type"": ""10-Q""}, ""shares_outstanding"": {""filed_date"": ""2026-08-05"", ""form_type"": ""10-Q""}}",340
CHRW,"C.H. Robinson Worldwide, Inc.",0.025074331245474667,0.3042882433013831,4,,-0.15667637425417527,1,2,0,5,2,0.05247276861305219,0.05247276861305219,0.31284747274855623,148.57,17360592256.904175,539286250.0,0.0,1991452000.0,334019000.0,431429000.0,Industrials,0.02,2026-08-17T07:16:15.734433,True,True,2026-08-17T07:04:15.149357,"{""revenue"": {""filed_date"": ""2018-11-07"", ""form_type"": ""10-Q""}, ""operating_income"": {""filed_date"": ""2026-07-31"", ""form_type"": ""10-Q""}, ""net_income"": {""filed_date"": ""2026-07-31"", ""form_type"": ""10-Q""}, ""total_assets"": {""filed_date"": ""2026-07-31"", ""form_type"": ""10-Q""}, ""current_assets"": {""filed_date"": ""2026-07-31"", ""form_type"": ""10-Q""}, ""current_liabilities"": {""filed_date"": ""2026-07-31"", ""form_type"": ""10-Q""}, ""long_term_debt"": {""filed_date"": ""2026-07-31"", ""form_type"": ""10-Q""}, ""cash_and_equivalents"": {""filed_date"": ""2026-07-31"", ""form_type"": ""10-Q""}, ""ppe"": {""filed_date"": ""2026-07-31"", ""form_type"": ""10-Q""}, ""stockholders_equity"": {""filed_date"": ""2026-07-31"", ""form_type"": ""10-Q""}, ""operating_cash_flow"": {""filed_date"": ""2026-07-31"", ""form_type"": ""10-Q""}, ""capex"": {""filed_date"": ""2026-07-31"", ""form_type"": ""10-Q""}, ""total_debt"": {""filed_date"": ""2018-11-07"", ""form_type"": ""10-Q""}, ""shares_outstanding"": {""filed_date"": ""2026-07-31"", ""form_type"": ""10-Q""}}",341
PEG,Public Service Enterprise Group Incorporated,0.025060628502949767,0.10210050518479127,4,,-0.11078259792734242,1,5,0,9,3,0.28444236176194937,0.28444236176194937,1.693953488372093,76.04,37892359864.30687,1920000000.0,0.0,6402000000.0,1075000000.0,1536000000.0,Utilities,0.07,2026-08-17T07:16:15.727899,True,True,2026-08-17T07:04:15.149357,"{""revenue"": {""filed_date"": ""2026-08-04"", ""form_type"": ""10-Q""}, ""operating_income"": {""filed_date"": ""2026-08-04"", ""form_type"": ""10-Q""}, ""net_income"": {""filed_date"": ""2026-08-04"", ""form_type"": ""10-Q""}, ""total_assets"": {""filed_date"": ""2026-08-04"", ""form_type"": ""10-Q""}, ""current_assets"": {""filed_date"": ""2026-08-04"", ""form_type"": ""10-Q""}, ""current_liabilities"": {""filed_date"": ""2026-08-04"", ""form_type"": ""10-Q""}, ""long_term_debt"": {""filed_date"": ""2026-08-04"", ""form_type"": ""10-Q""}, ""cash_and_equivalents"": {""filed_date"": ""2026-08-04"", ""form_type"": ""10-Q""}, ""ppe"": {""filed_date"": ""2010-05-06"", ""form_type"": ""10-Q""}, ""stockholders_equity"": {""filed_date"": ""2017-02-27"", ""form_type"": ""10-K""}, ""operating_cash_flow"": {""filed_date"": ""2026-08-04"", ""form_type"": ""10-Q""}, ""capex"": {""filed_date"": ""2026-08-04"", ""form_type"": ""10-Q""}, ""total_debt"": {""filed_date"": ""2026-08-04"", ""form_type"": ""10-Q""}, ""shares_outstanding"": {""filed_date"": ""2026-02-26"", ""form_type"": ""10-K""}}",342
DOV,Dover Corporation,0.025020599727060323,0.1958028848326124,4,,-0.10802035262752484,1,4,0,8,3,0.20852517108407406,0.20852517108407406,0.6723608490608867,207.07,27888235177.17743,872120000.0,0.0,1775589000.0,550679000.0,697696000.0,Industrials,0.04,2026-08-17T07:16:15.730488,True,True,2026-08-17T07:04:15.149357,"{""revenue"": {""filed_date"": ""2020-02-14"", ""form_type"": ""10-K""}, ""operating_income"": {""filed_date"": ""2026-07-23"", ""form_type"": ""10-Q""}, ""net_income"": {""filed_date"": ""2026-07-23"", ""form_type"": ""10-Q""}, ""total_assets"": {""filed_date"": ""2026-07-23"", ""form_type"": ""10-Q""}, ""current_assets"": {""filed_date"": ""2026-07-23"", ""form_type"": ""10-Q""}, ""current_liabilities"": {""filed_date"": ""2026-07-23"", ""form_type"": ""10-Q""}, ""long_term_debt"": {""filed_date"": ""2026-07-23"", ""form_type"": ""10-Q""}, ""cash_and_equivalents"": {""filed_date"": ""2021-10-19"", ""form_type"": ""10-Q""}, ""ppe"": {""filed_date"": ""2026-07-23"", ""form_type"": ""10-Q""}, ""stockholders_equity"": {""filed_date"": ""2026-07-23"", ""form_type"": ""10-Q""}, ""operating_cash_flow"": {""filed_date"": ""2024-07-25"", ""form_type"": ""10-Q""}, ""capex"": {""filed_date"": ""2026-07-23"", ""form_type"": ""10-Q""}, ""total_debt"": {""filed_date"": ""2023-02-10"", ""form_type"": ""10-K""}, ""shares_outstanding"": {""filed_date"": ""2026-07-23"", ""form_type"": ""10-Q""}}",343
CHE,Chemed Corporation,0.02501990828705514,0.9660566574757627,6,,0.1294190120051543,3,5,0,10,5,0.13002455732195942,0.13002455732195942,1.291235401664117,532.88,6964720881.498169,217227500.0,0.0,1330764000.0,134005000.0,173782000.0,Health Care,0.01,2026-08-17T07:16:15.741585,True,True,2026-08-17T07:04:15.149357,"{""revenue"": {""filed_date"": ""2026-07-31"", ""form_type"": ""10-Q""}, ""operating_income"": {""filed_date"": ""2026-07-31"", ""form_type"": ""10-Q""}, ""net_income"": {""filed_date"": ""2026-07-31"", ""form_type"": ""10-Q""}, ""total_assets"": {""filed_date"": ""2026-07-31"", ""form_type"": ""10-Q""}, ""current_assets"": {""filed_date"": ""2026-07-31"", ""form_type"": ""10-Q""}, ""current_liabilities"": {""filed_date"": ""2026-07-31"", ""form_type"": ""10-Q""}, ""long_term_debt"": {""filed_date"": ""2023-04-28"", ""form_type"": ""10-Q""}, ""cash_and_equivalents"": {""filed_date"": ""2026-07-31"", ""form_type"": ""10-Q""}, ""ppe"": {""filed_date"": ""2026-07-31"", ""form_type"": ""10-Q""}, ""stockholders_equity"": {""filed_date"": ""2026-07-31"", ""form_type"": ""10-Q""}, ""operating_cash_flow"": {""filed_date"": ""2026-07-31"", ""form_type"": ""10-Q""}, ""capex"": {""filed_date"": ""2026-07-31"", ""form_type"": ""10-Q""}, ""total_debt"": {""filed_date"": ""2023-04-28"", ""form_type"": ""10-Q""}, ""shares_outstanding"": {""filed_date"": ""2026-07-31"", ""form_type"": ""10-Q""}}",344
STZ,"Constellation Brands, Inc.",0.024957306270664746,0.10668265286805073,4,,-0.07522799680755804,1,5,0,9,3,0.27204340855839193,0.27204340855839193,1.0122361578464363,139.18,23768941193.30139,1056625000.0,0.0,2432700000.0,653800000.0,845300000.0,Consumer Staples,0.04,2026-08-17T07:16:15.731485,True,True,2026-08-17T07:04:15.149357,"{""revenue"": {""filed_date"": ""2026-07-01"", ""form_type"": ""10-Q""}, ""operating_income"": {""filed_date"": ""2026-07-01"", ""form_type"": ""10-Q""}, ""net_income"": {""filed_date"": ""2026-07-01"", ""form_type"": ""10-Q""}, ""total_assets"": {""filed_date"": ""2026-07-01"", ""form_type"": ""10-Q""}, ""current_assets"": {""filed_date"": ""2026-07-01"", ""form_type"": ""10-Q""}, ""current_liabilities"": {""filed_date"": ""2026-07-01"", ""form_type"": ""10-Q""}, ""long_term_debt"": {""filed_date"": ""2026-07-01"", ""form_type"": ""10-Q""}, ""cash_and_equivalents"": {""filed_date"": ""2026-07-01"", ""form_type"": ""10-Q""}, ""ppe"": {""filed_date"": ""2026-01-08"", ""form_type"": ""10-Q""}, ""stockholders_equity"": {""filed_date"": ""2026-07-01"", ""form_type"": ""10-Q""}, ""operating_cash_flow"": {""filed_date"": ""2026-07-01"", ""form_type"": ""10-Q""}, ""capex"": {""filed_date"": ""2026-07-01"", ""form_type"": ""10-Q""}, ""total_debt"": {""filed_date"": ""2026-07-01"", ""form_type"": ""10-Q""}}",345
CSCO,"Cisco Systems, Inc.",0.02495121521783522,0.0,4,,0.4665608750481027,3,4,2,9,4,0.17820798702615043,0.17820798702615043,0.9344175170068028,111.68,440179424590.0304,13880000000.0,0.0,49330000000.0,9408000000.0,11104000000.0,Information Technology,0.45,2026-08-17T07:16:15.722060,True,True,2026-08-17T07:04:15.149357,"{""revenue"": {""filed_date"": ""2018-09-06"", ""form_type"": ""10-K""}, ""operating_income"": {""filed_date"": ""2026-05-19"", ""form_type"": ""10-Q""}, ""net_income"": {""filed_date"": ""2026-05-19"", ""form_type"": ""10-Q""}, ""total_assets"": {""filed_date"": ""2026-05-19"", ""form_type"": ""10-Q""}, ""current_assets"": {""filed_date"": ""2026-05-19"", ""form_type"": ""10-Q""}, ""current_liabilities"": {""filed_date"": ""2026-05-19"", ""form_type"": ""10-Q""}, ""long_term_debt"": {""filed_date"": ""2026-05-19"", ""form_type"": ""10-Q""}, ""cash_and_equivalents"": {""filed_date"": ""2026-05-19"", ""form_type"": ""10-Q""}, ""ppe"": {""filed_date"": ""2026-05-19"", ""form_type"": ""10-Q""}, ""stockholders_equity"": {""filed_date"": ""2026-05-19"", ""form_type"": ""10-Q""}, ""operating_cash_flow"": {""filed_date"": ""2026-05-19"", ""form_type"": ""10-Q""}, ""capex"": {""filed_date"": ""2026-05-19"", ""form_type"": ""10-Q""}, ""total_debt"": {""filed_date"": ""2026-05-19"", ""form_type"": ""10-Q""}, ""shares_outstanding"": {""filed_date"": ""2026-05-19"", ""form_type"": ""10-Q""}}",346
GWW,"W.W. Grainger, Inc.",0.024896926566170156,0.25555023159239737,5,,0.17283129031751762,3,5,1,10,4,0.39452915130209626,0.39452915130209626,1.0515555555555556,1322.64,62445960405.75842,2000000000.0,0.0,2998511000.0,1125000000.0,1600000000.0,Industrials,0.08,2026-08-17T07:16:15.727403,True,True,2026-08-17T07:04:15.149357,"{""revenue"": {""filed_date"": ""2009-07-31"", ""form_type"": ""10-Q""}, ""operating_income"": {""filed_date"": ""2026-08-04"", ""form_type"": ""10-Q""}, ""net_income"": {""filed_date"": ""2026-08-04"", ""form_type"": ""10-Q""}, ""total_assets"": {""filed_date"": ""2026-08-04"", ""form_type"": ""10-Q""}, ""current_assets"": {""filed_date"": ""2026-08-04"", ""form_type"": ""10-Q""}, ""current_liabilities"": {""filed_date"": ""2026-08-04"", ""form_type"": ""10-Q""}, ""long_term_debt"": {""filed_date"": ""2026-08-04"", ""form_type"": ""10-Q""}, ""cash_and_equivalents"": {""filed_date"": ""2026-08-04"", ""form_type"": ""10-Q""}, ""ppe"": {""filed_date"": ""2026-08-04"", ""form_type"": ""10-Q""}, ""stockholders_equity"": {""filed_date"": ""2026-08-04"", ""form_type"": ""10-Q""}, ""operating_cash_flow"": {""filed_date"": ""2026-08-04"", ""form_type"": ""10-Q""}, ""capex"": {""filed_date"": ""2026-08-04"", ""form_type"": ""10-Q""}, ""total_debt"": {""filed_date"": ""2026-08-04"", ""form_type"": ""10-Q""}, ""shares_outstanding"": {""filed_date"": ""2026-08-04"", ""form_type"": ""10-Q""}}",347
CL,Colgate-Palmolive Company,0.024821660383676773,0.4125859554073765,4,,-0.027162997925266823,1,5,1,10,3,0.4352823588205897,0.4352823588205897,1.3009708737864079,91.95,73300039193.77159,2475000000.0,0.0,4002000000.0,1339000000.0,1980000000.0,Consumer Staples,0.12,2026-08-17T07:16:15.725354,True,True,2026-08-17T07:04:15.149357,"{""revenue"": {""filed_date"": ""2018-04-27"", ""form_type"": ""10-Q""}, ""operating_income"": {""filed_date"": ""2026-07-31"", ""form_type"": ""10-Q""}, ""net_income"": {""filed_date"": ""2026-07-31"", ""form_type"": ""10-Q""}, ""total_assets"": {""filed_date"": ""2026-07-31"", ""form_type"": ""10-Q""}, ""current_assets"": {""filed_date"": ""2026-07-31"", ""form_type"": ""10-Q""}, ""current_liabilities"": {""filed_date"": ""2026-07-31"", ""form_type"": ""10-Q""}, ""long_term_debt"": {""filed_date"": ""2026-02-23"", ""form_type"": ""10-K""}, ""cash_and_equivalents"": {""filed_date"": ""2026-07-31"", ""form_type"": ""10-Q""}, ""ppe"": {""filed_date"": ""2026-07-31"", ""form_type"": ""10-Q""}, ""stockholders_equity"": {""filed_date"": ""2026-07-31"", ""form_type"": ""10-Q""}, ""operating_cash_flow"": {""filed_date"": ""2026-07-31"", ""form_type"": ""10-Q""}, ""capex"": {""filed_date"": ""2023-02-16"", ""form_type"": ""10-K""}, ""total_debt"": {""filed_date"": ""2026-02-23"", ""form_type"": ""10-K""}, ""shares_outstanding"": {""filed_date"": ""2026-02-23"", ""form_type"": ""10-K""}}",348
MAR,Marriot International Class A Common Stock,0.024767353601138766,0.0,5,,-0.005071166047301036,1,5,2,10,3,0.13158469945355192,0.13158469945355192,1.2772277227722773,356.72,93020550573.67822,2866250000.0,0.0,13725000000.0,1414000000.0,2293000000.0,Consumer Discretionary,0.1,2026-08-17T07:16:15.725731,True,True,2026-08-17T07:04:15.149357,"{""revenue"": {""filed_date"": ""2026-08-03"", ""form_type"": ""10-Q""}, ""operating_income"": {""filed_date"": ""2026-08-03"", ""form_type"": ""10-Q""}, ""net_income"": {""filed_date"": ""2026-08-03"", ""form_type"": ""10-Q""}, ""total_assets"": {""filed_date"": ""2026-08-03"", ""form_type"": ""10-Q""}, ""current_assets"": {""filed_date"": ""2026-08-03"", ""form_type"": ""10-Q""}, ""current_liabilities"": {""filed_date"": ""2026-08-03"", ""form_type"": ""10-Q""}, ""long_term_debt"": {""filed_date"": ""2026-08-03"", ""form_type"": ""10-Q""}, ""cash_and_equivalents"": {""filed_date"": ""2026-08-03"", ""form_type"": ""10-Q""}, ""ppe"": {""filed_date"": ""2026-08-03"", ""form_type"": ""10-Q""}, ""stockholders_equity"": {""filed_date"": ""2026-08-03"", ""form_type"": ""10-Q""}, ""operating_cash_flow"": {""filed_date"": ""2026-08-03"", ""form_type"": ""10-Q""}, ""capex"": {""filed_date"": ""2026-08-03"", ""form_type"": ""10-Q""}, ""total_debt"": {""filed_date"": ""2026-08-03"", ""form_type"": ""10-Q""}, ""shares_outstanding"": {""filed_date"": ""2026-02-10"", ""form_type"": ""10-K""}}",349
GGG,Graco Inc.,0.024513901011210353,0.18805580082502707,5,,-0.12467342453213398,1,5,0,10,3,0.2635235288707133,0.2635235288707133,1.131084564196589,81.94,13270496733.955078,391086250.0,0.0,1130696000.0,263433000.0,312869000.0,Industrials,0.02,2026-08-17T07:16:15.734464,True,True,2026-08-17T07:04:15.149357,"{""revenue"": {""filed_date"": ""2026-07-22"", ""form_type"": ""10-Q""}, ""operating_income"": {""filed_date"": ""2026-07-22"", ""form_type"": ""10-Q""}, ""net_income"": {""filed_date"": ""2026-07-22"", ""form_type"": ""10-Q""}, ""total_assets"": {""filed_date"": ""2026-07-22"", ""form_type"": ""10-Q""}, ""current_assets"": {""filed_date"": ""2026-07-22"", ""form_type"": ""10-Q""}, ""current_liabilities"": {""filed_date"": ""2026-07-22"", ""form_type"": ""10-Q""}, ""long_term_debt"": {""filed_date"": ""2024-02-20"", ""form_type"": ""10-K""}, ""cash_and_equivalents"": {""filed_date"": ""2026-07-22"", ""form_type"": ""10-Q""}, ""ppe"": {""filed_date"": ""2026-07-22"", ""form_type"": ""10-Q""}, ""stockholders_equity"": {""filed_date"": ""2026-07-22"", ""form_type"": ""10-Q""}, ""operating_cash_flow"": {""filed_date"": ""2026-07-22"", ""form_type"": ""10-Q""}, ""capex"": {""filed_date"": ""2026-07-22"", ""form_type"": ""10-Q""}, ""shares_outstanding"": {""filed_date"": ""2026-02-17"", ""form_type"": ""10-K""}}",350
RBA,"RB Global, Inc.",0.0244928403849981,0.214750436978054,5,,-0.1880375724602333,1,5,0,10,3,0.14335541011874436,0.14335541011874436,1.3111111111111111,84.26,15697638397.979736,552875000.0,0.0,2551700000.0,279000000.0,442300000.0,Industrials,0.04,2026-08-17T07:16:15.731639,True,True,2026-08-17T07:04:15.149357,"{""revenue"": {""filed_date"": ""2026-08-04"", ""form_type"": ""10-Q""}, ""operating_income"": {""filed_date"": ""2026-08-04"", ""form_type"": ""10-Q""}, ""net_income"": {""filed_date"": ""2026-08-04"", ""form_type"": ""10-Q""}, ""total_assets"": {""filed_date"": ""2026-08-04"", ""form_type"": ""10-Q""}, ""current_assets"": {""filed_date"": ""2026-08-04"", ""form_type"": ""10-Q""}, ""current_liabilities"": {""filed_date"": ""2026-08-04"", ""form_type"": ""10-Q""}, ""long_term_debt"": {""filed_date"": ""2026-08-04"", ""form_type"": ""10-Q""}, ""cash_and_equivalents"": {""filed_date"": ""2026-08-04"", ""form_type"": ""10-Q""}, ""ppe"": {""filed_date"": ""2026-08-04"", ""form_type"": ""10-Q""}, ""stockholders_equity"": {""filed_date"": ""2026-08-04"", ""form_type"": ""10-Q""}, ""operating_cash_flow"": {""filed_date"": ""2026-08-04"", ""form_type"": ""10-Q""}, ""capex"": {""filed_date"": ""2026-08-04"", ""form_type"": ""10-Q""}, ""total_debt"": {""filed_date"": ""2026-08-04"", ""form_type"": ""10-Q""}, ""shares_outstanding"": {""filed_date"": ""2026-08-04"", ""form_type"": ""10-Q""}}",351
EXR,Extra Space Storage Inc.,0.024419256638065722,0.029303107965678865,5,,0.02300706073920184,2,5,0,10,4,0.6220547122580958,0.6220547122580958,2.1335519221009895,147.9,31246766338.71295,949671250.0,0.0,1730179000.0,504448000.0,759737000.0,Real Estate,0.05,2026-08-17T07:16:15.729423,True,True,2026-08-17T07:04:15.149357,"{""revenue"": {""filed_date"": ""2026-07-31"", ""form_type"": ""10-Q""}, ""operating_income"": {""filed_date"": ""2026-07-31"", ""form_type"": ""10-Q""}, ""net_income"": {""filed_date"": ""2026-07-31"", ""form_type"": ""10-Q""}, ""total_assets"": {""filed_date"": ""2026-07-31"", ""form_type"": ""10-Q""}, ""long_term_debt"": {""filed_date"": ""2018-11-06"", ""form_type"": ""10-Q""}, ""cash_and_equivalents"": {""filed_date"": ""2026-07-31"", ""form_type"": ""10-Q""}, ""ppe"": {""filed_date"": ""2026-07-31"", ""form_type"": ""10-Q""}, ""stockholders_equity"": {""filed_date"": ""2026-07-31"", ""form_type"": ""10-Q""}, ""operating_cash_flow"": {""filed_date"": ""2026-07-31"", ""form_type"": ""10-Q""}, ""total_debt"": {""filed_date"": ""2018-11-06"", ""form_type"": ""10-Q""}, ""shares_outstanding"": {""filed_date"": ""2026-07-31"", ""form_type"": ""10-Q""}}",352
OLED,Universal Display Corporation,0.024301403752886464,0.09263861340467734,5,,-0.24516264538488186,1,5,0,10,3,0.4547199423850419,0.4547199423850419,1.5689135811151353,88.92,4087370884.0322113,120498750.0,0.0,294368000.0,85317000.0,96399000.0,Information Technology,0.01,2026-08-17T07:16:15.743138,True,True,2026-08-17T07:04:15.149357,"{""revenue"": {""filed_date"": ""2026-07-30"", ""form_type"": ""10-Q""}, ""operating_income"": {""filed_date"": ""2026-07-30"", ""form_type"": ""10-Q""}, ""net_income"": {""filed_date"": ""2026-07-30"", ""form_type"": ""10-Q""}, ""total_assets"": {""filed_date"": ""2026-07-30"", ""form_type"": ""10-Q""}, ""current_assets"": {""filed_date"": ""2026-07-30"", ""form_type"": ""10-Q""}, ""current_liabilities"": {""filed_date"": ""2026-07-30"", ""form_type"": ""10-Q""}, ""cash_and_equivalents"": {""filed_date"": ""2026-07-30"", ""form_type"": ""10-Q""}, ""ppe"": {""filed_date"": ""2026-07-30"", ""form_type"": ""10-Q""}, ""stockholders_equity"": {""filed_date"": ""2026-07-30"", ""form_type"": ""10-Q""}, ""operating_cash_flow"": {""filed_date"": ""2026-07-30"", ""form_type"": ""10-Q""}, ""capex"": {""filed_date"": ""2026-07-30"", ""form_type"": ""10-Q""}, ""shares_outstanding"": {""filed_date"": ""2026-07-30"", ""form_type"": ""10-Q""}}",353
FIS,"Fidelity National Information Services, Inc.",0.02423177132856653,0.0,5,,-0.07863357750308113,1,5,0,10,3,0.6498276120521661,0.6498276120521661,1.6685912240184757,42.92,22134097013.354263,1161250000.0,0.0,6671000000.0,2598000000.0,929000000.0,Financials,0.06,2026-08-17T07:16:15.728399,True,True,2026-08-17T07:04:15.149357,"{""revenue"": {""filed_date"": ""2026-08-04"", ""form_type"": ""10-Q""}, ""operating_income"": {""filed_date"": ""2026-08-04"", ""form_type"": ""10-Q""}, ""net_income"": {""filed_date"": ""2026-08-04"", ""form_type"": ""10-Q""}, ""total_assets"": {""filed_date"": ""2026-08-04"", ""form_type"": ""10-Q""}, ""current_assets"": {""filed_date"": ""2026-08-04"", ""form_type"": ""10-Q""}, ""current_liabilities"": {""filed_date"": ""2026-08-04"", ""form_type"": ""10-Q""}, ""long_term_debt"": {""filed_date"": ""2026-08-04"", ""form_type"": ""10-Q""}, ""cash_and_equivalents"": {""filed_date"": ""2026-08-04"", ""form_type"": ""10-Q""}, ""ppe"": {""filed_date"": ""2026-08-04"", ""form_type"": ""10-Q""}, ""stockholders_equity"": {""filed_date"": ""2026-08-04"", ""form_type"": ""10-Q""}, ""operating_cash_flow"": {""filed_date"": ""2024-02-26"", ""form_type"": ""10-K""}, ""capex"": {""filed_date"": ""2026-08-04"", ""form_type"": ""10-Q""}, ""total_debt"": {""filed_date"": ""2026-08-04"", ""form_type"": ""10-Q""}, ""shares_outstanding"": {""filed_date"": ""2026-08-04"", ""form_type"": ""10-Q""}}",354
CTAS,Cintas Corporation,0.024215037545687833,0.5519652881501478,5,,0.029048850875487836,2,5,1,10,4,0.9676410732632578,0.9676410732632578,1.0525171946682927,199.52,79841832520.42882,2416846250.0,0.0,1619584000.0,1488979000.0,1933477000.0,Industrials,0.12,2026-08-17T07:16:15.725190,True,True,2026-08-17T07:04:15.149357,"{""revenue"": {""filed_date"": ""2020-07-29"", ""form_type"": ""10-K""}, ""operating_income"": {""filed_date"": ""2026-04-07"", ""form_type"": ""10-Q""}, ""net_income"": {""filed_date"": ""2026-04-07"", ""form_type"": ""10-Q""}, ""total_assets"": {""filed_date"": ""2026-04-07"", ""form_type"": ""10-Q""}, ""current_assets"": {""filed_date"": ""2026-04-07"", ""form_type"": ""10-Q""}, ""current_liabilities"": {""filed_date"": ""2026-04-07"", ""form_type"": ""10-Q""}, ""long_term_debt"": {""filed_date"": ""2026-04-07"", ""form_type"": ""10-Q""}, ""cash_and_equivalents"": {""filed_date"": ""2026-04-07"", ""form_type"": ""10-Q""}, ""ppe"": {""filed_date"": ""2026-04-07"", ""form_type"": ""10-Q""}, ""stockholders_equity"": {""filed_date"": ""2026-04-07"", ""form_type"": ""10-Q""}, ""operating_cash_flow"": {""filed_date"": ""2026-04-07"", ""form_type"": ""10-Q""}, ""capex"": {""filed_date"": ""2026-04-07"", ""form_type"": ""10-Q""}, ""total_debt"": {""filed_date"": ""2018-04-06"", ""form_type"": ""10-Q""}, ""shares_outstanding"": {""filed_date"": ""2026-04-07"", ""form_type"": ""10-Q""}}",355
NFLX,"Netflix, Inc.",0.024190703126033414,1.9793796980656764,4,,0.015064982624797078,2,4,2,9,4,0.28351888243688605,0.28351888243688605,0.8099782305922073,78.16,325453540324.9625,10187008750.0,0.0,24809695000.0,8684205000.0,8149607000.0,Communication,0.85,2026-08-17T07:16:15.721598,True,True,2026-08-17T07:04:15.149357,"{""revenue"": {""filed_date"": ""2026-07-17"", ""form_type"": ""10-Q""}, ""operating_income"": {""filed_date"": ""2026-07-17"", ""form_type"": ""10-Q""}, ""net_income"": {""filed_date"": ""2026-07-17"", ""form_type"": ""10-Q""}, ""total_assets"": {""filed_date"": ""2026-07-17"", ""form_type"": ""10-Q""}, ""current_assets"": {""filed_date"": ""2026-07-17"", ""form_type"": ""10-Q""}, ""current_liabilities"": {""filed_date"": ""2026-07-17"", ""form_type"": ""10-Q""}, ""long_term_debt"": {""filed_date"": ""2021-10-21"", ""form_type"": ""10-Q""}, ""cash_and_equivalents"": {""filed_date"": ""2026-07-17"", ""form_type"": ""10-Q""}, ""ppe"": {""filed_date"": ""2026-07-17"", ""form_type"": ""10-Q""}, ""stockholders_equity"": {""filed_date"": ""2026-07-17"", ""form_type"": ""10-Q""}, ""operating_cash_flow"": {""filed_date"": ""2026-07-17"", ""form_type"": ""10-Q""}, ""capex"": {""filed_date"": ""2026-07-17"", ""form_type"": ""10-Q""}, ""total_debt"": {""filed_date"": ""2021-10-21"", ""form_type"": ""10-Q""}, ""shares_outstanding"": {""filed_date"": ""2026-07-17"", ""form_type"": ""10-Q""}}",356
REGN,"Regeneron Pharmaceuticals, Inc.",0.02412464330179948,0.1165130328046403,4,,0.015271001724559584,2,4,1,8,4,1.2516829475648121,1.2516829475648121,0.9346870213922237,803.48,82722271747.40039,2420500000.0,0.0,1511485000.0,2024100000.0,1936400000.0,Health Care,0.1,2026-08-17T07:16:15.725823,True,True,2026-08-17T07:04:15.149357,"{""revenue"": {""filed_date"": ""2018-05-03"", ""form_type"": ""10-Q""}, ""operating_income"": {""filed_date"": ""2026-07-30"", ""form_type"": ""10-Q""}, ""net_income"": {""filed_date"": ""2026-07-30"", ""form_type"": ""10-Q""}, ""total_assets"": {""filed_date"": ""2026-07-30"", ""form_type"": ""10-Q""}, ""current_assets"": {""filed_date"": ""2026-07-30"", ""form_type"": ""10-Q""}, ""current_liabilities"": {""filed_date"": ""2026-07-30"", ""form_type"": ""10-Q""}, ""long_term_debt"": {""filed_date"": ""2026-07-30"", ""form_type"": ""10-Q""}, ""cash_and_equivalents"": {""filed_date"": ""2026-07-30"", ""form_type"": ""10-Q""}, ""ppe"": {""filed_date"": ""2022-11-03"", ""form_type"": ""10-Q""}, ""stockholders_equity"": {""filed_date"": ""2026-07-30"", ""form_type"": ""10-Q""}, ""operating_cash_flow"": {""filed_date"": ""2026-07-30"", ""form_type"": ""10-Q""}, ""shares_outstanding"": {""filed_date"": ""2012-10-24"", ""form_type"": ""10-Q""}}",357
PODD,Insulet Corporation,0.02402114632298116,0.14756211908110642,4,,-0.4181213019858973,1,5,0,9,3,0.12933350390175258,0.12933350390175258,1.0865126276195594,143.34,9941230630.677338,314750000.0,0.0,1563400000.0,186100000.0,251800000.0,Health Care,0.04,2026-08-17T07:16:15.731102,True,True,2026-08-17T07:04:15.149357,"{""revenue"": {""filed_date"": ""2026-08-05"", ""form_type"": ""10-Q""}, ""operating_income"": {""filed_date"": ""2026-08-05"", ""form_type"": ""10-Q""}, ""net_income"": {""filed_date"": ""2026-08-05"", ""form_type"": ""10-Q""}, ""total_assets"": {""filed_date"": ""2026-08-05"", ""form_type"": ""10-Q""}, ""current_assets"": {""filed_date"": ""2026-08-05"", ""form_type"": ""10-Q""}, ""current_liabilities"": {""filed_date"": ""2026-08-05"", ""form_type"": ""10-Q""}, ""long_term_debt"": {""filed_date"": ""2023-08-09"", ""form_type"": ""10-Q""}, ""cash_and_equivalents"": {""filed_date"": ""2021-11-05"", ""form_type"": ""10-Q""}, ""ppe"": {""filed_date"": ""2023-08-09"", ""form_type"": ""10-Q""}, ""stockholders_equity"": {""filed_date"": ""2026-08-05"", ""form_type"": ""10-Q""}, ""operating_cash_flow"": {""filed_date"": ""2026-08-05"", ""form_type"": ""10-Q""}, ""capex"": {""filed_date"": ""2026-08-05"", ""form_type"": ""10-Q""}, ""total_debt"": {""filed_date"": ""2023-08-09"", ""form_type"": ""10-Q""}, ""shares_outstanding"": {""filed_date"": ""2026-02-18"", ""form_type"": ""10-K""}}",358
GXO,"GXO Logistics, Inc.",0.023892595380617453,0.02867111445674094,6,,-0.2567319250703816,1,3,0,8,3,0.0158777266656774,0.0158777266656774,3.689655172413793,48.58,5589060664.280258,145000000.0,0.0,6739000000.0,29000000.0,116000000.0,Industrials,0.01,2026-08-17T07:16:15.743007,True,True,2026-08-17T07:04:15.149357,"{""revenue"": {""filed_date"": ""2026-08-05"", ""form_type"": ""10-Q""}, ""operating_income"": {""filed_date"": ""2026-08-05"", ""form_type"": ""10-Q""}, ""net_income"": {""filed_date"": ""2026-08-05"", ""form_type"": ""10-Q""}, ""total_assets"": {""filed_date"": ""2026-08-05"", ""form_type"": ""10-Q""}, ""current_assets"": {""filed_date"": ""2026-08-05"", ""form_type"": ""10-Q""}, ""current_liabilities"": {""filed_date"": ""2026-08-05"", ""form_type"": ""10-Q""}, ""long_term_debt"": {""filed_date"": ""2023-08-03"", ""form_type"": ""10-Q""}, ""cash_and_equivalents"": {""filed_date"": ""2026-08-05"", ""form_type"": ""10-Q""}, ""stockholders_equity"": {""filed_date"": ""2026-08-05"", ""form_type"": ""10-Q""}, ""operating_cash_flow"": {""filed_date"": ""2026-08-05"", ""form_type"": ""10-Q""}, ""capex"": {""filed_date"": ""2026-08-05"", ""form_type"": ""10-Q""}, ""total_debt"": {""filed_date"": ""2023-08-03"", ""form_type"": ""10-Q""}, ""shares_outstanding"": {""filed_date"": ""2026-08-05"", ""form_type"": ""10-Q""}}",359
ROP,"Roper Technologies, Inc.",0.02383382208010194,0.0,4,,0.27202512015663743,3,4,0,8,4,0.2525093953665382,0.2525093953665382,0.6328842255872184,399.34,39495074660.97418,1442875000.0,0.0,4204200000.0,1677400000.0,1154300000.0,Information Technology,0.1,2026-08-17T07:16:15.725956,True,True,2026-08-17T07:04:15.149357,"{""revenue"": {""filed_date"": ""2026-07-31"", ""form_type"": ""10-Q""}, ""operating_income"": {""filed_date"": ""2026-07-31"", ""form_type"": ""10-Q""}, ""net_income"": {""filed_date"": ""2026-07-31"", ""form_type"": ""10-Q""}, ""total_assets"": {""filed_date"": ""2026-07-31"", ""form_type"": ""10-Q""}, ""current_assets"": {""filed_date"": ""2026-07-31"", ""form_type"": ""10-Q""}, ""current_liabilities"": {""filed_date"": ""2026-07-31"", ""form_type"": ""10-Q""}, ""long_term_debt"": {""filed_date"": ""2026-02-24"", ""form_type"": ""10-K""}, ""cash_and_equivalents"": {""filed_date"": ""2026-07-31"", ""form_type"": ""10-Q""}, ""ppe"": {""filed_date"": ""2026-07-31"", ""form_type"": ""10-Q""}, ""stockholders_equity"": {""filed_date"": ""2026-07-31"", ""form_type"": ""10-Q""}, ""operating_cash_flow"": {""filed_date"": ""2026-07-31"", ""form_type"": ""10-Q""}, ""total_debt"": {""filed_date"": ""2026-02-24"", ""form_type"": ""10-K""}, ""shares_outstanding"": {""filed_date"": ""2026-07-31"", ""form_type"": ""10-Q""}}",360
MCO,Moody's Corporation,0.023811612821992026,1.4148094895758447,5,,0.15353101517997572,3,5,1,10,4,1.5042465633482183,1.5042465633482183,1.1163092917478883,484.96,83985848520.82202,2460000000.0,0.0,1142100000.0,1539000000.0,1968000000.0,Financials,0.13,2026-08-17T07:16:15.724851,True,True,2026-08-17T07:04:15.149357,"{""revenue"": {""filed_date"": ""2019-05-02"", ""form_type"": ""10-Q""}, ""operating_income"": {""filed_date"": ""2026-07-23"", ""form_type"": ""10-Q""}, ""net_income"": {""filed_date"": ""2026-07-23"", ""form_type"": ""10-Q""}, ""total_assets"": {""filed_date"": ""2026-07-23"", ""form_type"": ""10-Q""}, ""current_assets"": {""filed_date"": ""2026-07-23"", ""form_type"": ""10-Q""}, ""current_liabilities"": {""filed_date"": ""2026-07-23"", ""form_type"": ""10-Q""}, ""long_term_debt"": {""filed_date"": ""2026-07-23"", ""form_type"": ""10-Q""}, ""cash_and_equivalents"": {""filed_date"": ""2026-07-23"", ""form_type"": ""10-Q""}, ""ppe"": {""filed_date"": ""2026-07-23"", ""form_type"": ""10-Q""}, ""stockholders_equity"": {""filed_date"": ""2026-07-23"", ""form_type"": ""10-Q""}, ""operating_cash_flow"": {""filed_date"": ""2026-07-23"", ""form_type"": ""10-Q""}, ""capex"": {""filed_date"": ""2026-07-23"", ""form_type"": ""10-Q""}, ""total_debt"": {""filed_date"": ""2019-08-02"", ""form_type"": ""10-Q""}, ""shares_outstanding"": {""filed_date"": ""2026-07-23"", ""form_type"": ""10-Q""}}",361
VRSN,"VeriSign, Inc.",0.02373423280746301,0.0,5,,0.3228037091432047,3,5,0,10,4,0.5836711059640995,0.5836711059640995,1.1693735498839908,284.24,25695295117.1875,737375000.0,0.0,863500000.0,431000000.0,589900000.0,Information Technology,0.04,2026-08-17T07:16:15.731200,True,True,2026-08-17T07:04:15.149357,"{""revenue"": {""filed_date"": ""2026-07-23"", ""form_type"": ""10-Q""}, ""operating_income"": {""filed_date"": ""2026-07-23"", ""form_type"": ""10-Q""}, ""net_income"": {""filed_date"": ""2026-07-23"", ""form_type"": ""10-Q""}, ""total_assets"": {""filed_date"": ""2026-07-23"", ""form_type"": ""10-Q""}, ""current_assets"": {""filed_date"": ""2026-07-23"", ""form_type"": ""10-Q""}, ""current_liabilities"": {""filed_date"": ""2026-07-23"", ""form_type"": ""10-Q""}, ""long_term_debt"": {""filed_date"": ""2014-02-21"", ""form_type"": ""10-K""}, ""cash_and_equivalents"": {""filed_date"": ""2026-07-23"", ""form_type"": ""10-Q""}, ""ppe"": {""filed_date"": ""2026-07-23"", ""form_type"": ""10-Q""}, ""stockholders_equity"": {""filed_date"": ""2026-07-23"", ""form_type"": ""10-Q""}, ""operating_cash_flow"": {""filed_date"": ""2026-07-23"", ""form_type"": ""10-Q""}, ""capex"": {""filed_date"": ""2026-07-23"", ""form_type"": ""10-Q""}, ""total_debt"": {""filed_date"": ""2014-02-21"", ""form_type"": ""10-K""}, ""shares_outstanding"": {""filed_date"": ""2026-07-23"", ""form_type"": ""10-Q""}}",362
WHR,Whirlpool Corporation,0.0237305524572582,0.060799462546187434,3,,-0.5194256255236738,1,0,0,2,0,-0.19283241702300957,,-157.83333333333334,41.37,2697298198.219551,226250000.0,0.0,4911000000.0,6000000.0,181000000.0,Consumer Discretionary,0.01,2026-08-17T07:16:15.745292,True,True,2026-08-17T07:04:15.149357,"{""revenue"": {""filed_date"": ""2018-04-24"", ""form_type"": ""10-Q""}, ""operating_income"": {""filed_date"": ""2026-08-04"", ""form_type"": ""10-Q""}, ""net_income"": {""filed_date"": ""2026-08-04"", ""form_type"": ""10-Q""}, ""total_assets"": {""filed_date"": ""2026-08-04"", ""form_type"": ""10-Q""}, ""current_assets"": {""filed_date"": ""2026-08-04"", ""form_type"": ""10-Q""}, ""current_liabilities"": {""filed_date"": ""2026-08-04"", ""form_type"": ""10-Q""}, ""long_term_debt"": {""filed_date"": ""2026-02-11"", ""form_type"": ""10-K""}, ""cash_and_equivalents"": {""filed_date"": ""2026-08-04"", ""form_type"": ""10-Q""}, ""ppe"": {""filed_date"": ""2026-08-04"", ""form_type"": ""10-Q""}, ""stockholders_equity"": {""filed_date"": ""2026-08-04"", ""form_type"": ""10-Q""}, ""operating_cash_flow"": {""filed_date"": ""2026-08-04"", ""form_type"": ""10-Q""}, ""capex"": {""filed_date"": ""2026-08-04"", ""form_type"": ""10-Q""}, ""total_debt"": {""filed_date"": ""2026-02-11"", ""form_type"": ""10-K""}, ""shares_outstanding"": {""filed_date"": ""2026-08-04"", ""form_type"": ""10-Q""}}",363
CCL,Carnival Corporation Ltd.,0.023576387855151187,0.04204879736978716,4,,-0.12973033821148616,1,5,1,10,3,0.2061861130236746,0.2061861130236746,4.896855345911949,28.12,38514534375.73528,1822500000.0,0.0,18881000000.0,795000000.0,1458000000.0,Consumer Discretionary,0.06,2026-08-17T07:16:15.728892,True,True,2026-08-17T07:04:15.149357,"{""revenue"": {""filed_date"": ""2019-01-28"", ""form_type"": ""10-K""}, ""operating_income"": {""filed_date"": ""2026-06-26"", ""form_type"": ""10-Q""}, ""net_income"": {""filed_date"": ""2026-06-26"", ""form_type"": ""10-Q""}, ""total_assets"": {""filed_date"": ""2026-06-26"", ""form_type"": ""10-Q""}, ""current_assets"": {""filed_date"": ""2026-06-26"", ""form_type"": ""10-Q""}, ""current_liabilities"": {""filed_date"": ""2026-06-26"", ""form_type"": ""10-Q""}, ""long_term_debt"": {""filed_date"": ""2026-06-26"", ""form_type"": ""10-Q""}, ""cash_and_equivalents"": {""filed_date"": ""2026-06-26"", ""form_type"": ""10-Q""}, ""ppe"": {""filed_date"": ""2026-06-26"", ""form_type"": ""10-Q""}, ""stockholders_equity"": {""filed_date"": ""2026-06-26"", ""form_type"": ""10-Q""}, ""operating_cash_flow"": {""filed_date"": ""2026-06-26"", ""form_type"": ""10-Q""}, ""capex"": {""filed_date"": ""2026-06-26"", ""form_type"": ""10-Q""}, ""total_debt"": {""filed_date"": ""2026-06-26"", ""form_type"": ""10-Q""}, ""shares_outstanding"": {""filed_date"": ""2026-06-26"", ""form_type"": ""10-Q""}}",364
ORLY,"O'Reilly Automotive, Inc.",0.02357332586528099,0.43766830020001424,6,,-0.016738611748427386,1,5,1,10,4,0.21575252905247175,0.21575252905247175,1.545893295028596,91.05,73655882580.35242,2284192500.0,0.0,9452552000.0,1319245000.0,1827354000.0,Consumer Discretionary,0.15,2026-08-17T07:16:15.724598,True,True,2026-08-17T07:04:15.149357,"{""revenue"": {""filed_date"": ""2026-08-07"", ""form_type"": ""10-Q""}, ""operating_income"": {""filed_date"": ""2026-08-07"", ""form_type"": ""10-Q""}, ""net_income"": {""filed_date"": ""2026-08-07"", ""form_type"": ""10-Q""}, ""total_assets"": {""filed_date"": ""2026-08-07"", ""form_type"": ""10-Q""}, ""current_assets"": {""filed_date"": ""2026-08-07"", ""form_type"": ""10-Q""}, ""current_liabilities"": {""filed_date"": ""2026-08-07"", ""form_type"": ""10-Q""}, ""long_term_debt"": {""filed_date"": ""2021-05-07"", ""form_type"": ""10-Q""}, ""cash_and_equivalents"": {""filed_date"": ""2026-08-07"", ""form_type"": ""10-Q""}, ""ppe"": {""filed_date"": ""2026-08-07"", ""form_type"": ""10-Q""}, ""stockholders_equity"": {""filed_date"": ""2026-08-07"", ""form_type"": ""10-Q""}, ""operating_cash_flow"": {""filed_date"": ""2026-08-07"", ""form_type"": ""10-Q""}, ""capex"": {""filed_date"": ""2026-08-07"", ""form_type"": ""10-Q""}, ""total_debt"": {""filed_date"": ""2021-05-07"", ""form_type"": ""10-Q""}, ""shares_outstanding"": {""filed_date"": ""2026-08-07"", ""form_type"": ""10-Q""}}",365
UBER,"Uber Technologies, Inc.",0.02339472849838682,0.0,5,,0.07684670725581069,2,5,2,10,4,0.19029714536029788,0.19029714536029788,1.9619872036130974,75.95,155132434956.5512,4766250000.0,0.0,27394000000.0,2657000000.0,3813000000.0,Industrials,0.33,2026-08-17T07:16:15.722505,True,True,2026-08-17T07:04:15.149357,"{""revenue"": {""filed_date"": ""2026-08-05"", ""form_type"": ""10-Q""}, ""operating_income"": {""filed_date"": ""2026-08-05"", ""form_type"": ""10-Q""}, ""net_income"": {""filed_date"": ""2026-08-05"", ""form_type"": ""10-Q""}, ""total_assets"": {""filed_date"": ""2026-08-05"", ""form_type"": ""10-Q""}, ""current_assets"": {""filed_date"": ""2026-08-05"", ""form_type"": ""10-Q""}, ""current_liabilities"": {""filed_date"": ""2026-08-05"", ""form_type"": ""10-Q""}, ""long_term_debt"": {""filed_date"": ""2026-08-05"", ""form_type"": ""10-Q""}, ""cash_and_equivalents"": {""filed_date"": ""2026-08-05"", ""form_type"": ""10-Q""}, ""ppe"": {""filed_date"": ""2024-10-31"", ""form_type"": ""10-Q""}, ""stockholders_equity"": {""filed_date"": ""2026-08-05"", ""form_type"": ""10-Q""}, ""operating_cash_flow"": {""filed_date"": ""2026-08-05"", ""form_type"": ""10-Q""}, ""capex"": {""filed_date"": ""2026-08-05"", ""form_type"": ""10-Q""}, ""total_debt"": {""filed_date"": ""2026-08-05"", ""form_type"": ""10-Q""}, ""shares_outstanding"": {""filed_date"": ""2026-08-05"", ""form_type"": ""10-Q""}}",366
PRMB,Primo Brands Corporation,0.023333023368085466,0.02799962804170256,2,,0.36543198811908123,3,0,0,1,1,0.0,,0.0,24.7,8940009789.641132,397875000.0,0.0,3422300000.0,96500000.0,318300000.0,Consumer Staples,0.01,2026-08-17T07:16:15.743191,True,True,2026-08-17T07:04:15.149357,"{""revenue"": {""filed_date"": ""2026-08-05"", ""form_type"": ""10-Q""}, ""operating_income"": {""filed_date"": ""2026-08-05"", ""form_type"": ""10-Q""}, ""net_income"": {""filed_date"": ""2026-08-05"", ""form_type"": ""10-Q""}, ""total_assets"": {""filed_date"": ""2026-08-05"", ""form_type"": ""10-Q""}, ""current_assets"": {""filed_date"": ""2026-08-05"", ""form_type"": ""10-Q""}, ""current_liabilities"": {""filed_date"": ""2026-08-05"", ""form_type"": ""10-Q""}, ""long_term_debt"": {""filed_date"": ""2026-02-27"", ""form_type"": ""10-K""}, ""cash_and_equivalents"": {""filed_date"": ""2026-02-27"", ""form_type"": ""10-K""}, ""stockholders_equity"": {""filed_date"": ""2026-08-05"", ""form_type"": ""10-Q""}, ""operating_cash_flow"": {""filed_date"": ""2024-12-17"", ""form_type"": ""10-Q""}, ""capex"": {""filed_date"": ""2026-08-05"", ""form_type"": ""10-Q""}, ""total_debt"": {""filed_date"": ""2026-02-27"", ""form_type"": ""10-K""}, ""shares_outstanding"": {""filed_date"": ""2026-08-05"", ""form_type"": ""10-Q""}}",367
BDX,"Becton, Dickinson and Company",0.023313466947878857,0.2542548775425488,5,,0.04787725837419812,2,3,1,8,3,0.04632306282168794,0.04632306282168794,1.4632516703786191,183.4,49955737457.48291,1531250000.0,0.0,14183000000.0,449000000.0,1225000000.0,Health Care,0.1,2026-08-17T07:16:15.726077,True,True,2026-08-17T07:04:15.149357,"{""revenue"": {""filed_date"": ""2026-08-06"", ""form_type"": ""10-Q""}, ""operating_income"": {""filed_date"": ""2026-08-06"", ""form_type"": ""10-Q""}, ""net_income"": {""filed_date"": ""2026-08-06"", ""form_type"": ""10-Q""}, ""total_assets"": {""filed_date"": ""2026-08-06"", ""form_type"": ""10-Q""}, ""current_assets"": {""filed_date"": ""2026-08-06"", ""form_type"": ""10-Q""}, ""current_liabilities"": {""filed_date"": ""2026-08-06"", ""form_type"": ""10-Q""}, ""long_term_debt"": {""filed_date"": ""2026-08-06"", ""form_type"": ""10-Q""}, ""cash_and_equivalents"": {""filed_date"": ""2026-08-06"", ""form_type"": ""10-Q""}, ""ppe"": {""filed_date"": ""2026-08-06"", ""form_type"": ""10-Q""}, ""stockholders_equity"": {""filed_date"": ""2026-08-06"", ""form_type"": ""10-Q""}, ""operating_cash_flow"": {""filed_date"": ""2026-02-09"", ""form_type"": ""10-Q""}, ""capex"": {""filed_date"": ""2026-08-06"", ""form_type"": ""10-Q""}, ""total_debt"": {""filed_date"": ""2026-08-06"", ""form_type"": ""10-Q""}, ""shares_outstanding"": {""filed_date"": ""2026-08-06"", ""form_type"": ""10-Q""}}",368
XYL,Xylem Inc.,0.023309936123448477,0.22347550229115262,4,,-0.059474135938501,1,2,0,5,2,0.08921766420085182,0.08921766420085182,0.8728070175438597,119.68,27943701731.41452,792500000.0,0.0,4461000000.0,456000000.0,634000000.0,Industrials,0.06,2026-08-17T07:16:15.728733,True,True,2026-08-17T07:04:15.149357,"{""revenue"": {""filed_date"": ""2026-07-28"", ""form_type"": ""10-Q""}, ""operating_income"": {""filed_date"": ""2026-07-28"", ""form_type"": ""10-Q""}, ""net_income"": {""filed_date"": ""2026-07-28"", ""form_type"": ""10-Q""}, ""total_assets"": {""filed_date"": ""2026-07-28"", ""form_type"": ""10-Q""}, ""current_assets"": {""filed_date"": ""2026-07-28"", ""form_type"": ""10-Q""}, ""current_liabilities"": {""filed_date"": ""2026-07-28"", ""form_type"": ""10-Q""}, ""long_term_debt"": {""filed_date"": ""2026-07-28"", ""form_type"": ""10-Q""}, ""cash_and_equivalents"": {""filed_date"": ""2026-07-28"", ""form_type"": ""10-Q""}, ""ppe"": {""filed_date"": ""2026-07-28"", ""form_type"": ""10-Q""}, ""stockholders_equity"": {""filed_date"": ""2026-07-28"", ""form_type"": ""10-Q""}, ""operating_cash_flow"": {""filed_date"": ""2026-07-28"", ""form_type"": ""10-Q""}, ""total_debt"": {""filed_date"": ""2026-07-28"", ""form_type"": ""10-Q""}, ""shares_outstanding"": {""filed_date"": ""2026-02-25"", ""form_type"": ""10-K""}}",369
WING,Wingstop Inc.,0.023191000938027714,0.3607281943500031,5,,-0.4957207588799942,1,5,0,10,3,0.1849527064169255,0.1849527064169255,1.1165584999427833,126.12,3435829976.3438873,131298750.0,0.0,369289000.0,61171000.0,105039000.0,Consumer Discretionary,0.02,2026-08-17T07:16:15.738203,True,True,2026-08-17T07:04:15.149357,"{""revenue"": {""filed_date"": ""2026-07-29"", ""form_type"": ""10-Q""}, ""operating_income"": {""filed_date"": ""2026-07-29"", ""form_type"": ""10-Q""}, ""net_income"": {""filed_date"": ""2026-07-29"", ""form_type"": ""10-Q""}, ""total_assets"": {""filed_date"": ""2026-07-29"", ""form_type"": ""10-Q""}, ""current_assets"": {""filed_date"": ""2026-07-29"", ""form_type"": ""10-Q""}, ""current_liabilities"": {""filed_date"": ""2026-07-29"", ""form_type"": ""10-Q""}, ""long_term_debt"": {""filed_date"": ""2026-02-18"", ""form_type"": ""10-K""}, ""cash_and_equivalents"": {""filed_date"": ""2026-07-29"", ""form_type"": ""10-Q""}, ""ppe"": {""filed_date"": ""2026-07-29"", ""form_type"": ""10-Q""}, ""stockholders_equity"": {""filed_date"": ""2026-07-29"", ""form_type"": ""10-Q""}, ""operating_cash_flow"": {""filed_date"": ""2026-07-29"", ""form_type"": ""10-Q""}, ""capex"": {""filed_date"": ""2026-07-29"", ""form_type"": ""10-Q""}, ""total_debt"": {""filed_date"": ""2026-02-18"", ""form_type"": ""10-K""}, ""shares_outstanding"": {""filed_date"": ""2026-07-29"", ""form_type"": ""10-Q""}}",370
GNRC,Generac Holdings Inc.,0.023152499745307333,0.1556222677874575,5,,-0.06065280242822974,1,4,0,8,3,0.10770688014331299,0.10770688014331299,1.1108514205739572,219.3,12939936812.77092,409655000.0,0.0,2232875000.0,216497000.0,327724000.0,Industrials,0.02,2026-08-17T07:16:15.736330,True,True,2026-08-17T07:04:15.149357,"{""revenue"": {""filed_date"": ""2026-08-04"", ""form_type"": ""10-Q""}, ""operating_income"": {""filed_date"": ""2026-08-04"", ""form_type"": ""10-Q""}, ""net_income"": {""filed_date"": ""2026-08-04"", ""form_type"": ""10-Q""}, ""total_assets"": {""filed_date"": ""2026-08-04"", ""form_type"": ""10-Q""}, ""current_assets"": {""filed_date"": ""2026-08-04"", ""form_type"": ""10-Q""}, ""current_liabilities"": {""filed_date"": ""2026-08-04"", ""form_type"": ""10-Q""}, ""long_term_debt"": {""filed_date"": ""2023-11-07"", ""form_type"": ""10-Q""}, ""cash_and_equivalents"": {""filed_date"": ""2026-08-04"", ""form_type"": ""10-Q""}, ""ppe"": {""filed_date"": ""2026-08-04"", ""form_type"": ""10-Q""}, ""stockholders_equity"": {""filed_date"": ""2026-08-04"", ""form_type"": ""10-Q""}, ""operating_cash_flow"": {""filed_date"": ""2026-08-04"", ""form_type"": ""10-Q""}, ""capex"": {""filed_date"": ""2026-08-04"", ""form_type"": ""10-Q""}, ""total_debt"": {""filed_date"": ""2023-11-07"", ""form_type"": ""10-Q""}, ""shares_outstanding"": {""filed_date"": ""2013-03-13"", ""form_type"": ""10-K""}}",371
SAIC,Science Applications International Corporation,0.023148664706847562,0.6556776556776557,4,,0.49787639529998706,3,3,0,7,3,0.06663168940188877,0.06663168940188877,1.1043478260869566,126.68,5355627443.821861,223750000.0,0.0,1906000000.0,115000000.0,179000000.0,Industrials,0.01,2026-08-17T07:16:15.744502,True,True,2026-08-17T07:04:15.149357,"{""revenue"": {""filed_date"": ""2026-06-01"", ""form_type"": ""10-Q""}, ""operating_income"": {""filed_date"": ""2026-06-01"", ""form_type"": ""10-Q""}, ""net_income"": {""filed_date"": ""2026-06-01"", ""form_type"": ""10-Q""}, ""total_assets"": {""filed_date"": ""2026-06-01"", ""form_type"": ""10-Q""}, ""current_assets"": {""filed_date"": ""2026-06-01"", ""form_type"": ""10-Q""}, ""current_liabilities"": {""filed_date"": ""2026-06-01"", ""form_type"": ""10-Q""}, ""long_term_debt"": {""filed_date"": ""2026-06-01"", ""form_type"": ""10-Q""}, ""cash_and_equivalents"": {""filed_date"": ""2026-06-01"", ""form_type"": ""10-Q""}, ""ppe"": {""filed_date"": ""2026-06-01"", ""form_type"": ""10-Q""}, ""stockholders_equity"": {""filed_date"": ""2026-06-01"", ""form_type"": ""10-Q""}, ""operating_cash_flow"": {""filed_date"": ""2026-06-01"", ""form_type"": ""10-Q""}, ""capex"": {""filed_date"": ""2026-06-01"", ""form_type"": ""10-Q""}, ""total_debt"": {""filed_date"": ""2026-06-01"", ""form_type"": ""10-Q""}, ""shares_outstanding"": {""filed_date"": ""2026-06-01"", ""form_type"": ""10-Q""}}",372
HII,"Huntington Ingalls Industries, Inc.",0.02308916523864197,0.08272892112420671,4,,-0.2098369056255407,1,0,0,3,1,-0.06460027620070585,,-1.1792717086834734,327.71,12913280473.870789,456250000.0,0.0,6517000000.0,357000000.0,365000000.0,Industrials,0.02,2026-08-17T07:16:15.737101,True,True,2026-08-17T07:04:15.149357,"{""revenue"": {""filed_date"": ""2026-07-30"", ""form_type"": ""10-Q""}, ""operating_income"": {""filed_date"": ""2026-07-30"", ""form_type"": ""10-Q""}, ""net_income"": {""filed_date"": ""2026-07-30"", ""form_type"": ""10-Q""}, ""total_assets"": {""filed_date"": ""2026-07-30"", ""form_type"": ""10-Q""}, ""current_assets"": {""filed_date"": ""2026-07-30"", ""form_type"": ""10-Q""}, ""current_liabilities"": {""filed_date"": ""2026-07-30"", ""form_type"": ""10-Q""}, ""long_term_debt"": {""filed_date"": ""2023-02-09"", ""form_type"": ""10-K""}, ""cash_and_equivalents"": {""filed_date"": ""2024-05-02"", ""form_type"": ""10-Q""}, ""ppe"": {""filed_date"": ""2026-07-30"", ""form_type"": ""10-Q""}, ""stockholders_equity"": {""filed_date"": ""2026-02-05"", ""form_type"": ""10-K""}, ""operating_cash_flow"": {""filed_date"": ""2026-07-30"", ""form_type"": ""10-Q""}, ""capex"": {""filed_date"": ""2026-07-30"", ""form_type"": ""10-Q""}, ""total_debt"": {""filed_date"": ""2023-02-09"", ""form_type"": ""10-K""}, ""shares_outstanding"": {""filed_date"": ""2026-07-30"", ""form_type"": ""10-Q""}}",373
CNP,"CenterPoint Energy, Inc.",0.022950378943850377,0.018726698352164384,4,,-0.032122510606932955,1,2,0,5,2,0.09478991596638656,0.09478991596638656,0.8924050632911392,40.83,26895550565.19287,822500000.0,0.0,2975000000.0,316000000.0,658000000.0,Utilities,0.04,2026-08-17T07:16:15.730574,True,True,2026-08-17T07:04:15.149357,"{""revenue"": {""filed_date"": ""2026-04-23"", ""form_type"": ""10-Q""}, ""operating_income"": {""filed_date"": ""2026-04-23"", ""form_type"": ""10-Q""}, ""net_income"": {""filed_date"": ""2026-04-23"", ""form_type"": ""10-Q""}, ""total_assets"": {""filed_date"": ""2026-04-23"", ""form_type"": ""10-Q""}, ""current_assets"": {""filed_date"": ""2026-04-23"", ""form_type"": ""10-Q""}, ""current_liabilities"": {""filed_date"": ""2026-04-23"", ""form_type"": ""10-Q""}, ""long_term_debt"": {""filed_date"": ""2026-02-19"", ""form_type"": ""10-K""}, ""cash_and_equivalents"": {""filed_date"": ""2026-04-23"", ""form_type"": ""10-Q""}, ""ppe"": {""filed_date"": ""2026-04-23"", ""form_type"": ""10-Q""}, ""stockholders_equity"": {""filed_date"": ""2026-04-23"", ""form_type"": ""10-Q""}, ""operating_cash_flow"": {""filed_date"": ""2026-04-23"", ""form_type"": ""10-Q""}, ""capex"": {""filed_date"": ""2026-04-23"", ""form_type"": ""10-Q""}, ""total_debt"": {""filed_date"": ""2026-02-19"", ""form_type"": ""10-K""}, ""shares_outstanding"": {""filed_date"": ""2026-04-23"", ""form_type"": ""10-Q""}}",374
RRX,Regal Rexnord Corporation,0.022896333802742985,0.1708790187697454,5,,-0.19600218306527728,1,3,0,7,2,0.07002412104378335,0.07002412104378335,1.0585635359116021,175.49,11686207105.63005,459750000.0,0.0,2736200000.0,181000000.0,367800000.0,Industrials,0.02,2026-08-17T07:16:15.737326,True,True,2026-08-17T07:04:15.149357,"{""revenue"": {""filed_date"": ""2015-11-12"", ""form_type"": ""10-Q""}, ""operating_income"": {""filed_date"": ""2026-08-05"", ""form_type"": ""10-Q""}, ""net_income"": {""filed_date"": ""2026-08-05"", ""form_type"": ""10-Q""}, ""total_assets"": {""filed_date"": ""2026-08-05"", ""form_type"": ""10-Q""}, ""current_assets"": {""filed_date"": ""2026-08-05"", ""form_type"": ""10-Q""}, ""current_liabilities"": {""filed_date"": ""2026-08-05"", ""form_type"": ""10-Q""}, ""long_term_debt"": {""filed_date"": ""2026-02-20"", ""form_type"": ""10-K""}, ""cash_and_equivalents"": {""filed_date"": ""2026-08-05"", ""form_type"": ""10-Q""}, ""ppe"": {""filed_date"": ""2020-05-07"", ""form_type"": ""10-Q""}, ""stockholders_equity"": {""filed_date"": ""2026-08-05"", ""form_type"": ""10-Q""}, ""operating_cash_flow"": {""filed_date"": ""2026-08-05"", ""form_type"": ""10-Q""}, ""capex"": {""filed_date"": ""2026-08-05"", ""form_type"": ""10-Q""}, ""total_debt"": {""filed_date"": ""2026-02-20"", ""form_type"": ""10-K""}, ""shares_outstanding"": {""filed_date"": ""2026-08-05"", ""form_type"": ""10-Q""}}",375
BKNG,Booking Holdings Inc.,0.022738411533146697,1.3697784235379586,4,,0.2866567252698032,3,5,2,10,4,0.5381868984787334,0.5381868984787334,1.2831236121391563,212.06,164320719246.36694,4713750000.0,0.0,12884000000.0,5404000000.0,3771000000.0,Consumer Discretionary,0.31,2026-08-17T07:16:15.722630,True,True,2026-08-17T07:04:15.149357,"{""revenue"": {""filed_date"": ""2026-08-04"", ""form_type"": ""10-Q""}, ""operating_income"": {""filed_date"": ""2026-08-04"", ""form_type"": ""10-Q""}, ""net_income"": {""filed_date"": ""2026-04-10"", ""form_type"": ""PRE 14A""}, ""total_assets"": {""filed_date"": ""2026-08-04"", ""form_type"": ""10-Q""}, ""current_assets"": {""filed_date"": ""2026-08-04"", ""form_type"": ""10-Q""}, ""current_liabilities"": {""filed_date"": ""2026-08-04"", ""form_type"": ""10-Q""}, ""long_term_debt"": {""filed_date"": ""2026-02-18"", ""form_type"": ""10-K""}, ""cash_and_equivalents"": {""filed_date"": ""2026-08-04"", ""form_type"": ""10-Q""}, ""ppe"": {""filed_date"": ""2026-08-04"", ""form_type"": ""10-Q""}, ""stockholders_equity"": {""filed_date"": ""2026-08-04"", ""form_type"": ""10-Q""}, ""operating_cash_flow"": {""filed_date"": ""2026-08-04"", ""form_type"": ""10-Q""}, ""capex"": {""filed_date"": ""2026-08-04"", ""form_type"": ""10-Q""}, ""total_debt"": {""filed_date"": ""2026-02-18"", ""form_type"": ""10-K""}, ""shares_outstanding"": {""filed_date"": ""2026-08-04"", ""form_type"": ""10-Q""}}",376
ESAB,ESAB Corporation,0.022731442839717817,0.1485152338620772,5,,-0.36293989160102197,1,3,0,7,2,0.051723383105076924,0.051723383105076924,1.0042501062526563,84.81,5269751209.570862,211505000.0,0.0,1553224000.0,79998000.0,169204000.0,Industrials,0.01,2026-08-17T07:16:15.742359,True,True,2026-08-17T07:04:15.149357,"{""revenue"": {""filed_date"": ""2026-08-06"", ""form_type"": ""10-Q""}, ""operating_income"": {""filed_date"": ""2026-08-06"", ""form_type"": ""10-Q""}, ""net_income"": {""filed_date"": ""2026-08-06"", ""form_type"": ""10-Q""}, ""total_assets"": {""filed_date"": ""2026-08-06"", ""form_type"": ""10-Q""}, ""current_assets"": {""filed_date"": ""2026-08-06"", ""form_type"": ""10-Q""}, ""current_liabilities"": {""filed_date"": ""2026-08-06"", ""form_type"": ""10-Q""}, ""long_term_debt"": {""filed_date"": ""2026-08-06"", ""form_type"": ""10-Q""}, ""cash_and_equivalents"": {""filed_date"": ""2026-08-06"", ""form_type"": ""10-Q""}, ""ppe"": {""filed_date"": ""2026-08-06"", ""form_type"": ""10-Q""}, ""stockholders_equity"": {""filed_date"": ""2026-08-06"", ""form_type"": ""10-Q""}, ""operating_cash_flow"": {""filed_date"": ""2026-08-06"", ""form_type"": ""10-Q""}, ""capex"": {""filed_date"": ""2026-08-06"", ""form_type"": ""10-Q""}, ""total_debt"": {""filed_date"": ""2026-08-06"", ""form_type"": ""10-Q""}, ""shares_outstanding"": {""filed_date"": ""2026-08-06"", ""form_type"": ""10-Q""}}",377
NBIX,"Neurocrine Biosciences, Inc.",0.022703540728531337,0.40410076157000585,4,,0.19536630140204453,3,4,0,8,4,1.6798518968278062,1.6798518968278062,0.8244230207420391,152.72,15523863046.403473,431125000.0,0.0,167991000.0,342300000.0,344900000.0,Health Care,0.02,2026-08-17T07:16:15.735127,True,True,2026-08-17T07:04:15.149357,"{""revenue"": {""filed_date"": ""2018-07-31"", ""form_type"": ""10-Q""}, ""operating_income"": {""filed_date"": ""2026-07-31"", ""form_type"": ""10-Q""}, ""net_income"": {""filed_date"": ""2026-07-31"", ""form_type"": ""10-Q""}, ""total_assets"": {""filed_date"": ""2026-07-31"", ""form_type"": ""10-Q""}, ""current_assets"": {""filed_date"": ""2026-07-31"", ""form_type"": ""10-Q""}, ""current_liabilities"": {""filed_date"": ""2026-07-31"", ""form_type"": ""10-Q""}, ""cash_and_equivalents"": {""filed_date"": ""2026-07-31"", ""form_type"": ""10-Q""}, ""ppe"": {""filed_date"": ""2026-07-31"", ""form_type"": ""10-Q""}, ""stockholders_equity"": {""filed_date"": ""2026-07-31"", ""form_type"": ""10-Q""}, ""operating_cash_flow"": {""filed_date"": ""2026-07-31"", ""form_type"": ""10-Q""}, ""capex"": {""filed_date"": ""2026-07-31"", ""form_type"": ""10-Q""}, ""shares_outstanding"": {""filed_date"": ""2026-07-31"", ""form_type"": ""10-Q""}}",378
PNC,"The PNC Financial Services Group, Inc.",0.022650630453810376,0.02718075654457245,5,,0.12873409063566413,3,5,2,10,4,0.3125,0.3125,1.0723684210526316,256.97,103190063975.2312,5348750000.0,0.0,13040000000.0,3800000000.0,4279000000.0,Financials,0.13,2026-08-17T07:16:15.724882,True,True,2026-08-17T07:04:15.149357,"{""revenue"": {""filed_date"": ""2026-08-05"", ""form_type"": ""10-Q""}, ""operating_income"": {""filed_date"": ""2024-11-01"", ""form_type"": ""10-Q""}, ""net_income"": {""filed_date"": ""2026-08-05"", ""form_type"": ""10-Q""}, ""total_assets"": {""filed_date"": ""2026-08-05"", ""form_type"": ""10-Q""}, ""long_term_debt"": {""filed_date"": ""2026-08-05"", ""form_type"": ""10-Q""}, ""ppe"": {""filed_date"": ""2026-02-20"", ""form_type"": ""10-K""}, ""stockholders_equity"": {""filed_date"": ""2026-08-05"", ""form_type"": ""10-Q""}, ""operating_cash_flow"": {""filed_date"": ""2026-08-05"", ""form_type"": ""10-Q""}, ""total_debt"": {""filed_date"": ""2026-08-05"", ""form_type"": ""10-Q""}, ""shares_outstanding"": {""filed_date"": ""2015-03-02"", ""form_type"": ""10-K""}}",379
SNDK,Sandisk Corporation,0.022365551513444496,0.6774683544303798,6,,1.7787634581123406,3,5,2,10,5,0.40281839936187186,0.40281839936187186,1.0033112582781456,1641.11,243031580582.09644,6690000000.0,0.0,11283000000.0,4530000000.0,5352000000.0,Information Technology,0.01,2026-08-17T07:16:15.743406,True,True,2026-08-17T07:04:15.149357,"{""revenue"": {""filed_date"": ""2026-05-01"", ""form_type"": ""10-Q""}, ""operating_income"": {""filed_date"": ""2026-05-01"", ""form_type"": ""10-Q""}, ""net_income"": {""filed_date"": ""2026-05-01"", ""form_type"": ""10-Q""}, ""total_assets"": {""filed_date"": ""2026-05-01"", ""form_type"": ""10-Q""}, ""current_assets"": {""filed_date"": ""2026-05-01"", ""form_type"": ""10-Q""}, ""current_liabilities"": {""filed_date"": ""2026-05-01"", ""form_type"": ""10-Q""}, ""long_term_debt"": {""filed_date"": ""2026-05-01"", ""form_type"": ""10-Q""}, ""cash_and_equivalents"": {""filed_date"": ""2026-05-01"", ""form_type"": ""10-Q""}, ""ppe"": {""filed_date"": ""2026-05-01"", ""form_type"": ""10-Q""}, ""stockholders_equity"": {""filed_date"": ""2026-05-01"", ""form_type"": ""10-Q""}, ""operating_cash_flow"": {""filed_date"": ""2026-05-01"", ""form_type"": ""10-Q""}, ""capex"": {""filed_date"": ""2026-05-01"", ""form_type"": ""10-Q""}, ""total_debt"": {""filed_date"": ""2026-05-01"", ""form_type"": ""10-Q""}, ""shares_outstanding"": {""filed_date"": ""2026-05-01"", ""form_type"": ""10-Q""}}",380
OMC,Omnicom Group Inc.,0.022348963574519598,0.0,3,,0.31493478411044834,3,0,0,2,1,-0.08861266398628842,,-1.3652517275419547,87.57,24957992496.74301,807750000.0,0.0,6242900000.0,405200000.0,646200000.0,Communication,0.03,2026-08-17T07:16:15.733799,True,True,2026-08-17T07:04:15.149357,"{""revenue"": {""filed_date"": ""2026-04-29"", ""form_type"": ""10-Q""}, ""operating_income"": {""filed_date"": ""2026-04-29"", ""form_type"": ""10-Q""}, ""net_income"": {""filed_date"": ""2026-04-29"", ""form_type"": ""10-Q""}, ""total_assets"": {""filed_date"": ""2026-04-29"", ""form_type"": ""10-Q""}, ""current_assets"": {""filed_date"": ""2026-04-29"", ""form_type"": ""10-Q""}, ""current_liabilities"": {""filed_date"": ""2026-04-29"", ""form_type"": ""10-Q""}, ""long_term_debt"": {""filed_date"": ""2026-02-20"", ""form_type"": ""10-K""}, ""cash_and_equivalents"": {""filed_date"": ""2022-02-09"", ""form_type"": ""10-K""}, ""ppe"": {""filed_date"": ""2021-10-20"", ""form_type"": ""10-Q""}, ""stockholders_equity"": {""filed_date"": ""2026-04-29"", ""form_type"": ""10-Q""}, ""operating_cash_flow"": {""filed_date"": ""2026-04-29"", ""form_type"": ""10-Q""}, ""capex"": {""filed_date"": ""2026-04-29"", ""form_type"": ""10-Q""}, ""total_debt"": {""filed_date"": ""2026-02-20"", ""form_type"": ""10-K""}, ""shares_outstanding"": {""filed_date"": ""2026-02-20"", ""form_type"": ""10-K""}}",381
BAH,Booz Allen Hamilton Holding Corporation,0.021945566675306817,0.21445042275172943,4,,0.028985464650188985,2,4,0,8,4,0.10035714285714285,0.10035714285714285,1.4191919191919191,77.46,9317273898.455818,348750000.0,0.0,2800000000.0,198000000.0,279000000.0,Industrials,0.02,2026-08-17T07:16:15.734847,True,True,2026-08-17T07:04:15.149357,"{""revenue"": {""filed_date"": ""2026-07-24"", ""form_type"": ""10-Q""}, ""operating_income"": {""filed_date"": ""2026-07-24"", ""form_type"": ""10-Q""}, ""net_income"": {""filed_date"": ""2026-07-24"", ""form_type"": ""10-Q""}, ""total_assets"": {""filed_date"": ""2026-07-24"", ""form_type"": ""10-Q""}, ""current_assets"": {""filed_date"": ""2026-07-24"", ""form_type"": ""10-Q""}, ""current_liabilities"": {""filed_date"": ""2026-07-24"", ""form_type"": ""10-Q""}, ""long_term_debt"": {""filed_date"": ""2026-07-24"", ""form_type"": ""10-Q""}, ""cash_and_equivalents"": {""filed_date"": ""2026-07-24"", ""form_type"": ""10-Q""}, ""ppe"": {""filed_date"": ""2026-07-24"", ""form_type"": ""10-Q""}, ""stockholders_equity"": {""filed_date"": ""2026-07-24"", ""form_type"": ""10-Q""}, ""operating_cash_flow"": {""filed_date"": ""2026-07-24"", ""form_type"": ""10-Q""}, ""capex"": {""filed_date"": ""2019-02-01"", ""form_type"": ""10-Q""}, ""total_debt"": {""filed_date"": ""2026-07-24"", ""form_type"": ""10-Q""}, ""shares_outstanding"": {""filed_date"": ""2026-07-24"", ""form_type"": ""10-Q""}}",382
IEX,IDEX Corporation,0.02190794855140043,0.22491391288588172,5,,0.14992596317633688,3,5,0,10,4,0.16802213001383126,0.16802213001383126,1.1529992406985574,238.94,17614632130.220215,465375000.0,0.0,1807500000.0,263400000.0,372300000.0,Industrials,0.02,2026-08-17T07:16:15.735272,True,True,2026-08-17T07:04:15.149357,"{""revenue"": {""filed_date"": ""2026-07-29"", ""form_type"": ""10-Q""}, ""operating_income"": {""filed_date"": ""2026-07-29"", ""form_type"": ""10-Q""}, ""net_income"": {""filed_date"": ""2026-07-29"", ""form_type"": ""10-Q""}, ""total_assets"": {""filed_date"": ""2026-07-29"", ""form_type"": ""10-Q""}, ""current_assets"": {""filed_date"": ""2026-07-29"", ""form_type"": ""10-Q""}, ""current_liabilities"": {""filed_date"": ""2026-07-29"", ""form_type"": ""10-Q""}, ""long_term_debt"": {""filed_date"": ""2026-07-29"", ""form_type"": ""10-Q""}, ""cash_and_equivalents"": {""filed_date"": ""2026-07-29"", ""form_type"": ""10-Q""}, ""ppe"": {""filed_date"": ""2026-07-29"", ""form_type"": ""10-Q""}, ""stockholders_equity"": {""filed_date"": ""2026-07-29"", ""form_type"": ""10-Q""}, ""operating_cash_flow"": {""filed_date"": ""2026-07-29"", ""form_type"": ""10-Q""}, ""capex"": {""filed_date"": ""2026-07-29"", ""form_type"": ""10-Q""}, ""total_debt"": {""filed_date"": ""2023-07-27"", ""form_type"": ""10-Q""}, ""shares_outstanding"": {""filed_date"": ""2026-07-29"", ""form_type"": ""10-Q""}}",383
TXT,Textron Inc.,0.021885537712533477,0.02626264525504017,4,,-0.10693629382720492,1,2,0,5,2,0.024860409465567668,0.024860409465567668,0.3995726495726496,89.0,15306835613.0,398750000.0,0.0,7522000000.0,468000000.0,319000000.0,Industrials,0.02,2026-08-17T07:16:15.734249,True,True,2026-08-17T07:04:15.149357,"{""revenue"": {""filed_date"": ""2026-07-28"", ""form_type"": ""10-Q""}, ""operating_income"": {""filed_date"": ""2011-07-29"", ""form_type"": ""10-Q""}, ""net_income"": {""filed_date"": ""2026-07-28"", ""form_type"": ""10-Q""}, ""total_assets"": {""filed_date"": ""2026-07-28"", ""form_type"": ""10-Q""}, ""cash_and_equivalents"": {""filed_date"": ""2018-07-26"", ""form_type"": ""10-Q""}, ""ppe"": {""filed_date"": ""2024-02-12"", ""form_type"": ""10-K""}, ""stockholders_equity"": {""filed_date"": ""2026-07-28"", ""form_type"": ""10-Q""}, ""operating_cash_flow"": {""filed_date"": ""2026-07-28"", ""form_type"": ""10-Q""}, ""shares_outstanding"": {""filed_date"": ""2026-07-28"", ""form_type"": ""10-Q""}}",384
CMG,"Chipotle Mexican Grill, Inc.",0.021882962492692698,0.37015456371565925,6,,-0.11562832483133208,1,5,0,10,4,0.20693546051736234,0.20693546051736234,1.8856988749538133,33.5,42391503000.0,1153322500.0,0.0,6436804000.0,706371000.0,922658000.0,Consumer Discretionary,0.1,2026-08-17T07:16:15.725924,True,True,2026-08-17T07:04:15.149357,"{""revenue"": {""filed_date"": ""2026-07-31"", ""form_type"": ""10-Q""}, ""operating_income"": {""filed_date"": ""2026-07-31"", ""form_type"": ""10-Q""}, ""net_income"": {""filed_date"": ""2026-07-31"", ""form_type"": ""10-Q""}, ""total_assets"": {""filed_date"": ""2026-07-31"", ""form_type"": ""10-Q""}, ""current_assets"": {""filed_date"": ""2026-07-31"", ""form_type"": ""10-Q""}, ""current_liabilities"": {""filed_date"": ""2026-07-31"", ""form_type"": ""10-Q""}, ""long_term_debt"": {""filed_date"": ""2026-02-04"", ""form_type"": ""10-K""}, ""cash_and_equivalents"": {""filed_date"": ""2026-07-31"", ""form_type"": ""10-Q""}, ""ppe"": {""filed_date"": ""2026-07-31"", ""form_type"": ""10-Q""}, ""stockholders_equity"": {""filed_date"": ""2026-07-31"", ""form_type"": ""10-Q""}, ""operating_cash_flow"": {""filed_date"": ""2026-07-31"", ""form_type"": ""10-Q""}, ""capex"": {""filed_date"": ""2026-07-31"", ""form_type"": ""10-Q""}, ""total_debt"": {""filed_date"": ""2026-02-04"", ""form_type"": ""10-K""}, ""shares_outstanding"": {""filed_date"": ""2026-07-31"", ""form_type"": ""10-Q""}}",385
LHX,"L3Harris Technologies, Inc.",0.021850006010940413,0.36177285318559554,4,,-0.1516693177856222,1,4,1,8,3,0.1268197994176642,0.1268197994176642,0.7050359712230215,291.82,54341150604.99658,1632500000.0,0.0,6182000000.0,1112000000.0,1306000000.0,Industrials,0.09,2026-08-17T07:16:15.726737,True,True,2026-08-17T07:04:15.149357,"{""revenue"": {""filed_date"": ""2018-08-27"", ""form_type"": ""10-K""}, ""operating_income"": {""filed_date"": ""2026-07-30"", ""form_type"": ""10-Q""}, ""net_income"": {""filed_date"": ""2026-07-30"", ""form_type"": ""10-Q""}, ""total_assets"": {""filed_date"": ""2026-07-30"", ""form_type"": ""10-Q""}, ""current_assets"": {""filed_date"": ""2026-07-30"", ""form_type"": ""10-Q""}, ""current_liabilities"": {""filed_date"": ""2026-07-30"", ""form_type"": ""10-Q""}, ""long_term_debt"": {""filed_date"": ""2020-03-03"", ""form_type"": ""10-KT""}, ""cash_and_equivalents"": {""filed_date"": ""2026-07-30"", ""form_type"": ""10-Q""}, ""ppe"": {""filed_date"": ""2021-10-29"", ""form_type"": ""10-Q""}, ""stockholders_equity"": {""filed_date"": ""2026-07-30"", ""form_type"": ""10-Q""}, ""operating_cash_flow"": {""filed_date"": ""2026-07-30"", ""form_type"": ""10-Q""}, ""capex"": {""filed_date"": ""2026-07-30"", ""form_type"": ""10-Q""}, ""total_debt"": {""filed_date"": ""2020-03-03"", ""form_type"": ""10-KT""}, ""shares_outstanding"": {""filed_date"": ""2026-07-30"", ""form_type"": ""10-Q""}}",386
CHD,"Church & Dwight Co., Inc.",0.021839661203295817,0.5557296767874633,5,,0.020528718908297564,2,5,0,10,4,0.1539025772680292,0.1539025772680292,1.1014077785731329,101.3,24028756502.988876,709250000.0,0.0,2999300000.0,419100000.0,567400000.0,Consumer Staples,0.04,2026-08-17T07:16:15.731058,True,True,2026-08-17T07:04:15.149357,"{""revenue"": {""filed_date"": ""2026-07-31"", ""form_type"": ""10-Q""}, ""operating_income"": {""filed_date"": ""2026-07-31"", ""form_type"": ""10-Q""}, ""net_income"": {""filed_date"": ""2026-07-31"", ""form_type"": ""10-Q""}, ""total_assets"": {""filed_date"": ""2026-07-31"", ""form_type"": ""10-Q""}, ""current_assets"": {""filed_date"": ""2026-07-31"", ""form_type"": ""10-Q""}, ""current_liabilities"": {""filed_date"": ""2026-07-31"", ""form_type"": ""10-Q""}, ""long_term_debt"": {""filed_date"": ""2026-07-31"", ""form_type"": ""10-Q""}, ""cash_and_equivalents"": {""filed_date"": ""2026-07-31"", ""form_type"": ""10-Q""}, ""ppe"": {""filed_date"": ""2026-07-31"", ""form_type"": ""10-Q""}, ""stockholders_equity"": {""filed_date"": ""2026-07-31"", ""form_type"": ""10-Q""}, ""operating_cash_flow"": {""filed_date"": ""2026-07-31"", ""form_type"": ""10-Q""}, ""capex"": {""filed_date"": ""2026-07-31"", ""form_type"": ""10-Q""}, ""total_debt"": {""filed_date"": ""2026-07-31"", ""form_type"": ""10-Q""}, ""shares_outstanding"": {""filed_date"": ""2026-07-31"", ""form_type"": ""10-Q""}}",387
LULU,lululemon athletica inc.,0.021816990863585812,0.06522549104116884,5,,-0.3273126140524071,1,3,0,7,2,0.0867615066011815,0.0867615066011815,1.0994216808170296,119.55,13575371243.439056,346182500.0,0.0,2471603000.0,195048000.0,276946000.0,Consumer Discretionary,0.04,2026-08-17T07:16:15.731575,True,True,2026-08-17T07:04:15.149357,"{""revenue"": {""filed_date"": ""2026-06-04"", ""form_type"": ""10-Q""}, ""operating_income"": {""filed_date"": ""2026-06-04"", ""form_type"": ""10-Q""}, ""net_income"": {""filed_date"": ""2026-06-04"", ""form_type"": ""10-Q""}, ""total_assets"": {""filed_date"": ""2026-06-04"", ""form_type"": ""10-Q""}, ""current_assets"": {""filed_date"": ""2026-06-04"", ""form_type"": ""10-Q""}, ""current_liabilities"": {""filed_date"": ""2026-06-04"", ""form_type"": ""10-Q""}, ""cash_and_equivalents"": {""filed_date"": ""2019-03-27"", ""form_type"": ""10-K""}, ""ppe"": {""filed_date"": ""2026-06-04"", ""form_type"": ""10-Q""}, ""stockholders_equity"": {""filed_date"": ""2026-06-04"", ""form_type"": ""10-Q""}, ""operating_cash_flow"": {""filed_date"": ""2026-06-04"", ""form_type"": ""10-Q""}, ""capex"": {""filed_date"": ""2026-06-04"", ""form_type"": ""10-Q""}, ""shares_outstanding"": {""filed_date"": ""2026-06-04"", ""form_type"": ""10-Q""}}",388
RSG,"Republic Services, Inc.",0.02181474739611923,0.24344279586526968,5,,-0.02369676171223424,1,5,1,10,3,0.2434533551554828,0.2434533551554828,2.1804136556192373,214.71,65746990562.253265,2163750000.0,0.0,9776000000.0,1091536000.0,1731000000.0,Industrials,0.08,2026-08-17T07:16:15.726979,True,True,2026-08-17T07:04:15.149357,"{""revenue"": {""filed_date"": ""2026-08-07"", ""form_type"": ""10-Q""}, ""operating_income"": {""filed_date"": ""2026-08-07"", ""form_type"": ""10-Q""}, ""net_income"": {""filed_date"": ""2026-08-07"", ""form_type"": ""10-Q""}, ""total_assets"": {""filed_date"": ""2026-08-07"", ""form_type"": ""10-Q""}, ""current_assets"": {""filed_date"": ""2026-08-07"", ""form_type"": ""10-Q""}, ""current_liabilities"": {""filed_date"": ""2026-08-07"", ""form_type"": ""10-Q""}, ""long_term_debt"": {""filed_date"": ""2026-02-18"", ""form_type"": ""10-K""}, ""cash_and_equivalents"": {""filed_date"": ""2026-08-07"", ""form_type"": ""10-Q""}, ""ppe"": {""filed_date"": ""2020-11-06"", ""form_type"": ""10-Q""}, ""stockholders_equity"": {""filed_date"": ""2026-08-07"", ""form_type"": ""10-Q""}, ""operating_cash_flow"": {""filed_date"": ""2026-08-07"", ""form_type"": ""10-Q""}, ""capex"": {""filed_date"": ""2026-08-07"", ""form_type"": ""10-Q""}, ""total_debt"": {""filed_date"": ""2026-02-18"", ""form_type"": ""10-K""}, ""shares_outstanding"": {""filed_date"": ""2020-11-06"", ""form_type"": ""10-Q""}}",389
BIIB,Biogen Inc.,0.021741203255624713,0.06631268052207527,5,,0.07264087040465667,2,5,0,10,4,0.2605133586245863,0.2605133586245863,2.020344287949922,209.83,31003221670.88565,763375000.0,0.0,2477800000.0,319500000.0,610700000.0,Health Care,0.03,2026-08-17T07:16:15.731911,True,True,2026-08-17T07:04:15.149357,"{""revenue"": {""filed_date"": ""2026-04-29"", ""form_type"": ""10-Q""}, ""operating_income"": {""filed_date"": ""2022-05-03"", ""form_type"": ""10-Q""}, ""net_income"": {""filed_date"": ""2026-04-29"", ""form_type"": ""10-Q""}, ""total_assets"": {""filed_date"": ""2026-04-29"", ""form_type"": ""10-Q""}, ""current_assets"": {""filed_date"": ""2026-04-29"", ""form_type"": ""10-Q""}, ""current_liabilities"": {""filed_date"": ""2026-04-29"", ""form_type"": ""10-Q""}, ""long_term_debt"": {""filed_date"": ""2026-04-29"", ""form_type"": ""10-Q""}, ""cash_and_equivalents"": {""filed_date"": ""2020-02-06"", ""form_type"": ""10-K""}, ""ppe"": {""filed_date"": ""2026-04-29"", ""form_type"": ""10-Q""}, ""stockholders_equity"": {""filed_date"": ""2024-02-14"", ""form_type"": ""10-K""}, ""operating_cash_flow"": {""filed_date"": ""2026-04-29"", ""form_type"": ""10-Q""}, ""capex"": {""filed_date"": ""2026-04-29"", ""form_type"": ""10-Q""}, ""total_debt"": {""filed_date"": ""2026-02-06"", ""form_type"": ""10-K""}, ""shares_outstanding"": {""filed_date"": ""2026-02-06"", ""form_type"": ""10-K""}}",390
SBAC,SBA Communications Corporation,0.021676029605923994,0.0,4,,-0.07646379778920782,1,5,0,9,3,0.46680580695729645,0.46680580695729645,1.7263921003308038,185.2,19647517648.24478,868387500.0,0.0,1418712000.0,383611000.0,694710000.0,Real Estate,0.04,2026-08-17T07:16:15.730754,True,True,2026-08-17T07:04:15.149357,"{""revenue"": {""filed_date"": ""2026-08-06"", ""form_type"": ""10-Q""}, ""operating_income"": {""filed_date"": ""2026-08-06"", ""form_type"": ""10-Q""}, ""net_income"": {""filed_date"": ""2026-08-06"", ""form_type"": ""10-Q""}, ""total_assets"": {""filed_date"": ""2026-08-06"", ""form_type"": ""10-Q""}, ""current_assets"": {""filed_date"": ""2026-08-06"", ""form_type"": ""10-Q""}, ""current_liabilities"": {""filed_date"": ""2026-08-06"", ""form_type"": ""10-Q""}, ""long_term_debt"": {""filed_date"": ""2026-08-06"", ""form_type"": ""10-Q""}, ""cash_and_equivalents"": {""filed_date"": ""2026-08-06"", ""form_type"": ""10-Q""}, ""ppe"": {""filed_date"": ""2026-08-06"", ""form_type"": ""10-Q""}, ""stockholders_equity"": {""filed_date"": ""2026-08-06"", ""form_type"": ""10-Q""}, ""operating_cash_flow"": {""filed_date"": ""2026-08-06"", ""form_type"": ""10-Q""}, ""capex"": {""filed_date"": ""2026-08-06"", ""form_type"": ""10-Q""}, ""total_debt"": {""filed_date"": ""2026-08-06"", ""form_type"": ""10-Q""}, ""shares_outstanding"": {""filed_date"": ""2026-08-06"", ""form_type"": ""10-Q""}}",391
SUI,"Sun Communities, Inc.",0.02166787868638206,0.026001454423658473,2,,-0.04499950890350267,1,4,0,6,2,0.5302224847410908,0.5302224847410908,,123.29,15016840100.042107,591398750.0,0.0,507900000.0,-6400000.0,473119000.0,Real Estate,0.03,2026-08-17T07:16:15.733622,True,True,2026-08-17T07:04:15.149357,"{""revenue"": {""filed_date"": ""2026-04-28"", ""form_type"": ""10-Q""}, ""operating_income"": {""filed_date"": ""2018-10-25"", ""form_type"": ""10-Q""}, ""net_income"": {""filed_date"": ""2026-04-28"", ""form_type"": ""10-Q""}, ""total_assets"": {""filed_date"": ""2026-04-28"", ""form_type"": ""10-Q""}, ""long_term_debt"": {""filed_date"": ""2025-02-28"", ""form_type"": ""10-K""}, ""cash_and_equivalents"": {""filed_date"": ""2026-02-25"", ""form_type"": ""10-K""}, ""stockholders_equity"": {""filed_date"": ""2026-04-28"", ""form_type"": ""10-Q""}, ""operating_cash_flow"": {""filed_date"": ""2026-04-28"", ""form_type"": ""10-Q""}, ""total_debt"": {""filed_date"": ""2025-02-28"", ""form_type"": ""10-K""}, ""shares_outstanding"": {""filed_date"": ""2026-04-28"", ""form_type"": ""10-Q""}}",392
APH,Amphenol Corporation,0.02159041156232259,0.39045177261073294,5,,0.12871293353286253,3,3,2,8,3,0.11598614418705347,0.11598614418705347,0.9913033824291319,167.11,206043866251.82336,5520500000.0,0.0,23095000000.0,2702200000.0,4416400000.0,Information Technology,0.22,2026-08-17T07:16:15.723555,True,True,2026-08-17T07:04:15.149357,"{""revenue"": {""filed_date"": ""2026-04-08"", ""form_type"": ""DEF 14A""}, ""operating_income"": {""filed_date"": ""2026-07-31"", ""form_type"": ""10-Q""}, ""net_income"": {""filed_date"": ""2026-07-31"", ""form_type"": ""10-Q""}, ""total_assets"": {""filed_date"": ""2026-07-31"", ""form_type"": ""10-Q""}, ""current_assets"": {""filed_date"": ""2026-07-31"", ""form_type"": ""10-Q""}, ""current_liabilities"": {""filed_date"": ""2026-07-31"", ""form_type"": ""10-Q""}, ""long_term_debt"": {""filed_date"": ""2018-05-03"", ""form_type"": ""10-Q""}, ""cash_and_equivalents"": {""filed_date"": ""2026-07-31"", ""form_type"": ""10-Q""}, ""ppe"": {""filed_date"": ""2026-07-31"", ""form_type"": ""10-Q""}, ""stockholders_equity"": {""filed_date"": ""2026-07-31"", ""form_type"": ""10-Q""}, ""operating_cash_flow"": {""filed_date"": ""2026-07-31"", ""form_type"": ""10-Q""}, ""capex"": {""filed_date"": ""2026-07-31"", ""form_type"": ""10-Q""}, ""total_debt"": {""filed_date"": ""2018-05-03"", ""form_type"": ""10-Q""}, ""shares_outstanding"": {""filed_date"": ""2026-02-11"", ""form_type"": ""10-K""}}",393
TXRH,"Texas Roadhouse, Inc.",0.02158978491282978,0.19834915416789864,5,,0.11773340812062506,3,5,0,10,4,0.3494409447691302,0.3494409447691302,1.0829068047337278,207.1,13594236175.240417,361411250.0,0.0,1256942000.0,405600000.0,289129000.0,Consumer Discretionary,0.02,2026-08-17T07:16:15.735982,True,True,2026-08-17T07:04:15.149357,"{""revenue"": {""filed_date"": ""2018-08-03"", ""form_type"": ""10-Q""}, ""operating_income"": {""filed_date"": ""2026-08-07"", ""form_type"": ""10-Q""}, ""net_income"": {""filed_date"": ""2026-04-10"", ""form_type"": ""DEF 14A""}, ""total_assets"": {""filed_date"": ""2026-08-07"", ""form_type"": ""10-Q""}, ""current_assets"": {""filed_date"": ""2026-08-07"", ""form_type"": ""10-Q""}, ""current_liabilities"": {""filed_date"": ""2026-08-07"", ""form_type"": ""10-Q""}, ""long_term_debt"": {""filed_date"": ""2016-08-05"", ""form_type"": ""10-Q""}, ""cash_and_equivalents"": {""filed_date"": ""2026-08-07"", ""form_type"": ""10-Q""}, ""ppe"": {""filed_date"": ""2026-08-07"", ""form_type"": ""10-Q""}, ""stockholders_equity"": {""filed_date"": ""2026-08-07"", ""form_type"": ""10-Q""}, ""operating_cash_flow"": {""filed_date"": ""2026-08-07"", ""form_type"": ""10-Q""}, ""capex"": {""filed_date"": ""2026-08-07"", ""form_type"": ""10-Q""}, ""total_debt"": {""filed_date"": ""2014-11-07"", ""form_type"": ""10-Q""}, ""shares_outstanding"": {""filed_date"": ""2026-08-07"", ""form_type"": ""10-Q""}}",394
NOC,Northrop Grumman Corporation,0.021579502784964427,0.16624142879923456,3,,-0.1580140596275432,1,0,2,3,0,-0.018114371055547526,,-0.1909598781107161,585.87,83230464348.95288,2606250000.0,0.0,20757000000.0,1969000000.0,2085000000.0,Industrials,0.13,2026-08-17T07:16:15.724820,True,True,2026-08-17T07:04:15.149357,"{""revenue"": {""filed_date"": ""2026-07-21"", ""form_type"": ""10-Q""}, ""operating_income"": {""filed_date"": ""2026-07-21"", ""form_type"": ""10-Q""}, ""net_income"": {""filed_date"": ""2026-07-21"", ""form_type"": ""10-Q""}, ""total_assets"": {""filed_date"": ""2026-07-21"", ""form_type"": ""10-Q""}, ""current_assets"": {""filed_date"": ""2026-07-21"", ""form_type"": ""10-Q""}, ""current_liabilities"": {""filed_date"": ""2026-07-21"", ""form_type"": ""10-Q""}, ""long_term_debt"": {""filed_date"": ""2026-01-27"", ""form_type"": ""10-K""}, ""cash_and_equivalents"": {""filed_date"": ""2026-07-21"", ""form_type"": ""10-Q""}, ""ppe"": {""filed_date"": ""2026-07-21"", ""form_type"": ""10-Q""}, ""stockholders_equity"": {""filed_date"": ""2026-07-21"", ""form_type"": ""10-Q""}, ""operating_cash_flow"": {""filed_date"": ""2026-07-21"", ""form_type"": ""10-Q""}, ""capex"": {""filed_date"": ""2026-07-21"", ""form_type"": ""10-Q""}, ""total_debt"": {""filed_date"": ""2026-01-27"", ""form_type"": ""10-K""}, ""shares_outstanding"": {""filed_date"": ""2026-07-21"", ""form_type"": ""10-Q""}}",395
SW,Smurfit Westrock Plc,0.021543501227691053,0.025852201473229263,5,,-0.010884900245306152,1,3,1,8,2,0.06155116559740837,0.06155116559740837,6.292207792207792,49.25,25832753219.0,702500000.0,0.0,15743000000.0,154000000.0,562000000.0,Materials,0.04,2026-08-17T07:16:15.730994,True,True,2026-08-17T07:04:15.149357,"{""revenue"": {""filed_date"": ""2026-07-31"", ""form_type"": ""10-Q""}, ""operating_income"": {""filed_date"": ""2026-07-31"", ""form_type"": ""10-Q""}, ""net_income"": {""filed_date"": ""2026-07-31"", ""form_type"": ""10-Q""}, ""total_assets"": {""filed_date"": ""2026-07-31"", ""form_type"": ""10-Q""}, ""current_assets"": {""filed_date"": ""2026-07-31"", ""form_type"": ""10-Q""}, ""current_liabilities"": {""filed_date"": ""2026-07-31"", ""form_type"": ""10-Q""}, ""long_term_debt"": {""filed_date"": ""2026-02-27"", ""form_type"": ""10-K""}, ""cash_and_equivalents"": {""filed_date"": ""2026-07-31"", ""form_type"": ""10-Q""}, ""stockholders_equity"": {""filed_date"": ""2026-07-31"", ""form_type"": ""10-Q""}, ""operating_cash_flow"": {""filed_date"": ""2026-07-31"", ""form_type"": ""10-Q""}, ""total_debt"": {""filed_date"": ""2026-07-31"", ""form_type"": ""10-Q""}, ""shares_outstanding"": {""filed_date"": ""2026-07-31"", ""form_type"": ""10-Q""}}",396
MA,Mastercard Incorporated,0.021529082706977717,2.5853658536585367,4,,0.09444619930854704,2,4,2,9,4,0.38314002828854316,0.38314002828854316,0.45243185462319613,569.29,498703679494.3347,13117500000.0,0.0,17675000000.0,14968000000.0,10494000000.0,Financials,0.82,2026-08-17T07:16:15.721632,True,True,2026-08-17T07:04:15.149357,"{""revenue"": {""filed_date"": ""2026-07-30"", ""form_type"": ""10-Q""}, ""operating_income"": {""filed_date"": ""2026-07-30"", ""form_type"": ""10-Q""}, ""net_income"": {""filed_date"": ""2026-04-27"", ""form_type"": ""DEF 14A""}, ""total_assets"": {""filed_date"": ""2026-07-30"", ""form_type"": ""10-Q""}, ""current_assets"": {""filed_date"": ""2026-07-30"", ""form_type"": ""10-Q""}, ""current_liabilities"": {""filed_date"": ""2026-07-30"", ""form_type"": ""10-Q""}, ""long_term_debt"": {""filed_date"": ""2011-05-03"", ""form_type"": ""10-Q""}, ""cash_and_equivalents"": {""filed_date"": ""2026-07-30"", ""form_type"": ""10-Q""}, ""ppe"": {""filed_date"": ""2026-07-30"", ""form_type"": ""10-Q""}, ""stockholders_equity"": {""filed_date"": ""2026-07-30"", ""form_type"": ""10-Q""}, ""operating_cash_flow"": {""filed_date"": ""2026-07-30"", ""form_type"": ""10-Q""}, ""capex"": {""filed_date"": ""2026-07-30"", ""form_type"": ""10-Q""}, ""total_debt"": {""filed_date"": ""2011-05-03"", ""form_type"": ""10-Q""}, ""shares_outstanding"": {""filed_date"": ""2026-07-30"", ""form_type"": ""10-Q""}}",397
SLB,SLB N.V.,0.021518880011266395,0.11843711843711843,5,,0.08450885088933603,2,5,1,10,4,0.23579001149572104,0.23579001149572104,1.200260078023407,53.77,79802382210.25685,2061250000.0,0.0,7829000000.0,1538000000.0,1649000000.0,Energy,0.09,2026-08-17T07:16:15.726419,True,True,2026-08-17T07:04:15.149357,"{""revenue"": {""filed_date"": ""2018-04-25"", ""form_type"": ""10-Q""}, ""operating_income"": {""filed_date"": ""2024-04-24"", ""form_type"": ""10-Q""}, ""net_income"": {""filed_date"": ""2026-07-29"", ""form_type"": ""10-Q""}, ""total_assets"": {""filed_date"": ""2026-07-29"", ""form_type"": ""10-Q""}, ""current_assets"": {""filed_date"": ""2026-07-29"", ""form_type"": ""10-Q""}, ""current_liabilities"": {""filed_date"": ""2026-07-29"", ""form_type"": ""10-Q""}, ""long_term_debt"": {""filed_date"": ""2026-07-29"", ""form_type"": ""10-Q""}, ""cash_and_equivalents"": {""filed_date"": ""2015-10-21"", ""form_type"": ""10-Q""}, ""ppe"": {""filed_date"": ""2026-07-29"", ""form_type"": ""10-Q""}, ""stockholders_equity"": {""filed_date"": ""2026-07-29"", ""form_type"": ""10-Q""}, ""operating_cash_flow"": {""filed_date"": ""2026-07-29"", ""form_type"": ""10-Q""}, ""capex"": {""filed_date"": ""2026-07-29"", ""form_type"": ""10-Q""}, ""shares_outstanding"": {""filed_date"": ""2026-07-29"", ""form_type"": ""10-Q""}}",398
HLT,Hilton Worldwide Holdings Inc.,0.02114697931469458,0.0,6,,0.03051004591923186,2,3,2,9,4,0.09053908131904644,0.09053908131904644,1.257208765859285,327.21,73643487277.93793,1920000000.0,0.0,12039000000.0,867000000.0,1536000000.0,Consumer Discretionary,0.11,2026-08-17T07:16:15.725583,True,True,2026-08-17T07:04:15.149357,"{""revenue"": {""filed_date"": ""2026-02-11"", ""form_type"": ""10-K""}, ""operating_income"": {""filed_date"": ""2026-07-28"", ""form_type"": ""10-Q""}, ""net_income"": {""filed_date"": ""2026-07-28"", ""form_type"": ""10-Q""}, ""total_assets"": {""filed_date"": ""2026-07-28"", ""form_type"": ""10-Q""}, ""current_assets"": {""filed_date"": ""2026-07-28"", ""form_type"": ""10-Q""}, ""current_liabilities"": {""filed_date"": ""2026-07-28"", ""form_type"": ""10-Q""}, ""cash_and_equivalents"": {""filed_date"": ""2026-07-28"", ""form_type"": ""10-Q""}, ""ppe"": {""filed_date"": ""2026-07-28"", ""form_type"": ""10-Q""}, ""stockholders_equity"": {""filed_date"": ""2026-07-28"", ""form_type"": ""10-Q""}, ""operating_cash_flow"": {""filed_date"": ""2026-07-28"", ""form_type"": ""10-Q""}, ""capex"": {""filed_date"": ""2026-07-28"", ""form_type"": ""10-Q""}, ""shares_outstanding"": {""filed_date"": ""2026-07-28"", ""form_type"": ""10-Q""}}",399
EMR,Emerson Electric Co.,0.021126018993839882,1.1129587155963303,5,,0.1043669525270809,3,5,1,10,4,1.7481927710843375,1.7481927710843375,1.49510561566203,163.17,91016224978.6377,2426250000.0,0.0,1660000000.0,1941000000.0,1941000000.0,Industrials,0.13,2026-08-17T07:16:15.725157,True,True,2026-08-17T07:04:15.149357,"{""revenue"": {""filed_date"": ""2023-08-02"", ""form_type"": ""10-Q""}, ""operating_income"": {""filed_date"": ""2026-08-04"", ""form_type"": ""10-Q""}, ""net_income"": {""filed_date"": ""2026-08-04"", ""form_type"": ""10-Q""}, ""total_assets"": {""filed_date"": ""2026-08-04"", ""form_type"": ""10-Q""}, ""current_assets"": {""filed_date"": ""2026-08-04"", ""form_type"": ""10-Q""}, ""current_liabilities"": {""filed_date"": ""2026-08-04"", ""form_type"": ""10-Q""}, ""long_term_debt"": {""filed_date"": ""2025-11-10"", ""form_type"": ""10-K""}, ""cash_and_equivalents"": {""filed_date"": ""2022-02-02"", ""form_type"": ""10-Q""}, ""ppe"": {""filed_date"": ""2026-08-04"", ""form_type"": ""10-Q""}, ""stockholders_equity"": {""filed_date"": ""2026-08-04"", ""form_type"": ""10-Q""}, ""operating_cash_flow"": {""filed_date"": ""2026-08-04"", ""form_type"": ""10-Q""}, ""capex"": {""filed_date"": ""2026-08-04"", ""form_type"": ""10-Q""}, ""total_debt"": {""filed_date"": ""2026-08-04"", ""form_type"": ""10-Q""}, ""shares_outstanding"": {""filed_date"": ""2026-08-04"", ""form_type"": ""10-Q""}}",400
SGI,Somnigroup International Inc.,0.02109141129081405,5.2611637347767255,5,,-0.24398555938774696,1,5,0,10,3,0.23820801263074798,0.23820801263074798,2.2445374244537426,66.06,13896743821.872375,486000000.0,0.0,2026800000.0,215100000.0,388800000.0,Consumer Discretionary,0.03,2026-08-17T07:16:15.733129,True,True,2026-08-17T07:04:15.149357,"{""revenue"": {""filed_date"": ""2018-11-08"", ""form_type"": ""10-Q""}, ""operating_income"": {""filed_date"": ""2026-08-07"", ""form_type"": ""10-Q""}, ""net_income"": {""filed_date"": ""2026-08-07"", ""form_type"": ""10-Q""}, ""total_assets"": {""filed_date"": ""2026-08-07"", ""form_type"": ""10-Q""}, ""current_assets"": {""filed_date"": ""2026-08-07"", ""form_type"": ""10-Q""}, ""current_liabilities"": {""filed_date"": ""2026-08-07"", ""form_type"": ""10-Q""}, ""long_term_debt"": {""filed_date"": ""2026-02-27"", ""form_type"": ""10-K""}, ""cash_and_equivalents"": {""filed_date"": ""2023-02-17"", ""form_type"": ""10-K""}, ""ppe"": {""filed_date"": ""2021-02-19"", ""form_type"": ""10-K""}, ""stockholders_equity"": {""filed_date"": ""2022-02-22"", ""form_type"": ""10-K""}, ""operating_cash_flow"": {""filed_date"": ""2026-08-07"", ""form_type"": ""10-Q""}, ""capex"": {""filed_date"": ""2026-08-07"", ""form_type"": ""10-Q""}, ""total_debt"": {""filed_date"": ""2026-02-27"", ""form_type"": ""10-K""}, ""shares_outstanding"": {""filed_date"": ""2026-08-07"", ""form_type"": ""10-Q""}}",401
IR,Ingersoll Rand Inc.,0.021028071193547635,0.26120857699805067,5,,-0.15551586014030128,1,5,0,10,3,0.20863854508714322,0.20863854508714322,1.1040320784139006,83.34,32335870991.963654,837500000.0,0.0,2375400000.0,448900000.0,670000000.0,Industrials,0.05,2026-08-17T07:16:15.729123,True,True,2026-08-17T07:04:15.149357,"{""revenue"": {""filed_date"": ""2018-02-16"", ""form_type"": ""10-K""}, ""operating_income"": {""filed_date"": ""2026-07-31"", ""form_type"": ""10-Q""}, ""net_income"": {""filed_date"": ""2026-07-31"", ""form_type"": ""10-Q""}, ""total_assets"": {""filed_date"": ""2026-07-31"", ""form_type"": ""10-Q""}, ""current_assets"": {""filed_date"": ""2026-07-31"", ""form_type"": ""10-Q""}, ""current_liabilities"": {""filed_date"": ""2026-07-31"", ""form_type"": ""10-Q""}, ""long_term_debt"": {""filed_date"": ""2022-02-25"", ""form_type"": ""10-K""}, ""cash_and_equivalents"": {""filed_date"": ""2026-07-31"", ""form_type"": ""10-Q""}, ""ppe"": {""filed_date"": ""2026-02-17"", ""form_type"": ""10-K""}, ""stockholders_equity"": {""filed_date"": ""2026-07-31"", ""form_type"": ""10-Q""}, ""operating_cash_flow"": {""filed_date"": ""2026-07-31"", ""form_type"": ""10-Q""}, ""total_debt"": {""filed_date"": ""2026-07-31"", ""form_type"": ""10-Q""}, ""shares_outstanding"": {""filed_date"": ""2026-02-17"", ""form_type"": ""10-K""}}",402
BBY,"Best Buy Co., Inc.",0.02098636524341836,0.12627986348122866,6,,0.34498295386000793,3,3,1,9,4,0.008994747067712456,0.008994747067712456,1.358695652173913,86.42,18214494642.993866,462500000.0,0.0,41691000000.0,276000000.0,370000000.0,Consumer Discretionary,0.02,2026-08-17T07:16:15.734366,True,True,2026-08-17T07:04:15.149357,"{""revenue"": {""filed_date"": ""2026-03-18"", ""form_type"": ""10-K""}, ""operating_income"": {""filed_date"": ""2026-06-05"", ""form_type"": ""10-Q""}, ""net_income"": {""filed_date"": ""2026-06-05"", ""form_type"": ""10-Q""}, ""total_assets"": {""filed_date"": ""2026-06-05"", ""form_type"": ""10-Q""}, ""current_assets"": {""filed_date"": ""2026-06-05"", ""form_type"": ""10-Q""}, ""current_liabilities"": {""filed_date"": ""2026-06-05"", ""form_type"": ""10-Q""}, ""long_term_debt"": {""filed_date"": ""2025-12-05"", ""form_type"": ""10-Q""}, ""cash_and_equivalents"": {""filed_date"": ""2026-06-05"", ""form_type"": ""10-Q""}, ""ppe"": {""filed_date"": ""2026-06-05"", ""form_type"": ""10-Q""}, ""stockholders_equity"": {""filed_date"": ""2026-06-05"", ""form_type"": ""10-Q""}, ""operating_cash_flow"": {""filed_date"": ""2026-06-05"", ""form_type"": ""10-Q""}, ""capex"": {""filed_date"": ""2026-06-05"", ""form_type"": ""10-Q""}, ""total_debt"": {""filed_date"": ""2025-12-05"", ""form_type"": ""10-Q""}, ""shares_outstanding"": {""filed_date"": ""2026-06-05"", ""form_type"": ""10-Q""}}",403
CNM,"Core & Main, Inc.",0.020929095068777104,0.10825688073394496,4,,-0.1975567163271908,1,2,0,5,2,0.04293193717277487,0.04293193717277487,0.7592592592592593,45.98,8607126283.689922,221250000.0,0.0,1910000000.0,108000000.0,177000000.0,Industrials,0.02,2026-08-17T07:16:15.735401,True,True,2026-08-17T07:04:15.149357,"{""revenue"": {""filed_date"": ""2026-06-10"", ""form_type"": ""10-Q""}, ""operating_income"": {""filed_date"": ""2026-06-10"", ""form_type"": ""10-Q""}, ""net_income"": {""filed_date"": ""2026-06-10"", ""form_type"": ""10-Q""}, ""total_assets"": {""filed_date"": ""2026-06-10"", ""form_type"": ""10-Q""}, ""current_assets"": {""filed_date"": ""2026-06-10"", ""form_type"": ""10-Q""}, ""current_liabilities"": {""filed_date"": ""2026-06-10"", ""form_type"": ""10-Q""}, ""long_term_debt"": {""filed_date"": ""2026-06-10"", ""form_type"": ""10-Q""}, ""cash_and_equivalents"": {""filed_date"": ""2026-06-10"", ""form_type"": ""10-Q""}, ""ppe"": {""filed_date"": ""2026-06-10"", ""form_type"": ""10-Q""}, ""stockholders_equity"": {""filed_date"": ""2026-06-10"", ""form_type"": ""10-Q""}, ""operating_cash_flow"": {""filed_date"": ""2026-06-10"", ""form_type"": ""10-Q""}, ""shares_outstanding"": {""filed_date"": ""2026-06-10"", ""form_type"": ""10-Q""}}",404
ABBV,AbbVie Inc.,0.020895859771881076,0.0,4,,0.08786359440307513,2,5,2,10,4,0.22708802200550138,0.22708802200550138,1.686397400185701,249.46,440825089780.2908,13027500000.0,0.0,31992000000.0,4308000000.0,10422000000.0,Health Care,0.62,2026-08-17T07:16:15.721828,True,True,2026-08-17T07:04:15.149357,"{""revenue"": {""filed_date"": ""2026-08-03"", ""form_type"": ""10-Q""}, ""operating_income"": {""filed_date"": ""2026-08-03"", ""form_type"": ""10-Q""}, ""net_income"": {""filed_date"": ""2026-08-03"", ""form_type"": ""10-Q""}, ""total_assets"": {""filed_date"": ""2026-08-03"", ""form_type"": ""10-Q""}, ""current_assets"": {""filed_date"": ""2026-08-03"", ""form_type"": ""10-Q""}, ""current_liabilities"": {""filed_date"": ""2026-08-03"", ""form_type"": ""10-Q""}, ""long_term_debt"": {""filed_date"": ""2026-02-20"", ""form_type"": ""10-K""}, ""cash_and_equivalents"": {""filed_date"": ""2026-08-03"", ""form_type"": ""10-Q""}, ""ppe"": {""filed_date"": ""2026-08-03"", ""form_type"": ""10-Q""}, ""stockholders_equity"": {""filed_date"": ""2026-08-03"", ""form_type"": ""10-Q""}, ""operating_cash_flow"": {""filed_date"": ""2026-08-03"", ""form_type"": ""10-Q""}, ""capex"": {""filed_date"": ""2026-08-03"", ""form_type"": ""10-Q""}, ""total_debt"": {""filed_date"": ""2026-02-20"", ""form_type"": ""10-K""}, ""shares_outstanding"": {""filed_date"": ""2026-08-03"", ""form_type"": ""10-Q""}}",405
V,Visa Inc.,0.02087622315696786,1.906783130885765,4,,0.14423411809200004,3,4,2,9,4,0.4480454087704843,0.4480454087704843,0.8243220481724777,364.15,679885247969.2979,17463750000.0,0.0,21846000000.0,11874000000.0,13971000000.0,Financials,1.0,2026-08-17T07:16:15.721562,True,True,2026-08-17T07:04:15.149357,"{""revenue"": {""filed_date"": ""2020-11-19"", ""form_type"": ""10-K""}, ""operating_income"": {""filed_date"": ""2026-04-29"", ""form_type"": ""10-Q""}, ""net_income"": {""filed_date"": ""2026-04-29"", ""form_type"": ""10-Q""}, ""total_assets"": {""filed_date"": ""2026-04-29"", ""form_type"": ""10-Q""}, ""current_assets"": {""filed_date"": ""2026-04-29"", ""form_type"": ""10-Q""}, ""current_liabilities"": {""filed_date"": ""2026-04-29"", ""form_type"": ""10-Q""}, ""long_term_debt"": {""filed_date"": ""2022-01-28"", ""form_type"": ""10-Q""}, ""cash_and_equivalents"": {""filed_date"": ""2026-04-29"", ""form_type"": ""10-Q""}, ""ppe"": {""filed_date"": ""2026-04-29"", ""form_type"": ""10-Q""}, ""stockholders_equity"": {""filed_date"": ""2011-11-18"", ""form_type"": ""10-K""}, ""operating_cash_flow"": {""filed_date"": ""2026-04-29"", ""form_type"": ""10-Q""}, ""total_debt"": {""filed_date"": ""2017-07-20"", ""form_type"": ""10-Q""}}",406
LIN,Linde plc,0.02073612113829969,0.18978296400471323,5,,0.007617121362566569,2,5,2,10,4,0.24964028776978417,0.24964028776978417,1.1918097754293262,482.74,222533559384.8606,6241250000.0,0.0,18070000000.0,3785000000.0,4993000000.0,Materials,0.38,2026-08-17T07:16:15.722218,True,True,2026-08-17T07:04:15.149357,"{""revenue"": {""filed_date"": ""2026-07-31"", ""form_type"": ""10-Q""}, ""operating_income"": {""filed_date"": ""2026-07-31"", ""form_type"": ""10-Q""}, ""net_income"": {""filed_date"": ""2026-07-31"", ""form_type"": ""10-Q""}, ""total_assets"": {""filed_date"": ""2026-07-31"", ""form_type"": ""10-Q""}, ""current_assets"": {""filed_date"": ""2026-07-31"", ""form_type"": ""10-Q""}, ""current_liabilities"": {""filed_date"": ""2026-07-31"", ""form_type"": ""10-Q""}, ""long_term_debt"": {""filed_date"": ""2026-07-31"", ""form_type"": ""10-Q""}, ""cash_and_equivalents"": {""filed_date"": ""2026-07-31"", ""form_type"": ""10-Q""}, ""ppe"": {""filed_date"": ""2026-02-25"", ""form_type"": ""10-K""}, ""stockholders_equity"": {""filed_date"": ""2026-07-31"", ""form_type"": ""10-Q""}, ""operating_cash_flow"": {""filed_date"": ""2026-07-31"", ""form_type"": ""10-Q""}, ""capex"": {""filed_date"": ""2026-07-31"", ""form_type"": ""10-Q""}, ""total_debt"": {""filed_date"": ""2026-07-31"", ""form_type"": ""10-Q""}, ""shares_outstanding"": {""filed_date"": ""2022-02-28"", ""form_type"": ""10-K""}}",407
WY,Weyerhaeuser Company,0.020662723192462235,0.14968152866242038,5,,-0.07049122105416648,1,5,0,10,3,0.12548692264885922,0.12548692264885922,1.4182389937106918,24.56,17701275775.08545,587500000.0,0.0,3594000000.0,318000000.0,470000000.0,Real Estate,0.03,2026-08-17T07:16:15.732204,True,True,2026-08-17T07:04:15.149357,"{""revenue"": {""filed_date"": ""2026-07-31"", ""form_type"": ""10-Q""}, ""operating_income"": {""filed_date"": ""2026-07-31"", ""form_type"": ""10-Q""}, ""net_income"": {""filed_date"": ""2026-07-31"", ""form_type"": ""10-Q""}, ""total_assets"": {""filed_date"": ""2026-07-31"", ""form_type"": ""10-Q""}, ""current_assets"": {""filed_date"": ""2026-07-31"", ""form_type"": ""10-Q""}, ""current_liabilities"": {""filed_date"": ""2026-07-31"", ""form_type"": ""10-Q""}, ""long_term_debt"": {""filed_date"": ""2026-02-13"", ""form_type"": ""10-K""}, ""cash_and_equivalents"": {""filed_date"": ""2026-07-31"", ""form_type"": ""10-Q""}, ""ppe"": {""filed_date"": ""2026-07-31"", ""form_type"": ""10-Q""}, ""stockholders_equity"": {""filed_date"": ""2026-07-31"", ""form_type"": ""10-Q""}, ""operating_cash_flow"": {""filed_date"": ""2026-07-31"", ""form_type"": ""10-Q""}, ""capex"": {""filed_date"": ""2019-07-26"", ""form_type"": ""10-Q""}, ""total_debt"": {""filed_date"": ""2026-02-13"", ""form_type"": ""10-K""}, ""shares_outstanding"": {""filed_date"": ""2026-07-31"", ""form_type"": ""10-Q""}}",408
PKG,Packaging Corporation of America,0.020617551302013745,0.07461968033891778,5,,0.07617796751412766,2,5,0,10,4,0.14519515810276679,0.14519515810276679,1.9429752066115702,255.48,22762833047.850998,678125000.0,0.0,4857600000.0,363000000.0,542500000.0,Materials,0.03,2026-08-17T07:16:15.732384,True,True,2026-08-17T07:04:15.149357,"{""revenue"": {""filed_date"": ""2026-08-07"", ""form_type"": ""10-Q""}, ""operating_income"": {""filed_date"": ""2026-08-07"", ""form_type"": ""10-Q""}, ""net_income"": {""filed_date"": ""2026-08-07"", ""form_type"": ""10-Q""}, ""total_assets"": {""filed_date"": ""2026-08-07"", ""form_type"": ""10-Q""}, ""current_assets"": {""filed_date"": ""2026-08-07"", ""form_type"": ""10-Q""}, ""current_liabilities"": {""filed_date"": ""2026-08-07"", ""form_type"": ""10-Q""}, ""long_term_debt"": {""filed_date"": ""2026-02-26"", ""form_type"": ""10-K""}, ""cash_and_equivalents"": {""filed_date"": ""2026-08-07"", ""form_type"": ""10-Q""}, ""ppe"": {""filed_date"": ""2026-08-07"", ""form_type"": ""10-Q""}, ""stockholders_equity"": {""filed_date"": ""2026-08-07"", ""form_type"": ""10-Q""}, ""operating_cash_flow"": {""filed_date"": ""2026-08-07"", ""form_type"": ""10-Q""}, ""capex"": {""filed_date"": ""2026-08-07"", ""form_type"": ""10-Q""}, ""total_debt"": {""filed_date"": ""2026-02-26"", ""form_type"": ""10-K""}, ""shares_outstanding"": {""filed_date"": ""2026-08-07"", ""form_type"": ""10-Q""}}",409
DG,Dollar General Corporation,0.020575955331613986,0.08348888769175812,5,,-0.16824996404521542,1,3,1,8,2,0.06639383737687106,0.06639383737687106,1.6125747815377134,123.28,27193921572.88919,798145000.0,0.0,10786965000.0,444127000.0,638516000.0,Consumer Staples,0.04,2026-08-17T07:16:15.730458,True,True,2026-08-17T07:04:15.149357,"{""revenue"": {""filed_date"": ""2026-06-02"", ""form_type"": ""10-Q""}, ""operating_income"": {""filed_date"": ""2026-06-02"", ""form_type"": ""10-Q""}, ""net_income"": {""filed_date"": ""2026-06-02"", ""form_type"": ""10-Q""}, ""total_assets"": {""filed_date"": ""2026-06-02"", ""form_type"": ""10-Q""}, ""current_assets"": {""filed_date"": ""2026-06-02"", ""form_type"": ""10-Q""}, ""current_liabilities"": {""filed_date"": ""2026-06-02"", ""form_type"": ""10-Q""}, ""long_term_debt"": {""filed_date"": ""2022-08-25"", ""form_type"": ""10-Q""}, ""cash_and_equivalents"": {""filed_date"": ""2026-06-02"", ""form_type"": ""10-Q""}, ""ppe"": {""filed_date"": ""2025-12-04"", ""form_type"": ""10-Q""}, ""stockholders_equity"": {""filed_date"": ""2026-06-02"", ""form_type"": ""10-Q""}, ""operating_cash_flow"": {""filed_date"": ""2026-06-02"", ""form_type"": ""10-Q""}, ""total_debt"": {""filed_date"": ""2022-08-25"", ""form_type"": ""10-Q""}, ""shares_outstanding"": {""filed_date"": ""2026-03-20"", ""form_type"": ""10-K""}}",410
ULTA,"Ulta Beauty, Inc.",0.020571175214332046,0.20969902919888325,4,,-0.27739736466497805,1,2,0,5,2,0.08277681323776644,0.08277681323776644,0.769215405807871,510.75,21956790593.25,560320000.0,0.0,3163857000.0,340469000.0,448256000.0,Consumer Discretionary,0.04,2026-08-17T07:16:15.730906,True,True,2026-08-17T07:04:15.149357,"{""revenue"": {""filed_date"": ""2026-06-02"", ""form_type"": ""10-Q""}, ""operating_income"": {""filed_date"": ""2026-06-02"", ""form_type"": ""10-Q""}, ""net_income"": {""filed_date"": ""2026-06-02"", ""form_type"": ""10-Q""}, ""total_assets"": {""filed_date"": ""2026-06-02"", ""form_type"": ""10-Q""}, ""current_assets"": {""filed_date"": ""2026-06-02"", ""form_type"": ""10-Q""}, ""current_liabilities"": {""filed_date"": ""2026-06-02"", ""form_type"": ""10-Q""}, ""long_term_debt"": {""filed_date"": ""2020-08-27"", ""form_type"": ""10-Q""}, ""cash_and_equivalents"": {""filed_date"": ""2026-06-02"", ""form_type"": ""10-Q""}, ""ppe"": {""filed_date"": ""2026-06-02"", ""form_type"": ""10-Q""}, ""stockholders_equity"": {""filed_date"": ""2026-06-02"", ""form_type"": ""10-Q""}, ""operating_cash_flow"": {""filed_date"": ""2026-06-02"", ""form_type"": ""10-Q""}, ""capex"": {""filed_date"": ""2026-06-02"", ""form_type"": ""10-Q""}, ""shares_outstanding"": {""filed_date"": ""2026-06-02"", ""form_type"": ""10-Q""}}",411
NYT,The New York Times Company,0.02042023652772425,0.23966048815453325,6,,-0.11965697933823298,1,5,0,10,4,0.1606266738953342,0.1606266738953342,1.5799051505459358,64.79,10449563684.599533,260793750.0,0.0,1783639000.0,181340000.0,208635000.0,Communication,0.02,2026-08-17T07:16:15.737698,True,True,2026-08-17T07:04:15.149357,"{""revenue"": {""filed_date"": ""2021-02-25"", ""form_type"": ""10-K""}, ""operating_income"": {""filed_date"": ""2026-08-05"", ""form_type"": ""10-Q""}, ""net_income"": {""filed_date"": ""2026-08-05"", ""form_type"": ""10-Q""}, ""total_assets"": {""filed_date"": ""2026-08-05"", ""form_type"": ""10-Q""}, ""current_assets"": {""filed_date"": ""2026-08-05"", ""form_type"": ""10-Q""}, ""current_liabilities"": {""filed_date"": ""2026-08-05"", ""form_type"": ""10-Q""}, ""long_term_debt"": {""filed_date"": ""2019-11-06"", ""form_type"": ""10-Q""}, ""cash_and_equivalents"": {""filed_date"": ""2026-08-05"", ""form_type"": ""10-Q""}, ""ppe"": {""filed_date"": ""2024-11-04"", ""form_type"": ""10-Q""}, ""stockholders_equity"": {""filed_date"": ""2026-08-05"", ""form_type"": ""10-Q""}, ""operating_cash_flow"": {""filed_date"": ""2026-08-05"", ""form_type"": ""10-Q""}, ""capex"": {""filed_date"": ""2026-08-05"", ""form_type"": ""10-Q""}, ""total_debt"": {""filed_date"": ""2013-02-28"", ""form_type"": ""10-K""}, ""shares_outstanding"": {""filed_date"": ""2026-08-05"", ""form_type"": ""10-Q""}}",412
L,Loews Corporation,0.020417423966811978,0.024500908760174373,5,,0.02416981272814289,2,4,0,8,4,0.11174507481967919,0.11174507481967919,1.3290653008962867,113.03,23106464942.054443,817500000.0,0.0,9289000000.0,781000000.0,654000000.0,Financials,0.03,2026-08-17T07:16:15.733349,True,True,2026-08-17T07:04:15.149357,"{""revenue"": {""filed_date"": ""2026-08-03"", ""form_type"": ""10-Q""}, ""operating_income"": {""filed_date"": ""2017-02-16"", ""form_type"": ""10-K""}, ""net_income"": {""filed_date"": ""2026-08-03"", ""form_type"": ""10-Q""}, ""total_assets"": {""filed_date"": ""2026-08-03"", ""form_type"": ""10-Q""}, ""long_term_debt"": {""filed_date"": ""2021-11-01"", ""form_type"": ""10-Q""}, ""ppe"": {""filed_date"": ""2026-08-03"", ""form_type"": ""10-Q""}, ""stockholders_equity"": {""filed_date"": ""2026-08-03"", ""form_type"": ""10-Q""}, ""operating_cash_flow"": {""filed_date"": ""2026-08-03"", ""form_type"": ""10-Q""}, ""capex"": {""filed_date"": ""2026-08-03"", ""form_type"": ""10-Q""}, ""total_debt"": {""filed_date"": ""2021-11-01"", ""form_type"": ""10-Q""}, ""shares_outstanding"": {""filed_date"": ""2017-02-16"", ""form_type"": ""10-K""}}",413
SYK,Stryker Corporation,0.020357601924721656,0.22194663017447827,4,,-0.07623421953982552,1,4,2,9,3,0.14608612895550796,0.14608612895550796,0.9114299851558635,339.21,130111809656.05829,3243750000.0,0.0,12609000000.0,2021000000.0,2595000000.0,Health Care,0.23,2026-08-17T07:16:15.723462,True,True,2026-08-17T07:04:15.149357,"{""revenue"": {""filed_date"": ""2026-07-31"", ""form_type"": ""10-Q""}, ""operating_income"": {""filed_date"": ""2026-07-31"", ""form_type"": ""10-Q""}, ""net_income"": {""filed_date"": ""2026-07-31"", ""form_type"": ""10-Q""}, ""total_assets"": {""filed_date"": ""2026-07-31"", ""form_type"": ""10-Q""}, ""current_assets"": {""filed_date"": ""2026-07-31"", ""form_type"": ""10-Q""}, ""current_liabilities"": {""filed_date"": ""2026-07-31"", ""form_type"": ""10-Q""}, ""long_term_debt"": {""filed_date"": ""2012-04-24"", ""form_type"": ""10-Q""}, ""cash_and_equivalents"": {""filed_date"": ""2026-07-31"", ""form_type"": ""10-Q""}, ""ppe"": {""filed_date"": ""2026-07-31"", ""form_type"": ""10-Q""}, ""stockholders_equity"": {""filed_date"": ""2019-02-07"", ""form_type"": ""10-K""}, ""operating_cash_flow"": {""filed_date"": ""2026-07-31"", ""form_type"": ""10-Q""}, ""capex"": {""filed_date"": ""2026-07-31"", ""form_type"": ""10-Q""}, ""total_debt"": {""filed_date"": ""2026-07-31"", ""form_type"": ""10-Q""}, ""shares_outstanding"": {""filed_date"": ""2018-07-25"", ""form_type"": ""10-Q""}}",414
RPRX,Royalty Pharma plc,0.02032978402653925,0.0243957408318471,4,,0.3082062453374574,3,5,0,9,4,1.1088182341457955,1.1088182341457955,4.628354427139987,58.6,26093251678.960693,870195000.0,0.0,1304717000.0,312572000.0,696156000.0,Health Care,0.02,2026-08-17T07:16:15.734643,True,True,2026-08-17T07:04:15.149357,"{""revenue"": {""filed_date"": ""2026-08-05"", ""form_type"": ""10-Q""}, ""operating_income"": {""filed_date"": ""2026-08-05"", ""form_type"": ""10-Q""}, ""net_income"": {""filed_date"": ""2026-08-05"", ""form_type"": ""10-Q""}, ""total_assets"": {""filed_date"": ""2026-08-05"", ""form_type"": ""10-Q""}, ""current_assets"": {""filed_date"": ""2026-08-05"", ""form_type"": ""10-Q""}, ""current_liabilities"": {""filed_date"": ""2026-08-05"", ""form_type"": ""10-Q""}, ""long_term_debt"": {""filed_date"": ""2026-08-05"", ""form_type"": ""10-Q""}, ""cash_and_equivalents"": {""filed_date"": ""2026-08-05"", ""form_type"": ""10-Q""}, ""stockholders_equity"": {""filed_date"": ""2026-08-05"", ""form_type"": ""10-Q""}, ""operating_cash_flow"": {""filed_date"": ""2026-08-05"", ""form_type"": ""10-Q""}, ""total_debt"": {""filed_date"": ""2026-08-05"", ""form_type"": ""10-Q""}, ""shares_outstanding"": {""filed_date"": ""2026-08-05"", ""form_type"": ""10-Q""}}",415
SBUX,Starbucks Corporation,0.020315697069018944,0.5856457876808921,5,,0.14208464124222586,3,5,2,10,4,0.12527590174248243,0.12527590174248243,1.9485834775086506,107.69,122766602783.20312,3374125000.0,0.0,28769300000.0,1849600000.0,2699300000.0,Consumer Discretionary,0.17,2026-08-17T07:16:15.724125,True,True,2026-08-17T07:04:15.149357,"{""revenue"": {""filed_date"": ""2026-07-29"", ""form_type"": ""10-Q""}, ""operating_income"": {""filed_date"": ""2026-07-29"", ""form_type"": ""10-Q""}, ""net_income"": {""filed_date"": ""2026-07-29"", ""form_type"": ""10-Q""}, ""total_assets"": {""filed_date"": ""2026-07-29"", ""form_type"": ""10-Q""}, ""current_assets"": {""filed_date"": ""2026-07-29"", ""form_type"": ""10-Q""}, ""current_liabilities"": {""filed_date"": ""2026-07-29"", ""form_type"": ""10-Q""}, ""long_term_debt"": {""filed_date"": ""2026-07-29"", ""form_type"": ""10-Q""}, ""cash_and_equivalents"": {""filed_date"": ""2022-08-02"", ""form_type"": ""10-Q""}, ""ppe"": {""filed_date"": ""2026-07-29"", ""form_type"": ""10-Q""}, ""stockholders_equity"": {""filed_date"": ""2026-07-29"", ""form_type"": ""10-Q""}, ""operating_cash_flow"": {""filed_date"": ""2026-07-29"", ""form_type"": ""10-Q""}, ""capex"": {""filed_date"": ""2026-07-29"", ""form_type"": ""10-Q""}, ""total_debt"": {""filed_date"": ""2026-07-29"", ""form_type"": ""10-Q""}, ""shares_outstanding"": {""filed_date"": ""2025-11-14"", ""form_type"": ""10-K""}}",416
SWKS,"Skyworks Solutions, Inc.",0.020070379519391418,0.0638990237649147,5,,0.1433241441654213,3,5,0,10,4,0.1771508974226981,0.1771508974226981,3.4714189643577673,69.62,10475915496.12584,243000000.0,0.0,2913900000.0,148700000.0,194400000.0,Information Technology,0.02,2026-08-17T07:16:15.735951,True,True,2026-08-17T07:04:15.149357,"{""revenue"": {""filed_date"": ""2026-07-28"", ""form_type"": ""10-Q""}, ""operating_income"": {""filed_date"": ""2026-07-28"", ""form_type"": ""10-Q""}, ""net_income"": {""filed_date"": ""2026-07-28"", ""form_type"": ""10-Q""}, ""total_assets"": {""filed_date"": ""2026-07-28"", ""form_type"": ""10-Q""}, ""current_assets"": {""filed_date"": ""2026-07-28"", ""form_type"": ""10-Q""}, ""current_liabilities"": {""filed_date"": ""2026-07-28"", ""form_type"": ""10-Q""}, ""long_term_debt"": {""filed_date"": ""2026-07-28"", ""form_type"": ""10-Q""}, ""cash_and_equivalents"": {""filed_date"": ""2026-07-28"", ""form_type"": ""10-Q""}, ""ppe"": {""filed_date"": ""2026-07-28"", ""form_type"": ""10-Q""}, ""stockholders_equity"": {""filed_date"": ""2026-07-28"", ""form_type"": ""10-Q""}, ""operating_cash_flow"": {""filed_date"": ""2026-07-28"", ""form_type"": ""10-Q""}, ""capex"": {""filed_date"": ""2026-07-28"", ""form_type"": ""10-Q""}, ""total_debt"": {""filed_date"": ""2026-07-28"", ""form_type"": ""10-Q""}, ""shares_outstanding"": {""filed_date"": ""2026-07-28"", ""form_type"": ""10-Q""}}",417
LRCX,Lam Research Corporation,0.019943573587396166,0.6502891995604252,4,,0.4135011590147466,3,4,1,8,4,3.045504835762913,3.045504835762913,0.8062405683048798,332.36,415889029230.10254,10249743750.0,0.0,1923378000.0,7265396000.0,8199795000.0,Information Technology,0.21,2026-08-17T07:16:15.723617,True,True,2026-08-17T07:04:15.149357,"{""revenue"": {""filed_date"": ""2012-05-03"", ""form_type"": ""10-Q""}, ""operating_income"": {""filed_date"": ""2026-08-07"", ""form_type"": ""10-K""}, ""net_income"": {""filed_date"": ""2026-08-07"", ""form_type"": ""10-K""}, ""total_assets"": {""filed_date"": ""2026-08-07"", ""form_type"": ""10-K""}, ""current_assets"": {""filed_date"": ""2026-08-07"", ""form_type"": ""10-K""}, ""current_liabilities"": {""filed_date"": ""2026-08-07"", ""form_type"": ""10-K""}, ""long_term_debt"": {""filed_date"": ""2026-08-07"", ""form_type"": ""10-K""}, ""cash_and_equivalents"": {""filed_date"": ""2026-08-07"", ""form_type"": ""10-K""}, ""ppe"": {""filed_date"": ""2026-08-07"", ""form_type"": ""10-K""}, ""stockholders_equity"": {""filed_date"": ""2026-08-07"", ""form_type"": ""10-K""}, ""operating_cash_flow"": {""filed_date"": ""2026-08-07"", ""form_type"": ""10-K""}, ""total_debt"": {""filed_date"": ""2020-08-18"", ""form_type"": ""10-K""}, ""shares_outstanding"": {""filed_date"": ""2026-08-07"", ""form_type"": ""10-K""}}",418
MSCI,MSCI Inc.,0.019924155148564264,0.0,3,,0.09954960877458092,2,4,0,7,3,0.6319150682274297,0.6319150682274297,0.9058823529411765,569.13,41375751354.98047,1180500000.0,0.0,1072296000.0,748000000.0,944400000.0,Financials,0.07,2026-08-17T07:16:15.727715,True,True,2026-08-17T07:04:15.149357,"{""revenue"": {""filed_date"": ""2018-11-02"", ""form_type"": ""10-Q""}, ""operating_income"": {""filed_date"": ""2026-07-21"", ""form_type"": ""10-Q""}, ""net_income"": {""filed_date"": ""2026-07-21"", ""form_type"": ""10-Q""}, ""total_assets"": {""filed_date"": ""2026-07-21"", ""form_type"": ""10-Q""}, ""current_assets"": {""filed_date"": ""2026-07-21"", ""form_type"": ""10-Q""}, ""current_liabilities"": {""filed_date"": ""2026-07-21"", ""form_type"": ""10-Q""}, ""long_term_debt"": {""filed_date"": ""2026-07-21"", ""form_type"": ""10-Q""}, ""cash_and_equivalents"": {""filed_date"": ""2026-07-21"", ""form_type"": ""10-Q""}, ""ppe"": {""filed_date"": ""2026-07-21"", ""form_type"": ""10-Q""}, ""stockholders_equity"": {""filed_date"": ""2026-07-21"", ""form_type"": ""10-Q""}, ""operating_cash_flow"": {""filed_date"": ""2026-07-21"", ""form_type"": ""10-Q""}, ""capex"": {""filed_date"": ""2026-07-21"", ""form_type"": ""10-Q""}, ""total_debt"": {""filed_date"": ""2026-07-21"", ""form_type"": ""10-Q""}, ""shares_outstanding"": {""filed_date"": ""2026-07-21"", ""form_type"": ""10-Q""}}",419
AEE,Ameren Corporation,0.019899687193595174,0.025385521799272504,5,,0.006551826305750214,2,5,0,10,4,0.2790534208059981,0.2790534208059981,2.2772466539196943,109.74,30380777773.339012,1238750000.0,0.0,4268000000.0,523000000.0,991000000.0,Utilities,0.05,2026-08-17T07:16:15.729710,True,True,2026-08-17T07:04:15.149357,"{""revenue"": {""filed_date"": ""2026-08-03"", ""form_type"": ""10-Q""}, ""operating_income"": {""filed_date"": ""2026-08-03"", ""form_type"": ""10-Q""}, ""net_income"": {""filed_date"": ""2018-02-28"", ""form_type"": ""10-K""}, ""total_assets"": {""filed_date"": ""2026-08-03"", ""form_type"": ""10-Q""}, ""current_assets"": {""filed_date"": ""2026-08-03"", ""form_type"": ""10-Q""}, ""current_liabilities"": {""filed_date"": ""2026-08-03"", ""form_type"": ""10-Q""}, ""long_term_debt"": {""filed_date"": ""2026-02-18"", ""form_type"": ""10-K""}, ""cash_and_equivalents"": {""filed_date"": ""2026-08-03"", ""form_type"": ""10-Q""}, ""ppe"": {""filed_date"": ""2026-08-03"", ""form_type"": ""10-Q""}, ""stockholders_equity"": {""filed_date"": ""2026-08-03"", ""form_type"": ""10-Q""}, ""operating_cash_flow"": {""filed_date"": ""2026-08-03"", ""form_type"": ""10-Q""}, ""capex"": {""filed_date"": ""2026-08-03"", ""form_type"": ""10-Q""}, ""total_debt"": {""filed_date"": ""2026-02-18"", ""form_type"": ""10-K""}, ""shares_outstanding"": {""filed_date"": ""2026-08-03"", ""form_type"": ""10-Q""}}",420
DLTR,"Dollar Tree, Inc.",0.01983806819596748,0.08540084083650602,5,,0.006769336198768873,2,5,0,10,4,0.35937939627798543,0.35937939627798543,5.148862654765333,129.39,24865469824.02594,591625000.0,0.0,4975800000.0,347300000.0,473300000.0,Consumer Staples,0.04,2026-08-17T07:16:15.731169,True,True,2026-08-17T07:04:15.149357,"{""revenue"": {""filed_date"": ""2026-05-28"", ""form_type"": ""10-Q""}, ""operating_income"": {""filed_date"": ""2026-05-28"", ""form_type"": ""10-Q""}, ""net_income"": {""filed_date"": ""2026-05-28"", ""form_type"": ""10-Q""}, ""total_assets"": {""filed_date"": ""2026-05-28"", ""form_type"": ""10-Q""}, ""current_assets"": {""filed_date"": ""2026-05-28"", ""form_type"": ""10-Q""}, ""current_liabilities"": {""filed_date"": ""2026-05-28"", ""form_type"": ""10-Q""}, ""long_term_debt"": {""filed_date"": ""2026-03-16"", ""form_type"": ""10-K""}, ""cash_and_equivalents"": {""filed_date"": ""2026-05-28"", ""form_type"": ""10-Q""}, ""ppe"": {""filed_date"": ""2026-05-28"", ""form_type"": ""10-Q""}, ""stockholders_equity"": {""filed_date"": ""2026-05-28"", ""form_type"": ""10-Q""}, ""operating_cash_flow"": {""filed_date"": ""2024-12-04"", ""form_type"": ""10-Q""}, ""capex"": {""filed_date"": ""2019-05-31"", ""form_type"": ""10-Q""}, ""total_debt"": {""filed_date"": ""2026-03-16"", ""form_type"": ""10-K""}, ""shares_outstanding"": {""filed_date"": ""2026-05-28"", ""form_type"": ""10-Q""}}",421
WMS,"Advanced Drainage Systems, Inc.",0.019813160255869624,0.1349969744105669,5,,-0.11409419659580582,1,5,0,10,3,0.26010576239221983,0.26010576239221983,1.5451783457254586,150.91,11379420437.36261,318185000.0,0.0,1001112000.0,168521000.0,254548000.0,Industrials,0.02,2026-08-17T07:16:15.737199,True,True,2026-08-17T07:04:15.149357,"{""revenue"": {""filed_date"": ""2026-08-06"", ""form_type"": ""10-Q""}, ""operating_income"": {""filed_date"": ""2026-08-06"", ""form_type"": ""10-Q""}, ""net_income"": {""filed_date"": ""2026-08-06"", ""form_type"": ""10-Q""}, ""total_assets"": {""filed_date"": ""2026-08-06"", ""form_type"": ""10-Q""}, ""current_assets"": {""filed_date"": ""2026-08-06"", ""form_type"": ""10-Q""}, ""current_liabilities"": {""filed_date"": ""2026-08-06"", ""form_type"": ""10-Q""}, ""long_term_debt"": {""filed_date"": ""2026-05-21"", ""form_type"": ""10-K""}, ""cash_and_equivalents"": {""filed_date"": ""2026-08-06"", ""form_type"": ""10-Q""}, ""ppe"": {""filed_date"": ""2026-08-06"", ""form_type"": ""10-Q""}, ""stockholders_equity"": {""filed_date"": ""2026-08-06"", ""form_type"": ""10-Q""}, ""operating_cash_flow"": {""filed_date"": ""2026-08-06"", ""form_type"": ""10-Q""}, ""capex"": {""filed_date"": ""2026-08-06"", ""form_type"": ""10-Q""}, ""total_debt"": {""filed_date"": ""2026-05-21"", ""form_type"": ""10-K""}, ""shares_outstanding"": {""filed_date"": ""2026-08-06"", ""form_type"": ""10-Q""}}",422
DTM,"DT Midstream, Inc.",0.01977380470675244,0.056860114055686015,5,,0.04514525060528852,2,5,0,10,4,0.7393225331369662,0.7393225331369662,2.074380165289256,136.9,13965893399.748047,423750000.0,0.0,679000000.0,242000000.0,339000000.0,Energy,0.02,2026-08-17T07:16:15.737263,True,True,2026-08-17T07:04:15.149357,"{""revenue"": {""filed_date"": ""2026-07-30"", ""form_type"": ""10-Q""}, ""operating_income"": {""filed_date"": ""2026-07-30"", ""form_type"": ""10-Q""}, ""net_income"": {""filed_date"": ""2026-07-30"", ""form_type"": ""10-Q""}, ""total_assets"": {""filed_date"": ""2026-07-30"", ""form_type"": ""10-Q""}, ""current_assets"": {""filed_date"": ""2026-07-30"", ""form_type"": ""10-Q""}, ""current_liabilities"": {""filed_date"": ""2026-07-30"", ""form_type"": ""10-Q""}, ""long_term_debt"": {""filed_date"": ""2025-02-26"", ""form_type"": ""10-K""}, ""cash_and_equivalents"": {""filed_date"": ""2026-07-30"", ""form_type"": ""10-Q""}, ""ppe"": {""filed_date"": ""2026-07-30"", ""form_type"": ""10-Q""}, ""stockholders_equity"": {""filed_date"": ""2026-07-30"", ""form_type"": ""10-Q""}, ""operating_cash_flow"": {""filed_date"": ""2026-07-30"", ""form_type"": ""10-Q""}, ""capex"": {""filed_date"": ""2026-07-30"", ""form_type"": ""10-Q""}, ""total_debt"": {""filed_date"": ""2025-02-26"", ""form_type"": ""10-K""}, ""shares_outstanding"": {""filed_date"": ""2026-07-30"", ""form_type"": ""10-Q""}}",423
PNR,Pentair plc,0.019765964980131664,0.17491254372813594,3,,-0.33187803643245106,1,0,0,2,0,-0.06670625494853523,,-0.3909512761020882,66.16,10691823184.377167,262500000.0,0.0,1010400000.0,172400000.0,210000000.0,Industrials,0.03,2026-08-17T07:16:15.732713,True,True,2026-08-17T07:04:15.149357,"{""revenue"": {""filed_date"": ""2025-04-22"", ""form_type"": ""10-Q""}, ""operating_income"": {""filed_date"": ""2026-04-28"", ""form_type"": ""10-Q""}, ""net_income"": {""filed_date"": ""2026-04-28"", ""form_type"": ""10-Q""}, ""total_assets"": {""filed_date"": ""2026-04-28"", ""form_type"": ""10-Q""}, ""current_assets"": {""filed_date"": ""2026-04-28"", ""form_type"": ""10-Q""}, ""current_liabilities"": {""filed_date"": ""2026-04-28"", ""form_type"": ""10-Q""}, ""long_term_debt"": {""filed_date"": ""2026-04-28"", ""form_type"": ""10-Q""}, ""cash_and_equivalents"": {""filed_date"": ""2026-04-28"", ""form_type"": ""10-Q""}, ""ppe"": {""filed_date"": ""2026-04-28"", ""form_type"": ""10-Q""}, ""stockholders_equity"": {""filed_date"": ""2015-10-20"", ""form_type"": ""10-Q""}, ""operating_cash_flow"": {""filed_date"": ""2026-04-28"", ""form_type"": ""10-Q""}, ""capex"": {""filed_date"": ""2026-04-28"", ""form_type"": ""10-Q""}, ""total_debt"": {""filed_date"": ""2018-04-20"", ""form_type"": ""10-Q""}, ""shares_outstanding"": {""filed_date"": ""2012-07-24"", ""form_type"": ""10-Q""}}",424
WAB,Westinghouse Air Brake Technologies Corporation,0.019747290961549414,0.48417858690940613,4,,0.15285032068960974,3,4,1,8,4,0.5105655151286944,0.5105655151286944,0.845442536327609,299.02,50507720810.30997,1396250000.0,0.0,1253512000.0,757000000.0,1117000000.0,Industrials,0.06,2026-08-17T07:16:15.729048,True,True,2026-08-17T07:04:15.149357,"{""revenue"": {""filed_date"": ""2013-07-26"", ""form_type"": ""10-Q""}, ""operating_income"": {""filed_date"": ""2026-07-22"", ""form_type"": ""10-Q""}, ""net_income"": {""filed_date"": ""2026-07-22"", ""form_type"": ""10-Q""}, ""total_assets"": {""filed_date"": ""2026-07-22"", ""form_type"": ""10-Q""}, ""current_assets"": {""filed_date"": ""2026-07-22"", ""form_type"": ""10-Q""}, ""current_liabilities"": {""filed_date"": ""2026-07-22"", ""form_type"": ""10-Q""}, ""long_term_debt"": {""filed_date"": ""2026-07-22"", ""form_type"": ""10-Q""}, ""cash_and_equivalents"": {""filed_date"": ""2022-11-01"", ""form_type"": ""10-Q""}, ""ppe"": {""filed_date"": ""2026-07-22"", ""form_type"": ""10-Q""}, ""stockholders_equity"": {""filed_date"": ""2026-07-22"", ""form_type"": ""10-Q""}, ""operating_cash_flow"": {""filed_date"": ""2026-07-22"", ""form_type"": ""10-Q""}, ""capex"": {""filed_date"": ""2026-07-22"", ""form_type"": ""10-Q""}, ""total_debt"": {""filed_date"": ""2026-07-22"", ""form_type"": ""10-Q""}, ""shares_outstanding"": {""filed_date"": ""2026-07-22"", ""form_type"": ""10-Q""}}",425
AXTA,Axalta Coating Systems Ltd.,0.01973750101873022,0.05266955266955267,4,,0.06752505175490806,2,2,0,5,3,0.05422647527910686,0.05422647527910686,0.7555555555555555,37.31,7985086381.981739,182500000.0,0.0,1254000000.0,90000000.0,146000000.0,Materials,0.01,2026-08-17T07:16:15.741431,True,True,2026-08-17T07:04:15.149357,"{""revenue"": {""filed_date"": ""2026-04-30"", ""form_type"": ""10-Q""}, ""operating_income"": {""filed_date"": ""2026-04-30"", ""form_type"": ""10-Q""}, ""net_income"": {""filed_date"": ""2026-04-30"", ""form_type"": ""10-Q""}, ""total_assets"": {""filed_date"": ""2026-04-30"", ""form_type"": ""10-Q""}, ""current_assets"": {""filed_date"": ""2026-04-30"", ""form_type"": ""10-Q""}, ""current_liabilities"": {""filed_date"": ""2026-04-30"", ""form_type"": ""10-Q""}, ""long_term_debt"": {""filed_date"": ""2022-02-18"", ""form_type"": ""10-K""}, ""cash_and_equivalents"": {""filed_date"": ""2026-04-30"", ""form_type"": ""10-Q""}, ""ppe"": {""filed_date"": ""2026-04-30"", ""form_type"": ""10-Q""}, ""stockholders_equity"": {""filed_date"": ""2026-04-30"", ""form_type"": ""10-Q""}, ""operating_cash_flow"": {""filed_date"": ""2026-04-30"", ""form_type"": ""10-Q""}, ""capex"": {""filed_date"": ""2026-04-30"", ""form_type"": ""10-Q""}, ""total_debt"": {""filed_date"": ""2026-04-30"", ""form_type"": ""10-Q""}, ""shares_outstanding"": {""filed_date"": ""2022-02-18"", ""form_type"": ""10-K""}}",426
CBRE,"CBRE Group, Inc.",0.019708691931100874,0.33206974981046244,4,,0.08227127347251414,2,0,1,3,2,-0.03158185077920287,,-1.3160919540229885,152.86,44264480229.022736,1095000000.0,0.0,21753000000.0,522000000.0,876000000.0,Real Estate,0.08,2026-08-17T07:16:15.726859,True,True,2026-08-17T07:04:15.149357,"{""revenue"": {""filed_date"": ""2026-07-29"", ""form_type"": ""10-Q""}, ""operating_income"": {""filed_date"": ""2026-07-29"", ""form_type"": ""10-Q""}, ""net_income"": {""filed_date"": ""2026-07-29"", ""form_type"": ""10-Q""}, ""total_assets"": {""filed_date"": ""2026-07-29"", ""form_type"": ""10-Q""}, ""current_assets"": {""filed_date"": ""2026-07-29"", ""form_type"": ""10-Q""}, ""current_liabilities"": {""filed_date"": ""2026-07-29"", ""form_type"": ""10-Q""}, ""long_term_debt"": {""filed_date"": ""2017-03-01"", ""form_type"": ""10-K""}, ""cash_and_equivalents"": {""filed_date"": ""2026-07-29"", ""form_type"": ""10-Q""}, ""ppe"": {""filed_date"": ""2026-07-29"", ""form_type"": ""10-Q""}, ""stockholders_equity"": {""filed_date"": ""2026-07-29"", ""form_type"": ""10-Q""}, ""operating_cash_flow"": {""filed_date"": ""2026-07-29"", ""form_type"": ""10-Q""}, ""capex"": {""filed_date"": ""2023-07-27"", ""form_type"": ""10-Q""}, ""total_debt"": {""filed_date"": ""2023-10-27"", ""form_type"": ""10-Q""}, ""shares_outstanding"": {""filed_date"": ""2026-07-29"", ""form_type"": ""10-Q""}}",427
EW,Edwards Lifesciences Corporation,0.019644394770236846,0.13851918129963092,5,,0.1676227155821904,3,5,1,10,4,0.20524545669105498,0.20524545669105498,1.1174108576935433,91.6,52743279121.398926,1238500000.0,0.0,3389600000.0,622600000.0,990800000.0,Health Care,0.08,2026-08-17T07:16:15.727042,True,True,2026-08-17T07:04:15.149357,"{""revenue"": {""filed_date"": ""2026-08-04"", ""form_type"": ""10-Q""}, ""operating_income"": {""filed_date"": ""2026-08-04"", ""form_type"": ""10-Q""}, ""net_income"": {""filed_date"": ""2026-08-04"", ""form_type"": ""10-Q""}, ""total_assets"": {""filed_date"": ""2026-08-04"", ""form_type"": ""10-Q""}, ""current_assets"": {""filed_date"": ""2026-08-04"", ""form_type"": ""10-Q""}, ""current_liabilities"": {""filed_date"": ""2026-08-04"", ""form_type"": ""10-Q""}, ""long_term_debt"": {""filed_date"": ""2014-02-28"", ""form_type"": ""10-K""}, ""cash_and_equivalents"": {""filed_date"": ""2026-08-04"", ""form_type"": ""10-Q""}, ""ppe"": {""filed_date"": ""2026-08-04"", ""form_type"": ""10-Q""}, ""stockholders_equity"": {""filed_date"": ""2026-08-04"", ""form_type"": ""10-Q""}, ""operating_cash_flow"": {""filed_date"": ""2026-08-04"", ""form_type"": ""10-Q""}, ""capex"": {""filed_date"": ""2026-08-04"", ""form_type"": ""10-Q""}, ""total_debt"": {""filed_date"": ""2014-02-28"", ""form_type"": ""10-K""}, ""shares_outstanding"": {""filed_date"": ""2026-08-04"", ""form_type"": ""10-Q""}}",428
VRTX,Vertex Pharmaceuticals Incorporated,0.01952527589860509,0.2503486774504491,5,,0.059561703342701555,2,5,1,10,4,3.984868890244835,3.984868890244835,1.1981512762762763,505.75,128187862313.0,2981250000.0,0.0,640799000.0,2131200000.0,2385000000.0,Health Care,0.17,2026-08-17T07:16:15.724078,True,True,2026-08-17T07:04:15.149357,"{""revenue"": {""filed_date"": ""2018-04-27"", ""form_type"": ""10-Q""}, ""operating_income"": {""filed_date"": ""2026-08-04"", ""form_type"": ""10-Q""}, ""net_income"": {""filed_date"": ""2026-08-04"", ""form_type"": ""10-Q""}, ""total_assets"": {""filed_date"": ""2026-08-04"", ""form_type"": ""10-Q""}, ""current_assets"": {""filed_date"": ""2026-08-04"", ""form_type"": ""10-Q""}, ""current_liabilities"": {""filed_date"": ""2026-08-04"", ""form_type"": ""10-Q""}, ""long_term_debt"": {""filed_date"": ""2011-11-03"", ""form_type"": ""10-Q""}, ""cash_and_equivalents"": {""filed_date"": ""2026-08-04"", ""form_type"": ""10-Q""}, ""ppe"": {""filed_date"": ""2020-10-30"", ""form_type"": ""10-Q""}, ""stockholders_equity"": {""filed_date"": ""2026-08-04"", ""form_type"": ""10-Q""}, ""operating_cash_flow"": {""filed_date"": ""2026-08-04"", ""form_type"": ""10-Q""}, ""capex"": {""filed_date"": ""2026-08-04"", ""form_type"": ""10-Q""}, ""total_debt"": {""filed_date"": ""2011-11-03"", ""form_type"": ""10-Q""}, ""shares_outstanding"": {""filed_date"": ""2026-08-04"", ""form_type"": ""10-Q""}}",429
ROL,"Rollins, Inc.",0.019490616899036646,0.0,5,,-0.39062588997773734,1,5,0,10,3,0.24781343343346754,0.24781343343346754,1.1554133498577943,36.2,17417463991.88481,433556250.0,0.0,1173758000.0,251748000.0,346845000.0,Industrials,0.03,2026-08-17T07:16:15.733526,True,True,2026-08-17T07:04:15.149357,"{""revenue"": {""filed_date"": ""2021-07-30"", ""form_type"": ""10-Q""}, ""operating_income"": {""filed_date"": ""2026-07-23"", ""form_type"": ""10-Q""}, ""net_income"": {""filed_date"": ""2026-07-23"", ""form_type"": ""10-Q""}, ""total_assets"": {""filed_date"": ""2026-07-23"", ""form_type"": ""10-Q""}, ""current_assets"": {""filed_date"": ""2026-07-23"", ""form_type"": ""10-Q""}, ""current_liabilities"": {""filed_date"": ""2026-07-23"", ""form_type"": ""10-Q""}, ""long_term_debt"": {""filed_date"": ""2026-07-23"", ""form_type"": ""10-Q""}, ""cash_and_equivalents"": {""filed_date"": ""2026-07-23"", ""form_type"": ""10-Q""}, ""ppe"": {""filed_date"": ""2026-07-23"", ""form_type"": ""10-Q""}, ""stockholders_equity"": {""filed_date"": ""2026-07-23"", ""form_type"": ""10-Q""}, ""operating_cash_flow"": {""filed_date"": ""2026-07-23"", ""form_type"": ""10-Q""}, ""capex"": {""filed_date"": ""2026-07-23"", ""form_type"": ""10-Q""}, ""total_debt"": {""filed_date"": ""2026-07-23"", ""form_type"": ""10-Q""}, ""shares_outstanding"": {""filed_date"": ""2026-07-23"", ""form_type"": ""10-Q""}}",430
MKSI,MKS Inc.,0.01945546437324946,0.34843205574912894,5,,0.18378636041535992,3,5,0,10,4,0.12725709372312985,0.12725709372312985,1.1472868217054264,310.73,21010804540.20868,500000000.0,0.0,2326000000.0,258000000.0,400000000.0,Information Technology,0.01,2026-08-17T07:16:15.741380,True,True,2026-08-17T07:04:15.149357,"{""revenue"": {""filed_date"": ""2026-08-06"", ""form_type"": ""10-Q""}, ""operating_income"": {""filed_date"": ""2026-08-06"", ""form_type"": ""10-Q""}, ""net_income"": {""filed_date"": ""2026-08-06"", ""form_type"": ""10-Q""}, ""total_assets"": {""filed_date"": ""2026-08-06"", ""form_type"": ""10-Q""}, ""current_assets"": {""filed_date"": ""2026-08-06"", ""form_type"": ""10-Q""}, ""current_liabilities"": {""filed_date"": ""2026-08-06"", ""form_type"": ""10-Q""}, ""long_term_debt"": {""filed_date"": ""2026-08-06"", ""form_type"": ""10-Q""}, ""cash_and_equivalents"": {""filed_date"": ""2026-08-06"", ""form_type"": ""10-Q""}, ""ppe"": {""filed_date"": ""2026-08-06"", ""form_type"": ""10-Q""}, ""stockholders_equity"": {""filed_date"": ""2026-08-06"", ""form_type"": ""10-Q""}, ""operating_cash_flow"": {""filed_date"": ""2026-08-06"", ""form_type"": ""10-Q""}, ""capex"": {""filed_date"": ""2026-08-06"", ""form_type"": ""10-Q""}, ""total_debt"": {""filed_date"": ""2018-02-28"", ""form_type"": ""10-K""}, ""shares_outstanding"": {""filed_date"": ""2026-08-06"", ""form_type"": ""10-Q""}}",431
GOOG,Alphabet Inc.,0.019403939246815164,0.19992794583514503,4,,0.13595170949489987,3,4,2,9,4,0.3694469115162914,0.3694469115162914,0.4855439403562376,343.54,4201471916345.5776,100582500000.0,0.0,229692000000.0,174771000000.0,80466000000.0,Communication,1.64,2026-08-17T07:16:15.721488,True,True,2026-08-17T07:04:15.149357,"{""revenue"": {""filed_date"": ""2026-07-23"", ""form_type"": ""10-Q""}, ""operating_income"": {""filed_date"": ""2026-07-23"", ""form_type"": ""10-Q""}, ""net_income"": {""filed_date"": ""2026-07-23"", ""form_type"": ""10-Q""}, ""total_assets"": {""filed_date"": ""2026-07-23"", ""form_type"": ""10-Q""}, ""current_assets"": {""filed_date"": ""2026-07-23"", ""form_type"": ""10-Q""}, ""current_liabilities"": {""filed_date"": ""2026-07-23"", ""form_type"": ""10-Q""}, ""long_term_debt"": {""filed_date"": ""2026-02-05"", ""form_type"": ""10-K""}, ""cash_and_equivalents"": {""filed_date"": ""2026-07-23"", ""form_type"": ""10-Q""}, ""ppe"": {""filed_date"": ""2025-04-25"", ""form_type"": ""10-Q""}, ""stockholders_equity"": {""filed_date"": ""2026-07-23"", ""form_type"": ""10-Q""}, ""operating_cash_flow"": {""filed_date"": ""2026-07-23"", ""form_type"": ""10-Q""}, ""capex"": {""filed_date"": ""2026-07-23"", ""form_type"": ""10-Q""}, ""total_debt"": {""filed_date"": ""2018-04-24"", ""form_type"": ""10-Q""}, ""shares_outstanding"": {""filed_date"": ""2026-07-23"", ""form_type"": ""10-Q""}}",432
GOOGL,Alphabet Inc.,0.019269820768092243,0.19992794583514503,4,,0.1467792760320628,3,4,2,9,4,0.3694469115162914,0.3694469115162914,0.4855439403562376,345.9,4230334383397.302,100582500000.0,0.0,229692000000.0,174771000000.0,80466000000.0,Communication,2.0,2026-08-17T07:16:15.721455,True,True,2026-08-17T07:04:15.149357,"{""revenue"": {""filed_date"": ""2026-07-23"", ""form_type"": ""10-Q""}, ""operating_income"": {""filed_date"": ""2026-07-23"", ""form_type"": ""10-Q""}, ""net_income"": {""filed_date"": ""2026-07-23"", ""form_type"": ""10-Q""}, ""total_assets"": {""filed_date"": ""2026-07-23"", ""form_type"": ""10-Q""}, ""current_assets"": {""filed_date"": ""2026-07-23"", ""form_type"": ""10-Q""}, ""current_liabilities"": {""filed_date"": ""2026-07-23"", ""form_type"": ""10-Q""}, ""long_term_debt"": {""filed_date"": ""2026-02-05"", ""form_type"": ""10-K""}, ""cash_and_equivalents"": {""filed_date"": ""2026-07-23"", ""form_type"": ""10-Q""}, ""ppe"": {""filed_date"": ""2025-04-25"", ""form_type"": ""10-Q""}, ""stockholders_equity"": {""filed_date"": ""2026-07-23"", ""form_type"": ""10-Q""}, ""operating_cash_flow"": {""filed_date"": ""2026-07-23"", ""form_type"": ""10-Q""}, ""capex"": {""filed_date"": ""2026-07-23"", ""form_type"": ""10-Q""}, ""total_debt"": {""filed_date"": ""2018-04-24"", ""form_type"": ""10-Q""}, ""shares_outstanding"": {""filed_date"": ""2026-07-23"", ""form_type"": ""10-Q""}}",433
NDSN,Nordson Corporation,0.01915825659944725,0.2791841184893984,5,,0.045857695598121494,2,5,0,10,4,0.14241608964157915,0.14241608964157915,1.2808279284238406,308.72,17201244974.575073,454510000.0,0.0,2254668000.0,250698000.0,363608000.0,Industrials,0.02,2026-08-17T07:16:15.735614,True,True,2026-08-17T07:04:15.149357,"{""revenue"": {""filed_date"": ""2018-12-14"", ""form_type"": ""10-K""}, ""operating_income"": {""filed_date"": ""2026-05-21"", ""form_type"": ""10-Q""}, ""net_income"": {""filed_date"": ""2026-05-21"", ""form_type"": ""10-Q""}, ""total_assets"": {""filed_date"": ""2026-05-21"", ""form_type"": ""10-Q""}, ""current_assets"": {""filed_date"": ""2026-05-21"", ""form_type"": ""10-Q""}, ""current_liabilities"": {""filed_date"": ""2026-05-21"", ""form_type"": ""10-Q""}, ""long_term_debt"": {""filed_date"": ""2026-05-21"", ""form_type"": ""10-Q""}, ""cash_and_equivalents"": {""filed_date"": ""2026-05-21"", ""form_type"": ""10-Q""}, ""ppe"": {""filed_date"": ""2025-12-17"", ""form_type"": ""10-K""}, ""stockholders_equity"": {""filed_date"": ""2026-05-21"", ""form_type"": ""10-Q""}, ""operating_cash_flow"": {""filed_date"": ""2026-05-21"", ""form_type"": ""10-Q""}, ""capex"": {""filed_date"": ""2026-05-21"", ""form_type"": ""10-Q""}, ""total_debt"": {""filed_date"": ""2026-05-21"", ""form_type"": ""10-Q""}, ""shares_outstanding"": {""filed_date"": ""2025-12-17"", ""form_type"": ""10-K""}}",434
TT,Trane Technologies plc,0.019127038248883756,0.664893970617563,5,,0.025574120524818948,2,5,1,10,4,0.2458261617900172,0.2458261617900172,1.1349579498046487,480.2,105655132281.2298,2500500000.0,0.0,6972000000.0,1510100000.0,2000400000.0,Industrials,0.16,2026-08-17T07:16:15.724374,True,True,2026-08-17T07:04:15.149357,"{""revenue"": {""filed_date"": ""2012-07-26"", ""form_type"": ""10-Q""}, ""operating_income"": {""filed_date"": ""2026-07-30"", ""form_type"": ""10-Q""}, ""net_income"": {""filed_date"": ""2026-07-30"", ""form_type"": ""10-Q""}, ""total_assets"": {""filed_date"": ""2026-07-30"", ""form_type"": ""10-Q""}, ""current_assets"": {""filed_date"": ""2026-07-30"", ""form_type"": ""10-Q""}, ""current_liabilities"": {""filed_date"": ""2026-07-30"", ""form_type"": ""10-Q""}, ""long_term_debt"": {""filed_date"": ""2026-02-05"", ""form_type"": ""10-K""}, ""cash_and_equivalents"": {""filed_date"": ""2026-02-05"", ""form_type"": ""10-K""}, ""ppe"": {""filed_date"": ""2026-07-30"", ""form_type"": ""10-Q""}, ""stockholders_equity"": {""filed_date"": ""2026-07-30"", ""form_type"": ""10-Q""}, ""operating_cash_flow"": {""filed_date"": ""2026-07-30"", ""form_type"": ""10-Q""}, ""capex"": {""filed_date"": ""2026-07-30"", ""form_type"": ""10-Q""}, ""total_debt"": {""filed_date"": ""2026-07-30"", ""form_type"": ""10-Q""}, ""shares_outstanding"": {""filed_date"": ""2025-02-06"", ""form_type"": ""10-K""}}",435
SO,The Southern Company,0.01907864933662961,0.02090520143788006,4,,0.017047475078809066,2,4,1,8,4,0.1460045254257473,0.1460045254257473,0.9041297935103245,92.8,106753686755.42917,2522500000.0,0.0,8397000000.0,1356000000.0,2018000000.0,Utilities,0.17,2026-08-17T07:16:15.723980,True,True,2026-08-17T07:04:15.149357,"{""revenue"": {""filed_date"": ""2026-04-30"", ""form_type"": ""10-Q""}, ""operating_income"": {""filed_date"": ""2026-04-30"", ""form_type"": ""10-Q""}, ""net_income"": {""filed_date"": ""2026-04-30"", ""form_type"": ""10-Q""}, ""total_assets"": {""filed_date"": ""2026-04-30"", ""form_type"": ""10-Q""}, ""current_assets"": {""filed_date"": ""2026-04-30"", ""form_type"": ""10-Q""}, ""current_liabilities"": {""filed_date"": ""2026-04-30"", ""form_type"": ""10-Q""}, ""cash_and_equivalents"": {""filed_date"": ""2026-04-30"", ""form_type"": ""10-Q""}, ""ppe"": {""filed_date"": ""2024-08-01"", ""form_type"": ""10-Q""}, ""stockholders_equity"": {""filed_date"": ""2026-02-19"", ""form_type"": ""10-K""}, ""operating_cash_flow"": {""filed_date"": ""2026-04-30"", ""form_type"": ""10-Q""}, ""capex"": {""filed_date"": ""2026-04-30"", ""form_type"": ""10-Q""}, ""shares_outstanding"": {""filed_date"": ""2026-04-30"", ""form_type"": ""10-Q""}}",436
CAT,Caterpillar Inc.,0.019068253657178378,0.2436608557844691,4,,0.1242648520827996,3,4,2,9,4,0.1644185678908267,0.1644185678908267,0.7024988743809095,856.57,393743723037.48944,9225000000.0,0.0,37958000000.0,8884000000.0,7380000000.0,Industrials,0.34,2026-08-17T07:16:15.722474,True,True,2026-08-17T07:04:15.149357,"{""revenue"": {""filed_date"": ""2026-08-05"", ""form_type"": ""10-Q""}, ""operating_income"": {""filed_date"": ""2026-08-05"", ""form_type"": ""10-Q""}, ""net_income"": {""filed_date"": ""2026-04-30"", ""form_type"": ""DEF 14A""}, ""total_assets"": {""filed_date"": ""2026-08-05"", ""form_type"": ""10-Q""}, ""current_assets"": {""filed_date"": ""2026-08-05"", ""form_type"": ""10-Q""}, ""current_liabilities"": {""filed_date"": ""2026-08-05"", ""form_type"": ""10-Q""}, ""long_term_debt"": {""filed_date"": ""2026-02-13"", ""form_type"": ""10-K""}, ""cash_and_equivalents"": {""filed_date"": ""2026-08-05"", ""form_type"": ""10-Q""}, ""ppe"": {""filed_date"": ""2026-08-05"", ""form_type"": ""10-Q""}, ""stockholders_equity"": {""filed_date"": ""2026-08-05"", ""form_type"": ""10-Q""}, ""operating_cash_flow"": {""filed_date"": ""2026-08-05"", ""form_type"": ""10-Q""}, ""capex"": {""filed_date"": ""2026-08-05"", ""form_type"": ""10-Q""}, ""shares_outstanding"": {""filed_date"": ""2026-08-05"", ""form_type"": ""10-Q""}}",437
COST,Costco Wholesale Corporation,0.019048103743313408,0.2111125987414647,6,,-0.0474533514639874,1,3,2,9,3,0.0813197569099515,0.0813197569099515,1.7875722543352601,961.1,426227467697.28076,9855000000.0,0.0,136904000000.0,6228000000.0,7884000000.0,Consumer Staples,0.71,2026-08-17T07:16:15.721701,True,True,2026-08-17T07:04:15.149357,"{""revenue"": {""filed_date"": ""2026-03-11"", ""form_type"": ""10-Q""}, ""operating_income"": {""filed_date"": ""2026-06-03"", ""form_type"": ""10-Q""}, ""net_income"": {""filed_date"": ""2026-06-03"", ""form_type"": ""10-Q""}, ""total_assets"": {""filed_date"": ""2026-06-03"", ""form_type"": ""10-Q""}, ""current_assets"": {""filed_date"": ""2026-06-03"", ""form_type"": ""10-Q""}, ""current_liabilities"": {""filed_date"": ""2026-06-03"", ""form_type"": ""10-Q""}, ""long_term_debt"": {""filed_date"": ""2022-06-02"", ""form_type"": ""10-Q""}, ""cash_and_equivalents"": {""filed_date"": ""2026-06-03"", ""form_type"": ""10-Q""}, ""ppe"": {""filed_date"": ""2026-06-03"", ""form_type"": ""10-Q""}, ""stockholders_equity"": {""filed_date"": ""2026-06-03"", ""form_type"": ""10-Q""}, ""operating_cash_flow"": {""filed_date"": ""2026-06-03"", ""form_type"": ""10-Q""}, ""capex"": {""filed_date"": ""2026-06-03"", ""form_type"": ""10-Q""}, ""total_debt"": {""filed_date"": ""2022-06-02"", ""form_type"": ""10-Q""}, ""shares_outstanding"": {""filed_date"": ""2026-06-03"", ""form_type"": ""10-Q""}}",438
R,"Ryder System, Inc.",0.01904274168289998,0.0,5,,0.22545370928432562,3,5,0,10,4,0.19465471960451106,0.19465471960451106,5.575221238938053,263.96,10122038949.609009,282500000.0,0.0,6473000000.0,226000000.0,226000000.0,Industrials,0.01,2026-08-17T07:16:15.740269,True,True,2026-08-17T07:04:15.149357,"{""revenue"": {""filed_date"": ""2026-07-23"", ""form_type"": ""10-Q""}, ""operating_income"": {""filed_date"": ""2026-07-23"", ""form_type"": ""10-Q""}, ""net_income"": {""filed_date"": ""2026-07-23"", ""form_type"": ""10-Q""}, ""total_assets"": {""filed_date"": ""2026-07-23"", ""form_type"": ""10-Q""}, ""current_assets"": {""filed_date"": ""2026-07-23"", ""form_type"": ""10-Q""}, ""current_liabilities"": {""filed_date"": ""2026-07-23"", ""form_type"": ""10-Q""}, ""long_term_debt"": {""filed_date"": ""2025-02-12"", ""form_type"": ""10-K""}, ""cash_and_equivalents"": {""filed_date"": ""2026-07-23"", ""form_type"": ""10-Q""}, ""ppe"": {""filed_date"": ""2023-10-25"", ""form_type"": ""10-Q""}, ""stockholders_equity"": {""filed_date"": ""2026-07-23"", ""form_type"": ""10-Q""}, ""operating_cash_flow"": {""filed_date"": ""2026-07-23"", ""form_type"": ""10-Q""}, ""total_debt"": {""filed_date"": ""2026-07-23"", ""form_type"": ""10-Q""}, ""shares_outstanding"": {""filed_date"": ""2026-07-23"", ""form_type"": ""10-Q""}}",439
ETN,Eaton Corporation plc,0.019006162656195324,0.48578982154659617,4,,0.1629594048006736,3,2,1,6,3,,,0.968583283935981,451.51,175321336791.9922,4593750000.0,0.0,0.0,1687000000.0,3675000000.0,Industrials,0.23,2026-08-17T07:16:15.723430,True,True,2026-08-17T07:04:15.149357,"{""revenue"": {""filed_date"": ""2017-02-22"", ""form_type"": ""10-K""}, ""operating_income"": {""filed_date"": ""2020-02-26"", ""form_type"": ""10-K""}, ""net_income"": {""filed_date"": ""2026-07-31"", ""form_type"": ""10-Q""}, ""total_assets"": {""filed_date"": ""2026-07-31"", ""form_type"": ""10-Q""}, ""current_assets"": {""filed_date"": ""2026-07-31"", ""form_type"": ""10-Q""}, ""current_liabilities"": {""filed_date"": ""2026-07-31"", ""form_type"": ""10-Q""}, ""long_term_debt"": {""filed_date"": ""2026-07-31"", ""form_type"": ""10-Q""}, ""cash_and_equivalents"": {""filed_date"": ""2026-07-31"", ""form_type"": ""10-Q""}, ""ppe"": {""filed_date"": ""2026-07-31"", ""form_type"": ""10-Q""}, ""stockholders_equity"": {""filed_date"": ""2026-07-31"", ""form_type"": ""10-Q""}, ""operating_cash_flow"": {""filed_date"": ""2026-07-31"", ""form_type"": ""10-Q""}, ""capex"": {""filed_date"": ""2026-07-31"", ""form_type"": ""10-Q""}, ""total_debt"": {""filed_date"": ""2026-07-31"", ""form_type"": ""10-Q""}, ""shares_outstanding"": {""filed_date"": ""2026-07-31"", ""form_type"": ""10-Q""}}",440
TDY,Teledyne Technologies Incorporated,0.018901313991068775,0.2439062317770089,5,,0.04669285972769869,2,5,0,10,4,0.5382203057624461,0.5382203057624461,1.147753396029258,679.67,31506559475.69879,784250000.0,0.0,1020400000.0,478500000.0,627400000.0,Information Technology,0.04,2026-08-17T07:16:15.730296,True,True,2026-08-17T07:04:15.149357,"{""revenue"": {""filed_date"": ""2016-03-01"", ""form_type"": ""10-K""}, ""operating_income"": {""filed_date"": ""2026-07-24"", ""form_type"": ""10-Q""}, ""net_income"": {""filed_date"": ""2026-07-24"", ""form_type"": ""10-Q""}, ""total_assets"": {""filed_date"": ""2026-07-24"", ""form_type"": ""10-Q""}, ""current_assets"": {""filed_date"": ""2026-07-24"", ""form_type"": ""10-Q""}, ""current_liabilities"": {""filed_date"": ""2026-07-24"", ""form_type"": ""10-Q""}, ""long_term_debt"": {""filed_date"": ""2026-07-24"", ""form_type"": ""10-Q""}, ""cash_and_equivalents"": {""filed_date"": ""2026-07-24"", ""form_type"": ""10-Q""}, ""ppe"": {""filed_date"": ""2026-02-20"", ""form_type"": ""10-K""}, ""stockholders_equity"": {""filed_date"": ""2026-07-24"", ""form_type"": ""10-Q""}, ""operating_cash_flow"": {""filed_date"": ""2026-07-24"", ""form_type"": ""10-Q""}, ""capex"": {""filed_date"": ""2026-07-24"", ""form_type"": ""10-Q""}, ""total_debt"": {""filed_date"": ""2026-07-24"", ""form_type"": ""10-Q""}, ""shares_outstanding"": {""filed_date"": ""2026-07-24"", ""form_type"": ""10-Q""}}",441
TRMB,Trimble Inc.,0.01889760785579734,2.340966921119593,3,,-0.12235256918098801,1,4,0,7,2,0.1355726959222892,0.1355726959222892,,57.6,13427223138.70005,345000000.0,0.0,3798700000.0,-372800000.0,276000000.0,Information Technology,0.03,2026-08-17T07:16:15.732141,True,True,2026-08-17T07:04:15.149357,"{""revenue"": {""filed_date"": ""2024-02-26"", ""form_type"": ""10-K""}, ""operating_income"": {""filed_date"": ""2026-08-12"", ""form_type"": ""10-Q""}, ""net_income"": {""filed_date"": ""2026-08-12"", ""form_type"": ""10-Q""}, ""total_assets"": {""filed_date"": ""2026-08-12"", ""form_type"": ""10-Q""}, ""current_assets"": {""filed_date"": ""2026-08-12"", ""form_type"": ""10-Q""}, ""current_liabilities"": {""filed_date"": ""2026-08-12"", ""form_type"": ""10-Q""}, ""long_term_debt"": {""filed_date"": ""2026-02-25"", ""form_type"": ""10-K""}, ""cash_and_equivalents"": {""filed_date"": ""2026-08-12"", ""form_type"": ""10-Q""}, ""ppe"": {""filed_date"": ""2026-08-12"", ""form_type"": ""10-Q""}, ""stockholders_equity"": {""filed_date"": ""2026-08-12"", ""form_type"": ""10-Q""}, ""operating_cash_flow"": {""filed_date"": ""2026-08-12"", ""form_type"": ""10-Q""}, ""capex"": {""filed_date"": ""2026-08-12"", ""form_type"": ""10-Q""}, ""total_debt"": {""filed_date"": ""2026-02-25"", ""form_type"": ""10-K""}, ""shares_outstanding"": {""filed_date"": ""2026-08-12"", ""form_type"": ""10-Q""}}",442
IFF,International Flavors & Fragrances Inc.,0.0187787451571745,0.0559640522875817,5,,0.02882385680886947,2,5,0,10,4,0.1760748279121389,0.1760748279121389,3.1004566210045663,84.18,21491446435.052437,513750000.0,0.0,3856315000.0,219000000.0,411000000.0,Materials,0.03,2026-08-17T07:16:15.732867,True,True,2026-08-17T07:04:15.149357,"{""revenue"": {""filed_date"": ""2019-11-04"", ""form_type"": ""10-Q""}, ""operating_income"": {""filed_date"": ""2026-08-04"", ""form_type"": ""10-Q""}, ""net_income"": {""filed_date"": ""2026-08-04"", ""form_type"": ""10-Q""}, ""total_assets"": {""filed_date"": ""2026-08-04"", ""form_type"": ""10-Q""}, ""current_assets"": {""filed_date"": ""2026-08-04"", ""form_type"": ""10-Q""}, ""current_liabilities"": {""filed_date"": ""2026-08-04"", ""form_type"": ""10-Q""}, ""long_term_debt"": {""filed_date"": ""2026-02-27"", ""form_type"": ""10-K""}, ""cash_and_equivalents"": {""filed_date"": ""2026-08-04"", ""form_type"": ""10-Q""}, ""ppe"": {""filed_date"": ""2026-08-04"", ""form_type"": ""10-Q""}, ""stockholders_equity"": {""filed_date"": ""2026-08-04"", ""form_type"": ""10-Q""}, ""operating_cash_flow"": {""filed_date"": ""2026-08-04"", ""form_type"": ""10-Q""}, ""capex"": {""filed_date"": ""2026-08-04"", ""form_type"": ""10-Q""}, ""total_debt"": {""filed_date"": ""2026-08-04"", ""form_type"": ""10-Q""}, ""shares_outstanding"": {""filed_date"": ""2026-08-04"", ""form_type"": ""10-Q""}}",443
ECL,Ecolab Inc.,0.01876462017695641,0.14557442768224496,5,,-0.08622613640093624,1,5,1,10,3,0.13858397689088015,0.13858397689088015,1.2148837209302326,276.11,77401526467.95398,1724875000.0,0.0,8481500000.0,967500000.0,1379900000.0,Materials,0.12,2026-08-17T07:16:15.725256,True,True,2026-08-17T07:04:15.149357,"{""revenue"": {""filed_date"": ""2026-08-06"", ""form_type"": ""10-Q""}, ""operating_income"": {""filed_date"": ""2026-08-06"", ""form_type"": ""10-Q""}, ""net_income"": {""filed_date"": ""2026-08-06"", ""form_type"": ""10-Q""}, ""total_assets"": {""filed_date"": ""2026-08-06"", ""form_type"": ""10-Q""}, ""current_assets"": {""filed_date"": ""2026-08-06"", ""form_type"": ""10-Q""}, ""current_liabilities"": {""filed_date"": ""2026-08-06"", ""form_type"": ""10-Q""}, ""long_term_debt"": {""filed_date"": ""2012-02-28"", ""form_type"": ""10-K""}, ""cash_and_equivalents"": {""filed_date"": ""2026-08-06"", ""form_type"": ""10-Q""}, ""ppe"": {""filed_date"": ""2026-08-06"", ""form_type"": ""10-Q""}, ""stockholders_equity"": {""filed_date"": ""2026-08-06"", ""form_type"": ""10-Q""}, ""operating_cash_flow"": {""filed_date"": ""2026-08-06"", ""form_type"": ""10-Q""}, ""capex"": {""filed_date"": ""2026-08-06"", ""form_type"": ""10-Q""}, ""total_debt"": {""filed_date"": ""2026-08-06"", ""form_type"": ""10-Q""}, ""shares_outstanding"": {""filed_date"": ""2026-08-06"", ""form_type"": ""10-Q""}}",444
FOUR,"Shift4 Payments, Inc.",0.018740095471668095,0.37342261138295135,4,,-0.19356558326594103,1,3,0,7,2,0.08153973509933775,0.08153973509933775,5.324324324324325,45.37,3582420560.061493,181250000.0,0.0,2416000000.0,37000000.0,145000000.0,Financials,0.01,2026-08-17T07:16:15.743672,True,True,2026-08-17T07:04:15.149357,"{""revenue"": {""filed_date"": ""2026-08-06"", ""form_type"": ""10-Q""}, ""operating_income"": {""filed_date"": ""2026-08-06"", ""form_type"": ""10-Q""}, ""net_income"": {""filed_date"": ""2026-08-06"", ""form_type"": ""10-Q""}, ""total_assets"": {""filed_date"": ""2026-08-06"", ""form_type"": ""10-Q""}, ""current_assets"": {""filed_date"": ""2026-08-06"", ""form_type"": ""10-Q""}, ""current_liabilities"": {""filed_date"": ""2026-08-06"", ""form_type"": ""10-Q""}, ""long_term_debt"": {""filed_date"": ""2026-08-06"", ""form_type"": ""10-Q""}, ""cash_and_equivalents"": {""filed_date"": ""2026-08-06"", ""form_type"": ""10-Q""}, ""ppe"": {""filed_date"": ""2024-05-10"", ""form_type"": ""10-Q""}, ""stockholders_equity"": {""filed_date"": ""2026-08-06"", ""form_type"": ""10-Q""}, ""operating_cash_flow"": {""filed_date"": ""2026-08-06"", ""form_type"": ""10-Q""}, ""capex"": {""filed_date"": ""2026-08-06"", ""form_type"": ""10-Q""}, ""total_debt"": {""filed_date"": ""2026-08-06"", ""form_type"": ""10-Q""}, ""shares_outstanding"": {""filed_date"": ""2021-11-12"", ""form_type"": ""10-Q""}}",445
SAIA,"Saia, Inc.",0.01870137425862802,0.06151290256340601,5,,-0.010377233722052959,1,5,0,10,3,0.16521682399927384,0.16521682399927384,2.0206273546614493,384.32,10251601683.370972,240022500.0,0.0,1762720000.0,144129000.0,192018000.0,Industrials,0.01,2026-08-17T07:16:15.738999,True,True,2026-08-17T07:04:15.149357,"{""revenue"": {""filed_date"": ""2026-07-30"", ""form_type"": ""10-Q""}, ""operating_income"": {""filed_date"": ""2026-07-30"", ""form_type"": ""10-Q""}, ""net_income"": {""filed_date"": ""2026-07-30"", ""form_type"": ""10-Q""}, ""total_assets"": {""filed_date"": ""2026-07-30"", ""form_type"": ""10-Q""}, ""current_assets"": {""filed_date"": ""2026-07-30"", ""form_type"": ""10-Q""}, ""current_liabilities"": {""filed_date"": ""2026-07-30"", ""form_type"": ""10-Q""}, ""long_term_debt"": {""filed_date"": ""2026-07-30"", ""form_type"": ""10-Q""}, ""cash_and_equivalents"": {""filed_date"": ""2026-07-30"", ""form_type"": ""10-Q""}, ""ppe"": {""filed_date"": ""2026-07-30"", ""form_type"": ""10-Q""}, ""stockholders_equity"": {""filed_date"": ""2026-07-30"", ""form_type"": ""10-Q""}, ""operating_cash_flow"": {""filed_date"": ""2026-07-30"", ""form_type"": ""10-Q""}, ""capex"": {""filed_date"": ""2026-07-30"", ""form_type"": ""10-Q""}, ""total_debt"": {""filed_date"": ""2026-07-30"", ""form_type"": ""10-Q""}, ""shares_outstanding"": {""filed_date"": ""2026-07-30"", ""form_type"": ""10-Q""}}",446
SJM,The J. M. Smucker Company,0.01850192274444113,0.1460072963113093,2,,0.16633084785630264,3,2,0,4,2,,,,121.39,12974246893.865204,450250000.0,0.0,0.0,-138700000.0,360200000.0,Consumer Staples,0.02,2026-08-17T07:16:15.736181,True,True,2026-08-17T07:04:15.149357,"{""operating_income"": {""filed_date"": ""2026-06-09"", ""form_type"": ""10-K""}, ""net_income"": {""filed_date"": ""2026-06-09"", ""form_type"": ""10-K""}, ""total_assets"": {""filed_date"": ""2026-06-09"", ""form_type"": ""10-K""}, ""current_assets"": {""filed_date"": ""2026-06-09"", ""form_type"": ""10-K""}, ""current_liabilities"": {""filed_date"": ""2026-06-09"", ""form_type"": ""10-K""}, ""long_term_debt"": {""filed_date"": ""2026-06-09"", ""form_type"": ""10-K""}, ""cash_and_equivalents"": {""filed_date"": ""2019-08-27"", ""form_type"": ""10-Q""}, ""ppe"": {""filed_date"": ""2026-06-09"", ""form_type"": ""10-K""}, ""stockholders_equity"": {""filed_date"": ""2026-06-09"", ""form_type"": ""10-K""}, ""operating_cash_flow"": {""filed_date"": ""2026-06-09"", ""form_type"": ""10-K""}, ""capex"": {""filed_date"": ""2026-06-09"", ""form_type"": ""10-K""}, ""total_debt"": {""filed_date"": ""2026-06-09"", ""form_type"": ""10-K""}, ""shares_outstanding"": {""filed_date"": ""2026-06-09"", ""form_type"": ""10-K""}}",447
LAMR,Lamar Advertising Company,0.018370012730459875,0.2527446716460319,4,,0.19931776167918203,3,5,0,9,4,0.333360292965037,0.333360292965037,1.5257712680700362,155.47,15787929495.442017,442528750.0,0.0,1199324000.0,262036000.0,354023000.0,Real Estate,0.02,2026-08-17T07:16:15.736593,True,True,2026-08-17T07:04:15.149357,"{""revenue"": {""filed_date"": ""2018-11-08"", ""form_type"": ""10-Q""}, ""operating_income"": {""filed_date"": ""2026-08-06"", ""form_type"": ""10-Q""}, ""net_income"": {""filed_date"": ""2026-08-06"", ""form_type"": ""10-Q""}, ""total_assets"": {""filed_date"": ""2026-08-06"", ""form_type"": ""10-Q""}, ""current_assets"": {""filed_date"": ""2026-08-06"", ""form_type"": ""10-Q""}, ""current_liabilities"": {""filed_date"": ""2026-08-06"", ""form_type"": ""10-Q""}, ""long_term_debt"": {""filed_date"": ""2020-05-07"", ""form_type"": ""10-Q""}, ""cash_and_equivalents"": {""filed_date"": ""2026-08-06"", ""form_type"": ""10-Q""}, ""ppe"": {""filed_date"": ""2026-08-06"", ""form_type"": ""10-Q""}, ""stockholders_equity"": {""filed_date"": ""2023-02-24"", ""form_type"": ""10-K""}, ""operating_cash_flow"": {""filed_date"": ""2026-08-06"", ""form_type"": ""10-Q""}, ""capex"": {""filed_date"": ""2026-08-06"", ""form_type"": ""10-Q""}, ""total_debt"": {""filed_date"": ""2020-05-07"", ""form_type"": ""10-Q""}, ""shares_outstanding"": {""filed_date"": ""2026-08-06"", ""form_type"": ""10-Q""}}",448
MAS,Masco Corporation,0.01835508038973405,0.13350232361639205,2,,-0.015286306949932998,1,0,0,1,0,-0.04118873826903024,,-0.37089201877934275,74.33,14656942032.960968,395000000.0,0.0,1918000000.0,213000000.0,316000000.0,Industrials,0.03,2026-08-17T07:16:15.733649,True,True,2026-08-17T07:04:15.149357,"{""revenue"": {""filed_date"": ""2026-04-22"", ""form_type"": ""10-Q""}, ""operating_income"": {""filed_date"": ""2026-04-22"", ""form_type"": ""10-Q""}, ""net_income"": {""filed_date"": ""2026-04-22"", ""form_type"": ""10-Q""}, ""total_assets"": {""filed_date"": ""2026-04-22"", ""form_type"": ""10-Q""}, ""current_assets"": {""filed_date"": ""2026-04-22"", ""form_type"": ""10-Q""}, ""current_liabilities"": {""filed_date"": ""2026-04-22"", ""form_type"": ""10-Q""}, ""long_term_debt"": {""filed_date"": ""2026-02-10"", ""form_type"": ""10-K""}, ""cash_and_equivalents"": {""filed_date"": ""2026-04-22"", ""form_type"": ""10-Q""}, ""ppe"": {""filed_date"": ""2024-10-29"", ""form_type"": ""10-Q""}, ""stockholders_equity"": {""filed_date"": ""2026-04-22"", ""form_type"": ""10-Q""}, ""operating_cash_flow"": {""filed_date"": ""2026-04-22"", ""form_type"": ""10-Q""}, ""capex"": {""filed_date"": ""2013-05-08"", ""form_type"": ""8-K""}, ""total_debt"": {""filed_date"": ""2026-02-10"", ""form_type"": ""10-K""}, ""shares_outstanding"": {""filed_date"": ""2026-04-22"", ""form_type"": ""10-Q""}}",449
AXP,American Express Company,0.0183249726120546,0.021989967134465518,5,,-7.787399364124092e-05,1,5,2,10,3,0.3298105611272871,0.3298105611272871,1.5085498191384412,342.48,231280119025.0154,5608750000.0,0.0,27819000000.0,6082000000.0,4487000000.0,Financials,0.29,2026-08-17T07:16:15.722756,True,True,2026-08-17T07:04:15.149357,"{""revenue"": {""filed_date"": ""2011-02-28"", ""form_type"": ""10-K""}, ""operating_income"": {""filed_date"": ""2010-11-03"", ""form_type"": ""10-Q""}, ""net_income"": {""filed_date"": ""2026-07-24"", ""form_type"": ""10-Q""}, ""total_assets"": {""filed_date"": ""2026-07-24"", ""form_type"": ""10-Q""}, ""long_term_debt"": {""filed_date"": ""2026-07-24"", ""form_type"": ""10-Q""}, ""cash_and_equivalents"": {""filed_date"": ""2023-10-20"", ""form_type"": ""10-Q""}, ""ppe"": {""filed_date"": ""2026-07-24"", ""form_type"": ""10-Q""}, ""stockholders_equity"": {""filed_date"": ""2026-07-24"", ""form_type"": ""10-Q""}, ""operating_cash_flow"": {""filed_date"": ""2026-07-24"", ""form_type"": ""10-Q""}, ""capex"": {""filed_date"": ""2026-07-24"", ""form_type"": ""10-Q""}, ""total_debt"": {""filed_date"": ""2026-07-24"", ""form_type"": ""10-Q""}, ""shares_outstanding"": {""filed_date"": ""2026-07-24"", ""form_type"": ""10-Q""}}",450
GEN,Gen Digital Inc.,0.018307480913130385,0.0,4,,0.2552664460241772,3,5,0,9,4,16.074074074074073,16.074074074074073,2.0186046511627906,28.48,17047758397.348602,553750000.0,0.0,27000000.0,215000000.0,443000000.0,Information Technology,0.03,2026-08-17T07:16:15.732995,True,True,2026-08-17T07:04:15.149357,"{""revenue"": {""filed_date"": ""2022-08-05"", ""form_type"": ""10-Q""}, ""operating_income"": {""filed_date"": ""2026-08-07"", ""form_type"": ""10-Q""}, ""net_income"": {""filed_date"": ""2026-08-07"", ""form_type"": ""10-Q""}, ""total_assets"": {""filed_date"": ""2026-08-07"", ""form_type"": ""10-Q""}, ""current_assets"": {""filed_date"": ""2026-08-07"", ""form_type"": ""10-Q""}, ""current_liabilities"": {""filed_date"": ""2026-08-07"", ""form_type"": ""10-Q""}, ""long_term_debt"": {""filed_date"": ""2026-08-07"", ""form_type"": ""10-Q""}, ""cash_and_equivalents"": {""filed_date"": ""2025-05-15"", ""form_type"": ""10-K""}, ""ppe"": {""filed_date"": ""2026-08-07"", ""form_type"": ""10-Q""}, ""stockholders_equity"": {""filed_date"": ""2026-08-07"", ""form_type"": ""10-Q""}, ""operating_cash_flow"": {""filed_date"": ""2026-08-07"", ""form_type"": ""10-Q""}, ""capex"": {""filed_date"": ""2026-08-07"", ""form_type"": ""10-Q""}, ""total_debt"": {""filed_date"": ""2026-08-07"", ""form_type"": ""10-Q""}, ""shares_outstanding"": {""filed_date"": ""2026-08-07"", ""form_type"": ""10-Q""}}",451
MEDP,"Medpace Holdings, Inc.",0.018241489676092223,0.0,5,,0.3510673312520731,3,5,0,10,4,1.9242382432838474,1.9242382432838474,1.2796005415280225,578.5,16146892417.5,360408750.0,0.0,163077000.0,245232000.0,288327000.0,Health Care,0.02,2026-08-17T07:16:15.737059,True,True,2026-08-17T07:04:15.149357,"{""revenue"": {""filed_date"": ""2018-05-01"", ""form_type"": ""10-Q""}, ""operating_income"": {""filed_date"": ""2026-07-23"", ""form_type"": ""10-Q""}, ""net_income"": {""filed_date"": ""2026-07-23"", ""form_type"": ""10-Q""}, ""total_assets"": {""filed_date"": ""2026-07-23"", ""form_type"": ""10-Q""}, ""current_assets"": {""filed_date"": ""2026-07-23"", ""form_type"": ""10-Q""}, ""current_liabilities"": {""filed_date"": ""2026-07-23"", ""form_type"": ""10-Q""}, ""long_term_debt"": {""filed_date"": ""2017-05-02"", ""form_type"": ""10-Q""}, ""cash_and_equivalents"": {""filed_date"": ""2026-07-23"", ""form_type"": ""10-Q""}, ""ppe"": {""filed_date"": ""2026-07-23"", ""form_type"": ""10-Q""}, ""stockholders_equity"": {""filed_date"": ""2026-07-23"", ""form_type"": ""10-Q""}, ""operating_cash_flow"": {""filed_date"": ""2026-07-23"", ""form_type"": ""10-Q""}, ""capex"": {""filed_date"": ""2026-07-23"", ""form_type"": ""10-Q""}, ""total_debt"": {""filed_date"": ""2017-05-02"", ""form_type"": ""10-Q""}, ""shares_outstanding"": {""filed_date"": ""2026-07-23"", ""form_type"": ""10-Q""}}",452
TMO,Thermo Fisher Scientific Inc.,0.0182176562103208,0.20733819746994908,4,,0.17518664547190602,3,4,1,8,4,0.5667179224329404,0.5667179224329404,0.9793327428402716,588.29,217518622756.61,4937500000.0,0.0,5853000000.0,3387000000.0,3950000000.0,Health Care,0.32,2026-08-17T07:16:15.722537,True,True,2026-08-17T07:04:15.149357,"{""revenue"": {""filed_date"": ""2018-05-04"", ""form_type"": ""10-Q""}, ""operating_income"": {""filed_date"": ""2026-07-31"", ""form_type"": ""10-Q""}, ""net_income"": {""filed_date"": ""2026-07-31"", ""form_type"": ""10-Q""}, ""total_assets"": {""filed_date"": ""2026-07-31"", ""form_type"": ""10-Q""}, ""current_assets"": {""filed_date"": ""2026-07-31"", ""form_type"": ""10-Q""}, ""current_liabilities"": {""filed_date"": ""2026-07-31"", ""form_type"": ""10-Q""}, ""long_term_debt"": {""filed_date"": ""2026-07-31"", ""form_type"": ""10-Q""}, ""cash_and_equivalents"": {""filed_date"": ""2026-07-31"", ""form_type"": ""10-Q""}, ""ppe"": {""filed_date"": ""2026-07-31"", ""form_type"": ""10-Q""}, ""stockholders_equity"": {""filed_date"": ""2026-07-31"", ""form_type"": ""10-Q""}, ""operating_cash_flow"": {""filed_date"": ""2026-07-31"", ""form_type"": ""10-Q""}, ""capex"": {""filed_date"": ""2026-07-31"", ""form_type"": ""10-Q""}, ""total_debt"": {""filed_date"": ""2026-07-31"", ""form_type"": ""10-Q""}, ""shares_outstanding"": {""filed_date"": ""2026-07-31"", ""form_type"": ""10-Q""}}",453
CR,Crane Company,0.018214434625225717,0.18399457953775503,4,,0.09416551043324631,2,2,0,5,3,0.0653015269861375,0.0653015269861375,0.5693251533742332,218.34,12620129517.368774,305500000.0,0.0,1421100000.0,163000000.0,244400000.0,Industrials,0.02,2026-08-17T07:16:15.737917,True,True,2026-08-17T07:04:15.149357,"{""revenue"": {""filed_date"": ""2026-07-31"", ""form_type"": ""10-Q""}, ""operating_income"": {""filed_date"": ""2026-07-31"", ""form_type"": ""10-Q""}, ""net_income"": {""filed_date"": ""2026-07-31"", ""form_type"": ""10-Q""}, ""total_assets"": {""filed_date"": ""2026-07-31"", ""form_type"": ""10-Q""}, ""current_assets"": {""filed_date"": ""2026-07-31"", ""form_type"": ""10-Q""}, ""current_liabilities"": {""filed_date"": ""2026-07-31"", ""form_type"": ""10-Q""}, ""long_term_debt"": {""filed_date"": ""2026-02-26"", ""form_type"": ""10-K""}, ""cash_and_equivalents"": {""filed_date"": ""2026-07-31"", ""form_type"": ""10-Q""}, ""ppe"": {""filed_date"": ""2026-07-31"", ""form_type"": ""10-Q""}, ""stockholders_equity"": {""filed_date"": ""2026-07-31"", ""form_type"": ""10-Q""}, ""operating_cash_flow"": {""filed_date"": ""2026-07-31"", ""form_type"": ""10-Q""}, ""total_debt"": {""filed_date"": ""2026-02-26"", ""form_type"": ""10-K""}, ""shares_outstanding"": {""filed_date"": ""2026-07-31"", ""form_type"": ""10-Q""}}",454
XPO,"XPO, Inc.",0.018179390041434044,0.12098966829798803,6,,0.044127823270400705,2,3,0,8,4,0.07983739837398374,0.07983739837398374,1.8669201520912548,211.06,24712269017.044373,556250000.0,0.0,6150000000.0,263000000.0,445000000.0,Industrials,0.03,2026-08-17T07:16:15.733738,True,True,2026-08-17T07:04:15.149357,"{""revenue"": {""filed_date"": ""2024-10-30"", ""form_type"": ""10-Q""}, ""operating_income"": {""filed_date"": ""2026-07-30"", ""form_type"": ""10-Q""}, ""net_income"": {""filed_date"": ""2026-07-30"", ""form_type"": ""10-Q""}, ""total_assets"": {""filed_date"": ""2026-07-30"", ""form_type"": ""10-Q""}, ""current_assets"": {""filed_date"": ""2026-07-30"", ""form_type"": ""10-Q""}, ""current_liabilities"": {""filed_date"": ""2026-07-30"", ""form_type"": ""10-Q""}, ""long_term_debt"": {""filed_date"": ""2018-05-07"", ""form_type"": ""10-Q""}, ""cash_and_equivalents"": {""filed_date"": ""2026-07-30"", ""form_type"": ""10-Q""}, ""ppe"": {""filed_date"": ""2026-07-30"", ""form_type"": ""10-Q""}, ""stockholders_equity"": {""filed_date"": ""2026-07-30"", ""form_type"": ""10-Q""}, ""operating_cash_flow"": {""filed_date"": ""2026-07-30"", ""form_type"": ""10-Q""}, ""capex"": {""filed_date"": ""2026-07-30"", ""form_type"": ""10-Q""}, ""total_debt"": {""filed_date"": ""2019-10-28"", ""form_type"": ""10-Q""}, ""shares_outstanding"": {""filed_date"": ""2026-07-30"", ""form_type"": ""10-Q""}}",455
IDXX,"IDEXX Laboratories, Inc.",0.01805273627472708,0.8252364767941767,5,,-0.1201110928185314,1,4,0,8,3,0.2602056074369911,0.2602056074369911,0.9944103829406443,550.96,43405245402.39038,985190000.0,0.0,2357405000.0,616858000.0,788152000.0,Health Care,0.09,2026-08-17T07:16:15.726641,True,True,2026-08-17T07:04:15.149357,"{""revenue"": {""filed_date"": ""2026-08-04"", ""form_type"": ""10-Q""}, ""operating_income"": {""filed_date"": ""2026-08-04"", ""form_type"": ""10-Q""}, ""net_income"": {""filed_date"": ""2026-08-04"", ""form_type"": ""10-Q""}, ""total_assets"": {""filed_date"": ""2026-08-04"", ""form_type"": ""10-Q""}, ""current_assets"": {""filed_date"": ""2026-08-04"", ""form_type"": ""10-Q""}, ""current_liabilities"": {""filed_date"": ""2026-08-04"", ""form_type"": ""10-Q""}, ""long_term_debt"": {""filed_date"": ""2026-02-20"", ""form_type"": ""10-K""}, ""cash_and_equivalents"": {""filed_date"": ""2026-08-04"", ""form_type"": ""10-Q""}, ""ppe"": {""filed_date"": ""2026-08-04"", ""form_type"": ""10-Q""}, ""stockholders_equity"": {""filed_date"": ""2026-08-04"", ""form_type"": ""10-Q""}, ""operating_cash_flow"": {""filed_date"": ""2026-08-04"", ""form_type"": ""10-Q""}, ""capex"": {""filed_date"": ""2026-08-04"", ""form_type"": ""10-Q""}, ""total_debt"": {""filed_date"": ""2026-02-20"", ""form_type"": ""10-K""}, ""shares_outstanding"": {""filed_date"": ""2026-08-04"", ""form_type"": ""10-Q""}}",456
NVT,nVent Electric plc,0.01800538358083434,0.3708074998132517,4,,0.49166627766599863,3,2,0,5,3,0.09903070062285778,0.09903070062285778,0.7499302260675411,171.39,27740832066.419754,620500000.0,0.0,2713300000.0,358300000.0,496400000.0,Industrials,0.02,2026-08-17T07:16:15.734130,True,True,2026-08-17T07:04:15.149357,"{""revenue"": {""filed_date"": ""2026-07-31"", ""form_type"": ""10-Q""}, ""operating_income"": {""filed_date"": ""2026-07-31"", ""form_type"": ""10-Q""}, ""net_income"": {""filed_date"": ""2026-07-31"", ""form_type"": ""10-Q""}, ""total_assets"": {""filed_date"": ""2026-07-31"", ""form_type"": ""10-Q""}, ""current_assets"": {""filed_date"": ""2026-07-31"", ""form_type"": ""10-Q""}, ""current_liabilities"": {""filed_date"": ""2026-07-31"", ""form_type"": ""10-Q""}, ""long_term_debt"": {""filed_date"": ""2026-07-31"", ""form_type"": ""10-Q""}, ""cash_and_equivalents"": {""filed_date"": ""2024-02-20"", ""form_type"": ""10-K""}, ""ppe"": {""filed_date"": ""2026-07-31"", ""form_type"": ""10-Q""}, ""stockholders_equity"": {""filed_date"": ""2026-07-31"", ""form_type"": ""10-Q""}, ""operating_cash_flow"": {""filed_date"": ""2026-07-31"", ""form_type"": ""10-Q""}, ""capex"": {""filed_date"": ""2026-07-31"", ""form_type"": ""10-Q""}, ""total_debt"": {""filed_date"": ""2026-02-17"", ""form_type"": ""10-K""}, ""shares_outstanding"": {""filed_date"": ""2026-07-31"", ""form_type"": ""10-Q""}}",457
ODFL,"Old Dominion Freight Line, Inc.",0.01798883905218921,0.1592975003073426,5,,0.09420860757209612,2,3,0,7,3,,,1.0976057086671003,210.97,43746026796.46088,978302500.0,0.0,0.0,588859000.0,782642000.0,Industrials,0.05,2026-08-17T07:16:15.729485,True,True,2026-08-17T07:04:15.149357,"{""operating_income"": {""filed_date"": ""2026-08-05"", ""form_type"": ""10-Q""}, ""net_income"": {""filed_date"": ""2026-08-05"", ""form_type"": ""10-Q""}, ""total_assets"": {""filed_date"": ""2026-08-05"", ""form_type"": ""10-Q""}, ""current_assets"": {""filed_date"": ""2026-08-05"", ""form_type"": ""10-Q""}, ""current_liabilities"": {""filed_date"": ""2026-08-05"", ""form_type"": ""10-Q""}, ""long_term_debt"": {""filed_date"": ""2019-02-27"", ""form_type"": ""10-K""}, ""cash_and_equivalents"": {""filed_date"": ""2026-08-05"", ""form_type"": ""10-Q""}, ""ppe"": {""filed_date"": ""2026-08-05"", ""form_type"": ""10-Q""}, ""stockholders_equity"": {""filed_date"": ""2026-08-05"", ""form_type"": ""10-Q""}, ""operating_cash_flow"": {""filed_date"": ""2026-08-05"", ""form_type"": ""10-Q""}, ""total_debt"": {""filed_date"": ""2019-02-27"", ""form_type"": ""10-K""}, ""shares_outstanding"": {""filed_date"": ""2026-08-05"", ""form_type"": ""10-Q""}}",458
DHR,Danaher Corporation,0.017900242255862245,0.22259255922889828,5,,-0.014816553456661179,1,5,2,10,3,0.14356808927763534,0.14356808927763534,1.503949447077409,202.45,142319524486.95682,3088750000.0,0.0,19893000000.0,1899000000.0,2471000000.0,Health Care,0.23,2026-08-17T07:16:15.723492,True,True,2026-08-17T07:04:15.149357,"{""revenue"": {""filed_date"": ""2019-02-21"", ""form_type"": ""10-K""}, ""operating_income"": {""filed_date"": ""2026-07-21"", ""form_type"": ""10-Q""}, ""net_income"": {""filed_date"": ""2026-07-21"", ""form_type"": ""10-Q""}, ""total_assets"": {""filed_date"": ""2026-07-21"", ""form_type"": ""10-Q""}, ""current_assets"": {""filed_date"": ""2026-07-21"", ""form_type"": ""10-Q""}, ""current_liabilities"": {""filed_date"": ""2026-07-21"", ""form_type"": ""10-Q""}, ""long_term_debt"": {""filed_date"": ""2026-07-21"", ""form_type"": ""10-Q""}, ""cash_and_equivalents"": {""filed_date"": ""2020-10-22"", ""form_type"": ""10-Q""}, ""ppe"": {""filed_date"": ""2026-07-21"", ""form_type"": ""10-Q""}, ""stockholders_equity"": {""filed_date"": ""2026-07-21"", ""form_type"": ""10-Q""}, ""operating_cash_flow"": {""filed_date"": ""2026-07-21"", ""form_type"": ""10-Q""}, ""capex"": {""filed_date"": ""2026-07-21"", ""form_type"": ""10-Q""}, ""total_debt"": {""filed_date"": ""2026-07-21"", ""form_type"": ""10-Q""}, ""shares_outstanding"": {""filed_date"": ""2026-07-21"", ""form_type"": ""10-Q""}}",459
BSY,"Bentley Systems, Incorporated",0.017878780252368734,0.0,5,,0.09301218132123776,2,5,0,10,4,0.36051079881717196,0.36051079881717196,1.5228933254387529,36.24,10947846804.412884,268585000.0,0.0,734849000.0,173959000.0,214868000.0,Information Technology,0.01,2026-08-17T07:16:15.738792,True,True,2026-08-17T07:04:15.149357,"{""revenue"": {""filed_date"": ""2021-03-02"", ""form_type"": ""10-K""}, ""operating_income"": {""filed_date"": ""2026-08-06"", ""form_type"": ""10-Q""}, ""net_income"": {""filed_date"": ""2026-08-06"", ""form_type"": ""10-Q""}, ""total_assets"": {""filed_date"": ""2026-08-06"", ""form_type"": ""10-Q""}, ""current_assets"": {""filed_date"": ""2026-08-06"", ""form_type"": ""10-Q""}, ""current_liabilities"": {""filed_date"": ""2026-08-06"", ""form_type"": ""10-Q""}, ""long_term_debt"": {""filed_date"": ""2026-08-06"", ""form_type"": ""10-Q""}, ""cash_and_equivalents"": {""filed_date"": ""2026-08-06"", ""form_type"": ""10-Q""}, ""ppe"": {""filed_date"": ""2026-08-06"", ""form_type"": ""10-Q""}, ""stockholders_equity"": {""filed_date"": ""2026-08-06"", ""form_type"": ""10-Q""}, ""operating_cash_flow"": {""filed_date"": ""2026-08-06"", ""form_type"": ""10-Q""}, ""capex"": {""filed_date"": ""2026-08-06"", ""form_type"": ""10-Q""}, ""total_debt"": {""filed_date"": ""2026-08-06"", ""form_type"": ""10-Q""}, ""shares_outstanding"": {""filed_date"": ""2026-08-06"", ""form_type"": ""10-Q""}}",460
ED,"Consolidated Edison, Inc.",0.017862737456371028,0.02061151583076492,4,,-0.029377913353301213,1,2,0,5,2,0.034151128557409226,0.034151128557409226,0.18831168831168832,108.8,40237356399.02742,1471250000.0,0.0,5095000000.0,924000000.0,1177000000.0,Utilities,0.06,2026-08-17T07:16:15.728487,True,True,2026-08-17T07:04:15.149357,"{""revenue"": {""filed_date"": ""2026-05-07"", ""form_type"": ""10-Q""}, ""operating_income"": {""filed_date"": ""2026-05-07"", ""form_type"": ""10-Q""}, ""net_income"": {""filed_date"": ""2026-05-07"", ""form_type"": ""10-Q""}, ""total_assets"": {""filed_date"": ""2026-05-07"", ""form_type"": ""10-Q""}, ""current_assets"": {""filed_date"": ""2026-05-07"", ""form_type"": ""10-Q""}, ""current_liabilities"": {""filed_date"": ""2026-05-07"", ""form_type"": ""10-Q""}, ""long_term_debt"": {""filed_date"": ""2026-02-19"", ""form_type"": ""10-K""}, ""cash_and_equivalents"": {""filed_date"": ""2026-05-07"", ""form_type"": ""10-Q""}, ""ppe"": {""filed_date"": ""2026-05-07"", ""form_type"": ""10-Q""}, ""stockholders_equity"": {""filed_date"": ""2026-05-07"", ""form_type"": ""10-Q""}, ""operating_cash_flow"": {""filed_date"": ""2026-05-07"", ""form_type"": ""10-Q""}, ""capex"": {""filed_date"": ""2023-02-16"", ""form_type"": ""10-K""}, ""total_debt"": {""filed_date"": ""2026-02-19"", ""form_type"": ""10-K""}, ""shares_outstanding"": {""filed_date"": ""2026-02-19"", ""form_type"": ""10-K""}}",461
LAZ,"Lazard, Inc.",0.017849344758507565,0.02141921371020908,3,,-0.11672491080717329,1,0,0,2,0,-0.2813283055277207,,-2.1727674501565657,44.64,4350193474.600891,111967500.0,0.0,779399000.0,100916000.0,89574000.0,Financials,0.01,2026-08-17T07:16:15.743573,True,True,2026-08-17T07:04:15.149357,"{""revenue"": {""filed_date"": ""2026-05-04"", ""form_type"": ""10-Q""}, ""operating_income"": {""filed_date"": ""2026-05-04"", ""form_type"": ""10-Q""}, ""net_income"": {""filed_date"": ""2026-05-04"", ""form_type"": ""10-Q""}, ""total_assets"": {""filed_date"": ""2026-05-04"", ""form_type"": ""10-Q""}, ""long_term_debt"": {""filed_date"": ""2026-05-04"", ""form_type"": ""10-Q""}, ""cash_and_equivalents"": {""filed_date"": ""2026-05-04"", ""form_type"": ""10-Q""}, ""ppe"": {""filed_date"": ""2026-05-04"", ""form_type"": ""10-Q""}, ""stockholders_equity"": {""filed_date"": ""2026-05-04"", ""form_type"": ""10-Q""}, ""operating_cash_flow"": {""filed_date"": ""2026-05-04"", ""form_type"": ""10-Q""}, ""capex"": {""filed_date"": ""2026-05-04"", ""form_type"": ""10-Q""}, ""total_debt"": {""filed_date"": ""2026-05-04"", ""form_type"": ""10-Q""}, ""shares_outstanding"": {""filed_date"": ""2026-05-04"", ""form_type"": ""10-Q""}}",462
BLDR,"Builders FirstSource, Inc.",0.0178050771266265,0.04092355169122913,4,,-0.367443043936142,1,2,0,5,2,0.02174659510114167,0.02174659510114167,,72.51,7801819326.92083,181278750.0,0.0,7149625000.0,-51314000.0,145023000.0,Industrials,0.03,2026-08-17T07:16:15.733592,True,True,2026-08-17T07:04:15.149357,"{""revenue"": {""filed_date"": ""2026-07-30"", ""form_type"": ""10-Q""}, ""operating_income"": {""filed_date"": ""2026-07-30"", ""form_type"": ""10-Q""}, ""net_income"": {""filed_date"": ""2026-07-30"", ""form_type"": ""10-Q""}, ""total_assets"": {""filed_date"": ""2026-07-30"", ""form_type"": ""10-Q""}, ""current_assets"": {""filed_date"": ""2026-07-30"", ""form_type"": ""10-Q""}, ""current_liabilities"": {""filed_date"": ""2026-07-30"", ""form_type"": ""10-Q""}, ""long_term_debt"": {""filed_date"": ""2015-08-07"", ""form_type"": ""10-Q""}, ""cash_and_equivalents"": {""filed_date"": ""2026-07-30"", ""form_type"": ""10-Q""}, ""ppe"": {""filed_date"": ""2026-07-30"", ""form_type"": ""10-Q""}, ""stockholders_equity"": {""filed_date"": ""2026-07-30"", ""form_type"": ""10-Q""}, ""operating_cash_flow"": {""filed_date"": ""2026-07-30"", ""form_type"": ""10-Q""}, ""capex"": {""filed_date"": ""2026-07-30"", ""form_type"": ""10-Q""}, ""total_debt"": {""filed_date"": ""2015-08-07"", ""form_type"": ""10-Q""}, ""shares_outstanding"": {""filed_date"": ""2026-07-30"", ""form_type"": ""10-Q""}}",463
AMZN,"Amazon.com, Inc.",0.017768845548017928,0.14057778447461064,5,,0.30574199287149406,3,5,2,10,4,0.4223827281648675,0.4223827281648675,1.193094373932777,262.65,2833025193851.3667,64141250000.0,0.0,382125000000.0,135281000000.0,51313000000.0,Consumer Discretionary,3.67,2026-08-17T07:16:15.721352,True,True,2026-08-17T07:04:15.149357,"{""revenue"": {""filed_date"": ""2026-07-31"", ""form_type"": ""10-Q""}, ""operating_income"": {""filed_date"": ""2026-07-31"", ""form_type"": ""10-Q""}, ""net_income"": {""filed_date"": ""2026-07-31"", ""form_type"": ""10-Q""}, ""total_assets"": {""filed_date"": ""2026-07-31"", ""form_type"": ""10-Q""}, ""current_assets"": {""filed_date"": ""2026-07-31"", ""form_type"": ""10-Q""}, ""current_liabilities"": {""filed_date"": ""2026-07-31"", ""form_type"": ""10-Q""}, ""long_term_debt"": {""filed_date"": ""2026-07-31"", ""form_type"": ""10-Q""}, ""cash_and_equivalents"": {""filed_date"": ""2026-07-31"", ""form_type"": ""10-Q""}, ""ppe"": {""filed_date"": ""2026-02-06"", ""form_type"": ""10-K""}, ""stockholders_equity"": {""filed_date"": ""2026-07-31"", ""form_type"": ""10-Q""}, ""operating_cash_flow"": {""filed_date"": ""2026-07-31"", ""form_type"": ""10-Q""}, ""capex"": {""filed_date"": ""2017-04-28"", ""form_type"": ""10-Q""}, ""total_debt"": {""filed_date"": ""2026-07-31"", ""form_type"": ""10-Q""}, ""shares_outstanding"": {""filed_date"": ""2026-07-31"", ""form_type"": ""10-Q""}}",464
AME,"AMETEK, Inc.",0.017710573357990925,0.7354389809190229,5,,0.09534616600697172,2,5,1,10,4,0.23540122743613248,0.23540122743613248,1.1599460715184935,254.79,58413470819.53046,1303911250.0,0.0,3972834000.0,806253000.0,1043129000.0,Industrials,0.07,2026-08-17T07:16:15.727779,True,True,2026-08-17T07:04:15.149357,"{""revenue"": {""filed_date"": ""2026-08-04"", ""form_type"": ""10-Q""}, ""operating_income"": {""filed_date"": ""2026-08-04"", ""form_type"": ""10-Q""}, ""net_income"": {""filed_date"": ""2026-08-04"", ""form_type"": ""10-Q""}, ""total_assets"": {""filed_date"": ""2026-08-04"", ""form_type"": ""10-Q""}, ""current_assets"": {""filed_date"": ""2026-08-04"", ""form_type"": ""10-Q""}, ""current_liabilities"": {""filed_date"": ""2026-08-04"", ""form_type"": ""10-Q""}, ""long_term_debt"": {""filed_date"": ""2026-02-17"", ""form_type"": ""10-K""}, ""cash_and_equivalents"": {""filed_date"": ""2026-08-04"", ""form_type"": ""10-Q""}, ""ppe"": {""filed_date"": ""2026-08-04"", ""form_type"": ""10-Q""}, ""stockholders_equity"": {""filed_date"": ""2026-08-04"", ""form_type"": ""10-Q""}, ""operating_cash_flow"": {""filed_date"": ""2026-08-04"", ""form_type"": ""10-Q""}, ""capex"": {""filed_date"": ""2026-08-04"", ""form_type"": ""10-Q""}, ""total_debt"": {""filed_date"": ""2026-08-04"", ""form_type"": ""10-Q""}, ""shares_outstanding"": {""filed_date"": ""2026-02-17"", ""form_type"": ""10-K""}}",465
CUBE,CubeSmart,0.017642266483344216,0.02117071978001306,5,,0.09799541746812843,2,5,0,10,4,0.5279201501087153,0.5279201501087153,3.5399215126650017,41.48,9354639763.884361,206136250.0,0.0,281929000.0,42045000.0,164909000.0,Real Estate,0.02,2026-08-17T07:16:15.738298,True,True,2026-08-17T07:04:15.149357,"{""revenue"": {""filed_date"": ""2026-05-01"", ""form_type"": ""10-Q""}, ""operating_income"": {""filed_date"": ""2018-10-26"", ""form_type"": ""10-Q""}, ""net_income"": {""filed_date"": ""2020-02-21"", ""form_type"": ""10-K""}, ""total_assets"": {""filed_date"": ""2026-05-01"", ""form_type"": ""10-Q""}, ""cash_and_equivalents"": {""filed_date"": ""2026-05-01"", ""form_type"": ""10-Q""}, ""stockholders_equity"": {""filed_date"": ""2026-05-01"", ""form_type"": ""10-Q""}, ""operating_cash_flow"": {""filed_date"": ""2026-05-01"", ""form_type"": ""10-Q""}, ""capex"": {""filed_date"": ""2025-05-02"", ""form_type"": ""10-Q""}, ""shares_outstanding"": {""filed_date"": ""2026-05-01"", ""form_type"": ""10-Q""}}",466
JBHT,"J.B. Hunt Transport Services, Inc.",0.017596730777196333,0.08128262412719188,6,,0.25588720012140215,3,4,0,9,5,0.10059936841824155,0.10059936841824155,2.242080431015509,279.71,26264768197.631836,583125000.0,0.0,7189568000.0,322587000.0,466500000.0,Industrials,0.02,2026-08-17T07:16:15.735888,True,True,2026-08-17T07:04:15.149357,"{""revenue"": {""filed_date"": ""2018-02-23"", ""form_type"": ""10-K""}, ""operating_income"": {""filed_date"": ""2026-07-24"", ""form_type"": ""10-Q""}, ""net_income"": {""filed_date"": ""2026-07-24"", ""form_type"": ""10-Q""}, ""total_assets"": {""filed_date"": ""2026-07-24"", ""form_type"": ""10-Q""}, ""current_assets"": {""filed_date"": ""2026-07-24"", ""form_type"": ""10-Q""}, ""current_liabilities"": {""filed_date"": ""2026-07-24"", ""form_type"": ""10-Q""}, ""long_term_debt"": {""filed_date"": ""2025-02-21"", ""form_type"": ""10-K""}, ""cash_and_equivalents"": {""filed_date"": ""2026-07-24"", ""form_type"": ""10-Q""}, ""ppe"": {""filed_date"": ""2026-07-24"", ""form_type"": ""10-Q""}, ""stockholders_equity"": {""filed_date"": ""2026-07-24"", ""form_type"": ""10-Q""}, ""operating_cash_flow"": {""filed_date"": ""2026-07-24"", ""form_type"": ""10-Q""}, ""capex"": {""filed_date"": ""2026-07-24"", ""form_type"": ""10-Q""}, ""total_debt"": {""filed_date"": ""2015-07-30"", ""form_type"": ""10-Q""}, ""shares_outstanding"": {""filed_date"": ""2026-02-24"", ""form_type"": ""10-K""}}",467
DXCM,"DexCom, Inc.",0.017505935979422488,0.20453572956782198,5,,0.27431491709654904,3,5,0,10,4,1.1459054209919262,1.1459054209919262,1.7717342844404815,89.75,33868128658.75,717000000.0,0.0,693600000.0,448600000.0,573600000.0,Health Care,0.05,2026-08-17T07:16:15.729200,True,True,2026-08-17T07:04:15.149357,"{""revenue"": {""filed_date"": ""2018-11-06"", ""form_type"": ""10-Q""}, ""operating_income"": {""filed_date"": ""2026-07-30"", ""form_type"": ""10-Q""}, ""net_income"": {""filed_date"": ""2026-07-30"", ""form_type"": ""10-Q""}, ""total_assets"": {""filed_date"": ""2026-07-30"", ""form_type"": ""10-Q""}, ""current_assets"": {""filed_date"": ""2026-07-30"", ""form_type"": ""10-Q""}, ""current_liabilities"": {""filed_date"": ""2026-07-30"", ""form_type"": ""10-Q""}, ""long_term_debt"": {""filed_date"": ""2015-11-04"", ""form_type"": ""10-Q""}, ""cash_and_equivalents"": {""filed_date"": ""2026-07-30"", ""form_type"": ""10-Q""}, ""ppe"": {""filed_date"": ""2023-04-27"", ""form_type"": ""10-Q""}, ""stockholders_equity"": {""filed_date"": ""2026-07-30"", ""form_type"": ""10-Q""}, ""operating_cash_flow"": {""filed_date"": ""2026-07-30"", ""form_type"": ""10-Q""}, ""capex"": {""filed_date"": ""2026-07-30"", ""form_type"": ""10-Q""}, ""total_debt"": {""filed_date"": ""2015-11-04"", ""form_type"": ""10-Q""}, ""shares_outstanding"": {""filed_date"": ""2026-07-30"", ""form_type"": ""10-Q""}}",468
MSI,"Motorola Solutions, Inc.",0.017423216362467093,0.7764842840512224,4,,0.02486998888683884,2,4,1,8,4,0.6267029972752044,0.6267029972752044,0.9967497291440953,466.51,77204508656.03027,1667500000.0,0.0,1468000000.0,923000000.0,1334000000.0,Information Technology,0.13,2026-08-17T07:16:15.725037,True,True,2026-08-17T07:04:15.149357,"{""revenue"": {""filed_date"": ""2018-05-04"", ""form_type"": ""10-Q""}, ""operating_income"": {""filed_date"": ""2026-08-05"", ""form_type"": ""10-Q""}, ""net_income"": {""filed_date"": ""2026-08-05"", ""form_type"": ""10-Q""}, ""total_assets"": {""filed_date"": ""2026-08-05"", ""form_type"": ""10-Q""}, ""current_assets"": {""filed_date"": ""2026-08-05"", ""form_type"": ""10-Q""}, ""current_liabilities"": {""filed_date"": ""2026-08-05"", ""form_type"": ""10-Q""}, ""long_term_debt"": {""filed_date"": ""2012-10-24"", ""form_type"": ""10-Q""}, ""cash_and_equivalents"": {""filed_date"": ""2026-08-05"", ""form_type"": ""10-Q""}, ""ppe"": {""filed_date"": ""2026-02-12"", ""form_type"": ""10-K""}, ""stockholders_equity"": {""filed_date"": ""2026-08-05"", ""form_type"": ""10-Q""}, ""operating_cash_flow"": {""filed_date"": ""2026-08-05"", ""form_type"": ""10-Q""}, ""total_debt"": {""filed_date"": ""2025-08-07"", ""form_type"": ""10-Q""}, ""shares_outstanding"": {""filed_date"": ""2026-08-05"", ""form_type"": ""10-Q""}}",469
A,"Agilent Technologies, Inc.",0.01740998009566004,0.16372741127803178,4,,0.204127357119336,3,4,0,8,4,0.12186940966010733,0.12186940966010733,0.8462732919254659,148.53,41949616297.55444,940000000.0,0.0,4472000000.0,644000000.0,752000000.0,Health Care,0.06,2026-08-17T07:16:15.728792,True,True,2026-08-17T07:04:15.149357,"{""revenue"": {""filed_date"": ""2017-12-21"", ""form_type"": ""10-K""}, ""operating_income"": {""filed_date"": ""2026-06-01"", ""form_type"": ""10-Q""}, ""net_income"": {""filed_date"": ""2026-06-01"", ""form_type"": ""10-Q""}, ""total_assets"": {""filed_date"": ""2026-06-01"", ""form_type"": ""10-Q""}, ""current_assets"": {""filed_date"": ""2026-06-01"", ""form_type"": ""10-Q""}, ""current_liabilities"": {""filed_date"": ""2026-06-01"", ""form_type"": ""10-Q""}, ""long_term_debt"": {""filed_date"": ""2026-06-01"", ""form_type"": ""10-Q""}, ""cash_and_equivalents"": {""filed_date"": ""2026-06-01"", ""form_type"": ""10-Q""}, ""ppe"": {""filed_date"": ""2026-06-01"", ""form_type"": ""10-Q""}, ""stockholders_equity"": {""filed_date"": ""2026-06-01"", ""form_type"": ""10-Q""}, ""operating_cash_flow"": {""filed_date"": ""2026-06-01"", ""form_type"": ""10-Q""}, ""capex"": {""filed_date"": ""2026-06-01"", ""form_type"": ""10-Q""}, ""total_debt"": {""filed_date"": ""2026-06-01"", ""form_type"": ""10-Q""}, ""shares_outstanding"": {""filed_date"": ""2026-06-01"", ""form_type"": ""10-Q""}}",470
ADC,Agree Realty Corporation,0.017406535697598657,0.02088784283711839,5,,-0.036143626423242856,1,5,0,10,3,0.6802691256864257,0.6802691256864257,2.3660371538250615,74.74,9296109363.697128,242328750.0,0.0,405907000.0,116704000.0,193863000.0,Real Estate,0.01,2026-08-17T07:16:15.739580,True,True,2026-08-17T07:04:15.149357,"{""revenue"": {""filed_date"": ""2026-07-30"", ""form_type"": ""10-Q""}, ""operating_income"": {""filed_date"": ""2026-07-30"", ""form_type"": ""10-Q""}, ""net_income"": {""filed_date"": ""2026-07-30"", ""form_type"": ""10-Q""}, ""total_assets"": {""filed_date"": ""2026-07-30"", ""form_type"": ""10-Q""}, ""long_term_debt"": {""filed_date"": ""2022-05-03"", ""form_type"": ""10-Q""}, ""cash_and_equivalents"": {""filed_date"": ""2026-07-30"", ""form_type"": ""10-Q""}, ""ppe"": {""filed_date"": ""2019-02-21"", ""form_type"": ""10-K""}, ""stockholders_equity"": {""filed_date"": ""2026-07-30"", ""form_type"": ""10-Q""}, ""operating_cash_flow"": {""filed_date"": ""2026-07-30"", ""form_type"": ""10-Q""}, ""capex"": {""filed_date"": ""2025-02-11"", ""form_type"": ""10-K""}, ""total_debt"": {""filed_date"": ""2022-05-03"", ""form_type"": ""10-Q""}, ""shares_outstanding"": {""filed_date"": ""2026-07-30"", ""form_type"": ""10-Q""}}",471
ELF,"e.l.f. Beauty, Inc.",0.017405284468969027,0.18231926204489596,5,,0.04766273740022259,2,5,0,10,4,0.23293969414213983,0.23293969414213983,1.6766768269793841,91.44,5395691298.30249,128051250.0,0.0,479373000.0,66599000.0,102441000.0,Consumer Staples,0.01,2026-08-17T07:16:15.743352,True,True,2026-08-17T07:04:15.149357,"{""revenue"": {""filed_date"": ""2026-08-06"", ""form_type"": ""10-Q""}, ""operating_income"": {""filed_date"": ""2026-08-06"", ""form_type"": ""10-Q""}, ""net_income"": {""filed_date"": ""2026-08-06"", ""form_type"": ""10-Q""}, ""total_assets"": {""filed_date"": ""2026-08-06"", ""form_type"": ""10-Q""}, ""current_assets"": {""filed_date"": ""2026-08-06"", ""form_type"": ""10-Q""}, ""current_liabilities"": {""filed_date"": ""2026-08-06"", ""form_type"": ""10-Q""}, ""long_term_debt"": {""filed_date"": ""2026-08-06"", ""form_type"": ""10-Q""}, ""cash_and_equivalents"": {""filed_date"": ""2026-08-06"", ""form_type"": ""10-Q""}, ""ppe"": {""filed_date"": ""2026-08-06"", ""form_type"": ""10-Q""}, ""stockholders_equity"": {""filed_date"": ""2026-08-06"", ""form_type"": ""10-Q""}, ""operating_cash_flow"": {""filed_date"": ""2026-08-06"", ""form_type"": ""10-Q""}, ""capex"": {""filed_date"": ""2026-08-06"", ""form_type"": ""10-Q""}, ""total_debt"": {""filed_date"": ""2026-08-06"", ""form_type"": ""10-Q""}, ""shares_outstanding"": {""filed_date"": ""2026-08-06"", ""form_type"": ""10-Q""}}",472
AAON,"AAON, Inc.",0.017396843454081,0.09346225087716174,4,,-0.14407647775585597,1,2,0,5,2,,,0.5697700934966934,87.8,7239429755.828537,157428750.0,0.0,0.0,96474000.0,125943000.0,Industrials,0.01,2026-08-17T07:16:15.744069,True,True,2026-08-17T07:04:15.149357,"{""operating_income"": {""filed_date"": ""2026-08-10"", ""form_type"": ""10-Q""}, ""net_income"": {""filed_date"": ""2026-08-10"", ""form_type"": ""10-Q""}, ""total_assets"": {""filed_date"": ""2026-08-10"", ""form_type"": ""10-Q""}, ""current_assets"": {""filed_date"": ""2026-08-10"", ""form_type"": ""10-Q""}, ""current_liabilities"": {""filed_date"": ""2026-08-10"", ""form_type"": ""10-Q""}, ""cash_and_equivalents"": {""filed_date"": ""2026-08-10"", ""form_type"": ""10-Q""}, ""ppe"": {""filed_date"": ""2026-08-10"", ""form_type"": ""10-Q""}, ""stockholders_equity"": {""filed_date"": ""2026-08-10"", ""form_type"": ""10-Q""}, ""operating_cash_flow"": {""filed_date"": ""2026-08-10"", ""form_type"": ""10-Q""}, ""total_debt"": {""filed_date"": ""2026-03-02"", ""form_type"": ""10-K""}, ""shares_outstanding"": {""filed_date"": ""2026-08-10"", ""form_type"": ""10-Q""}}",473
XEL,Xcel Energy Inc.,0.017300772186580188,0.021821334090603373,4,,-0.0048706529494349695,1,5,0,9,3,0.32035276600618484,0.32035276600618484,2.449211908931699,79.17,49452296862.280426,1825000000.0,0.0,8731000000.0,1142000000.0,1460000000.0,Utilities,0.07,2026-08-17T07:16:15.727839,True,True,2026-08-17T07:04:15.149357,"{""revenue"": {""filed_date"": ""2019-10-25"", ""form_type"": ""10-Q""}, ""operating_income"": {""filed_date"": ""2026-07-30"", ""form_type"": ""10-Q""}, ""net_income"": {""filed_date"": ""2026-07-30"", ""form_type"": ""10-Q""}, ""total_assets"": {""filed_date"": ""2026-07-30"", ""form_type"": ""10-Q""}, ""current_assets"": {""filed_date"": ""2026-07-30"", ""form_type"": ""10-Q""}, ""current_liabilities"": {""filed_date"": ""2026-07-30"", ""form_type"": ""10-Q""}, ""long_term_debt"": {""filed_date"": ""2026-07-30"", ""form_type"": ""10-Q""}, ""cash_and_equivalents"": {""filed_date"": ""2026-07-30"", ""form_type"": ""10-Q""}, ""ppe"": {""filed_date"": ""2026-07-30"", ""form_type"": ""10-Q""}, ""stockholders_equity"": {""filed_date"": ""2026-07-30"", ""form_type"": ""10-Q""}, ""operating_cash_flow"": {""filed_date"": ""2026-07-30"", ""form_type"": ""10-Q""}, ""capex"": {""filed_date"": ""2013-02-22"", ""form_type"": ""10-K""}, ""total_debt"": {""filed_date"": ""2026-07-30"", ""form_type"": ""10-Q""}, ""shares_outstanding"": {""filed_date"": ""2026-07-30"", ""form_type"": ""10-Q""}}",474
KIM,Kimco Realty Corporation,0.017266217932126796,0.020719461518552154,5,,0.077891280277994,2,5,0,10,4,0.5305717715366918,0.5305717715366918,1.848905692160708,24.41,16373968492.575665,504895000.0,0.0,1108817000.0,318192000.0,403916000.0,Real Estate,0.02,2026-08-17T07:16:15.734190,True,True,2026-08-17T07:04:15.149357,"{""revenue"": {""filed_date"": ""2026-08-04"", ""form_type"": ""10-Q""}, ""operating_income"": {""filed_date"": ""2026-08-04"", ""form_type"": ""10-Q""}, ""net_income"": {""filed_date"": ""2026-08-04"", ""form_type"": ""10-Q""}, ""total_assets"": {""filed_date"": ""2026-08-04"", ""form_type"": ""10-Q""}, ""long_term_debt"": {""filed_date"": ""2026-02-20"", ""form_type"": ""10-K""}, ""cash_and_equivalents"": {""filed_date"": ""2026-08-04"", ""form_type"": ""10-Q""}, ""ppe"": {""filed_date"": ""2011-02-28"", ""form_type"": ""10-K""}, ""stockholders_equity"": {""filed_date"": ""2026-08-04"", ""form_type"": ""10-Q""}, ""operating_cash_flow"": {""filed_date"": ""2026-08-04"", ""form_type"": ""10-Q""}, ""capex"": {""filed_date"": ""2026-02-20"", ""form_type"": ""10-K""}, ""total_debt"": {""filed_date"": ""2026-02-20"", ""form_type"": ""10-K""}, ""shares_outstanding"": {""filed_date"": ""2026-08-04"", ""form_type"": ""10-Q""}}",475
SOLV,Solventum Corporation,0.017256005888921507,0.1866096866096866,4,,0.20154607763976987,3,2,0,5,3,0.009013282732447819,0.009013282732447819,0.3619047619047619,88.59,15080119528.732086,327500000.0,0.0,4216000000.0,105000000.0,262000000.0,Health Care,0.02,2026-08-17T07:16:15.737444,True,True,2026-08-17T07:04:15.149357,"{""revenue"": {""filed_date"": ""2026-08-05"", ""form_type"": ""10-Q""}, ""operating_income"": {""filed_date"": ""2026-08-05"", ""form_type"": ""10-Q""}, ""net_income"": {""filed_date"": ""2026-08-05"", ""form_type"": ""10-Q""}, ""total_assets"": {""filed_date"": ""2026-08-05"", ""form_type"": ""10-Q""}, ""current_assets"": {""filed_date"": ""2026-08-05"", ""form_type"": ""10-Q""}, ""current_liabilities"": {""filed_date"": ""2026-08-05"", ""form_type"": ""10-Q""}, ""long_term_debt"": {""filed_date"": ""2026-02-27"", ""form_type"": ""10-K""}, ""cash_and_equivalents"": {""filed_date"": ""2026-08-05"", ""form_type"": ""10-Q""}, ""ppe"": {""filed_date"": ""2026-02-27"", ""form_type"": ""10-K""}, ""stockholders_equity"": {""filed_date"": ""2026-08-05"", ""form_type"": ""10-Q""}, ""operating_cash_flow"": {""filed_date"": ""2026-08-05"", ""form_type"": ""10-Q""}, ""capex"": {""filed_date"": ""2026-08-05"", ""form_type"": ""10-Q""}, ""total_debt"": {""filed_date"": ""2026-08-05"", ""form_type"": ""10-Q""}, ""shares_outstanding"": {""filed_date"": ""2026-08-05"", ""form_type"": ""10-Q""}}",476
FIX,"Comfort Systems USA, Inc.",0.017227506112984157,0.6236493216955251,6,,0.3280483470969783,3,5,1,10,5,0.249267165422604,0.249267165422604,1.8821325648414986,1774.06,62436853367.907715,1304605000.0,0.0,6130988000.0,811980000.0,1043684000.0,Industrials,0.04,2026-08-17T07:16:15.730666,True,True,2026-08-17T07:04:15.149357,"{""revenue"": {""filed_date"": ""2026-07-23"", ""form_type"": ""10-Q""}, ""operating_income"": {""filed_date"": ""2026-07-23"", ""form_type"": ""10-Q""}, ""net_income"": {""filed_date"": ""2026-07-23"", ""form_type"": ""10-Q""}, ""total_assets"": {""filed_date"": ""2026-07-23"", ""form_type"": ""10-Q""}, ""current_assets"": {""filed_date"": ""2026-07-23"", ""form_type"": ""10-Q""}, ""current_liabilities"": {""filed_date"": ""2026-07-23"", ""form_type"": ""10-Q""}, ""long_term_debt"": {""filed_date"": ""2026-07-23"", ""form_type"": ""10-Q""}, ""cash_and_equivalents"": {""filed_date"": ""2026-07-23"", ""form_type"": ""10-Q""}, ""ppe"": {""filed_date"": ""2026-07-23"", ""form_type"": ""10-Q""}, ""stockholders_equity"": {""filed_date"": ""2026-07-23"", ""form_type"": ""10-Q""}, ""operating_cash_flow"": {""filed_date"": ""2026-07-23"", ""form_type"": ""10-Q""}, ""capex"": {""filed_date"": ""2026-07-23"", ""form_type"": ""10-Q""}, ""total_debt"": {""filed_date"": ""2015-10-29"", ""form_type"": ""10-Q""}, ""shares_outstanding"": {""filed_date"": ""2026-07-23"", ""form_type"": ""10-Q""}}",477
RS,"Reliance, Inc.",0.01703839425271255,0.059711424537029524,5,,0.26653392562671707,3,2,1,7,3,0.010225653286865371,0.010225653286865371,0.5715364288410721,426.54,21776810325.957184,459875000.0,0.0,14805900000.0,264900000.0,367900000.0,Materials,0.03,2026-08-17T07:16:15.733769,True,True,2026-08-17T07:04:15.149357,"{""revenue"": {""filed_date"": ""2024-02-29"", ""form_type"": ""10-K""}, ""operating_income"": {""filed_date"": ""2026-04-29"", ""form_type"": ""10-Q""}, ""net_income"": {""filed_date"": ""2026-04-29"", ""form_type"": ""10-Q""}, ""total_assets"": {""filed_date"": ""2026-04-29"", ""form_type"": ""10-Q""}, ""current_assets"": {""filed_date"": ""2026-04-29"", ""form_type"": ""10-Q""}, ""current_liabilities"": {""filed_date"": ""2026-04-29"", ""form_type"": ""10-Q""}, ""long_term_debt"": {""filed_date"": ""2016-02-26"", ""form_type"": ""10-K""}, ""cash_and_equivalents"": {""filed_date"": ""2026-04-29"", ""form_type"": ""10-Q""}, ""ppe"": {""filed_date"": ""2026-04-29"", ""form_type"": ""10-Q""}, ""stockholders_equity"": {""filed_date"": ""2026-04-29"", ""form_type"": ""10-Q""}, ""operating_cash_flow"": {""filed_date"": ""2026-04-29"", ""form_type"": ""10-Q""}, ""capex"": {""filed_date"": ""2026-04-29"", ""form_type"": ""10-Q""}, ""total_debt"": {""filed_date"": ""2019-05-02"", ""form_type"": ""10-Q""}, ""shares_outstanding"": {""filed_date"": ""2026-04-29"", ""form_type"": ""10-Q""}}",478
BJ,"BJ's Wholesale Club Holdings, Inc.",0.016937826301687872,0.12198159888574811,5,,-0.060639567892709724,1,2,0,6,2,0.02472101033295063,0.02472101033295063,0.9806061964883763,93.41,11927895793.299347,259891250.0,0.0,5661500000.0,142726000.0,207913000.0,Consumer Staples,0.02,2026-08-17T07:16:15.735242,True,True,2026-08-17T07:04:15.149357,"{""revenue"": {""filed_date"": ""2026-05-28"", ""form_type"": ""10-Q""}, ""operating_income"": {""filed_date"": ""2026-05-28"", ""form_type"": ""10-Q""}, ""net_income"": {""filed_date"": ""2026-05-28"", ""form_type"": ""10-Q""}, ""total_assets"": {""filed_date"": ""2026-05-28"", ""form_type"": ""10-Q""}, ""current_assets"": {""filed_date"": ""2026-05-28"", ""form_type"": ""10-Q""}, ""current_liabilities"": {""filed_date"": ""2026-05-28"", ""form_type"": ""10-Q""}, ""long_term_debt"": {""filed_date"": ""2026-05-28"", ""form_type"": ""10-Q""}, ""cash_and_equivalents"": {""filed_date"": ""2026-05-28"", ""form_type"": ""10-Q""}, ""ppe"": {""filed_date"": ""2026-05-28"", ""form_type"": ""10-Q""}, ""stockholders_equity"": {""filed_date"": ""2026-05-28"", ""form_type"": ""10-Q""}, ""operating_cash_flow"": {""filed_date"": ""2026-05-28"", ""form_type"": ""10-Q""}, ""capex"": {""filed_date"": ""2026-05-28"", ""form_type"": ""10-Q""}, ""total_debt"": {""filed_date"": ""2026-05-28"", ""form_type"": ""10-Q""}, ""shares_outstanding"": {""filed_date"": ""2026-05-28"", ""form_type"": ""10-Q""}}",479
RAL,Ralliant Corporation,0.016933749184587274,0.27447041636230823,5,,0.6276685592183022,3,4,0,8,4,0.11303637848135716,0.11303637848135716,1.2287968441814596,72.29,7998166279.613953,187875000.0,0.0,1102300000.0,101400000.0,150300000.0,Information Technology,0.01,2026-08-17T07:16:15.745348,True,True,2026-08-17T07:04:15.149357,"{""revenue"": {""filed_date"": ""2026-07-30"", ""form_type"": ""10-Q""}, ""operating_income"": {""filed_date"": ""2026-07-30"", ""form_type"": ""10-Q""}, ""net_income"": {""filed_date"": ""2026-07-30"", ""form_type"": ""10-Q""}, ""total_assets"": {""filed_date"": ""2026-07-30"", ""form_type"": ""10-Q""}, ""current_assets"": {""filed_date"": ""2026-07-30"", ""form_type"": ""10-Q""}, ""current_liabilities"": {""filed_date"": ""2026-07-30"", ""form_type"": ""10-Q""}, ""long_term_debt"": {""filed_date"": ""2026-07-30"", ""form_type"": ""10-Q""}, ""cash_and_equivalents"": {""filed_date"": ""2026-07-30"", ""form_type"": ""10-Q""}, ""ppe"": {""filed_date"": ""2026-07-30"", ""form_type"": ""10-Q""}, ""stockholders_equity"": {""filed_date"": ""2026-07-30"", ""form_type"": ""10-Q""}, ""operating_cash_flow"": {""filed_date"": ""2026-07-30"", ""form_type"": ""10-Q""}, ""capex"": {""filed_date"": ""2026-07-30"", ""form_type"": ""10-Q""}, ""total_debt"": {""filed_date"": ""2026-07-30"", ""form_type"": ""10-Q""}, ""shares_outstanding"": {""filed_date"": ""2026-07-30"", ""form_type"": ""10-Q""}}",480
ALNY,"Alnylam Pharmaceuticals, Inc.",0.016914574149103776,0.13656582196415862,5,,-0.3125582394803763,1,5,0,10,3,0.3829006244348951,0.3829006244348951,1.0721837591265504,228.65,30595454013.993958,625096250.0,0.0,1037418000.0,370485000.0,500077000.0,Health Care,0.09,2026-08-17T07:16:15.726127,True,True,2026-08-17T07:04:15.149357,"{""revenue"": {""filed_date"": ""2023-02-23"", ""form_type"": ""10-K""}, ""operating_income"": {""filed_date"": ""2026-07-30"", ""form_type"": ""10-Q""}, ""net_income"": {""filed_date"": ""2026-07-30"", ""form_type"": ""10-Q""}, ""total_assets"": {""filed_date"": ""2026-07-30"", ""form_type"": ""10-Q""}, ""current_assets"": {""filed_date"": ""2026-07-30"", ""form_type"": ""10-Q""}, ""current_liabilities"": {""filed_date"": ""2026-07-30"", ""form_type"": ""10-Q""}, ""long_term_debt"": {""filed_date"": ""2022-07-28"", ""form_type"": ""10-Q""}, ""cash_and_equivalents"": {""filed_date"": ""2026-07-30"", ""form_type"": ""10-Q""}, ""ppe"": {""filed_date"": ""2026-07-30"", ""form_type"": ""10-Q""}, ""stockholders_equity"": {""filed_date"": ""2026-07-30"", ""form_type"": ""10-Q""}, ""operating_cash_flow"": {""filed_date"": ""2026-07-30"", ""form_type"": ""10-Q""}, ""capex"": {""filed_date"": ""2026-07-30"", ""form_type"": ""10-Q""}, ""total_debt"": {""filed_date"": ""2022-07-28"", ""form_type"": ""10-Q""}, ""shares_outstanding"": {""filed_date"": ""2026-07-30"", ""form_type"": ""10-Q""}}",481
ACI,"Albertsons Companies, Inc.",0.01688255754726742,0.03377668434945286,6,,-0.3104622116141138,1,3,1,9,3,0.029224267889790552,0.029224267889790552,8.605667060212514,12.42,6083048051.027128,329500000.0,0.0,24941600000.0,84700000.0,263600000.0,Consumer Staples,0.01,2026-08-17T07:16:15.739262,True,True,2026-08-17T07:04:15.149357,"{""revenue"": {""filed_date"": ""2026-07-28"", ""form_type"": ""10-Q""}, ""operating_income"": {""filed_date"": ""2026-07-28"", ""form_type"": ""10-Q""}, ""net_income"": {""filed_date"": ""2026-07-28"", ""form_type"": ""10-Q""}, ""total_assets"": {""filed_date"": ""2026-07-28"", ""form_type"": ""10-Q""}, ""current_assets"": {""filed_date"": ""2026-07-28"", ""form_type"": ""10-Q""}, ""current_liabilities"": {""filed_date"": ""2026-07-28"", ""form_type"": ""10-Q""}, ""long_term_debt"": {""filed_date"": ""2019-04-24"", ""form_type"": ""10-K""}, ""cash_and_equivalents"": {""filed_date"": ""2026-07-28"", ""form_type"": ""10-Q""}, ""ppe"": {""filed_date"": ""2023-01-10"", ""form_type"": ""10-Q""}, ""stockholders_equity"": {""filed_date"": ""2026-07-28"", ""form_type"": ""10-Q""}, ""operating_cash_flow"": {""filed_date"": ""2026-07-28"", ""form_type"": ""10-Q""}, ""capex"": {""filed_date"": ""2021-04-28"", ""form_type"": ""10-K""}, ""total_debt"": {""filed_date"": ""2019-04-24"", ""form_type"": ""10-K""}, ""shares_outstanding"": {""filed_date"": ""2020-05-13"", ""form_type"": ""10-K""}}",482
EXC,Exelon Corporation,0.016725292454350938,0.018887241403657416,4,,-0.028150271779308685,1,5,0,9,3,0.2380557856945595,0.2380557856945595,1.4722459436379163,45.86,47247447555.43712,2006250000.0,0.0,7242000000.0,1171000000.0,1605000000.0,Utilities,0.08,2026-08-17T07:16:15.727312,True,True,2026-08-17T07:04:15.149357,"{""revenue"": {""filed_date"": ""2026-05-06"", ""form_type"": ""10-Q""}, ""operating_income"": {""filed_date"": ""2026-05-06"", ""form_type"": ""10-Q""}, ""net_income"": {""filed_date"": ""2013-02-22"", ""form_type"": ""10-K""}, ""total_assets"": {""filed_date"": ""2026-05-06"", ""form_type"": ""10-Q""}, ""current_assets"": {""filed_date"": ""2026-05-06"", ""form_type"": ""10-Q""}, ""current_liabilities"": {""filed_date"": ""2026-05-06"", ""form_type"": ""10-Q""}, ""long_term_debt"": {""filed_date"": ""2026-02-12"", ""form_type"": ""10-K""}, ""cash_and_equivalents"": {""filed_date"": ""2026-05-06"", ""form_type"": ""10-Q""}, ""ppe"": {""filed_date"": ""2026-05-06"", ""form_type"": ""10-Q""}, ""stockholders_equity"": {""filed_date"": ""2026-05-06"", ""form_type"": ""10-Q""}, ""operating_cash_flow"": {""filed_date"": ""2026-05-06"", ""form_type"": ""10-Q""}, ""capex"": {""filed_date"": ""2026-05-06"", ""form_type"": ""10-Q""}, ""total_debt"": {""filed_date"": ""2026-02-12"", ""form_type"": ""10-K""}, ""shares_outstanding"": {""filed_date"": ""2026-05-06"", ""form_type"": ""10-Q""}}",483
HXL,Hexcel Corporation,0.016672572866782143,0.0636083834090576,5,,0.17391870474522383,3,3,0,7,3,0.09381063251843229,0.09381063251843229,1.9614604462474645,104.07,7870132626.561554,162750000.0,0.0,1030800000.0,49300000.0,130200000.0,Industrials,0.01,2026-08-17T07:16:15.744938,True,True,2026-08-17T07:04:15.149357,"{""revenue"": {""filed_date"": ""2026-07-29"", ""form_type"": ""10-Q""}, ""operating_income"": {""filed_date"": ""2026-07-29"", ""form_type"": ""10-Q""}, ""net_income"": {""filed_date"": ""2026-07-29"", ""form_type"": ""10-Q""}, ""total_assets"": {""filed_date"": ""2026-07-29"", ""form_type"": ""10-Q""}, ""current_assets"": {""filed_date"": ""2026-07-29"", ""form_type"": ""10-Q""}, ""current_liabilities"": {""filed_date"": ""2026-07-29"", ""form_type"": ""10-Q""}, ""long_term_debt"": {""filed_date"": ""2019-07-22"", ""form_type"": ""10-Q""}, ""cash_and_equivalents"": {""filed_date"": ""2026-07-29"", ""form_type"": ""10-Q""}, ""ppe"": {""filed_date"": ""2026-07-29"", ""form_type"": ""10-Q""}, ""stockholders_equity"": {""filed_date"": ""2026-07-29"", ""form_type"": ""10-Q""}, ""operating_cash_flow"": {""filed_date"": ""2026-07-29"", ""form_type"": ""10-Q""}, ""capex"": {""filed_date"": ""2026-07-29"", ""form_type"": ""10-Q""}, ""total_debt"": {""filed_date"": ""2015-02-05"", ""form_type"": ""10-K""}, ""shares_outstanding"": {""filed_date"": ""2026-02-11"", ""form_type"": ""10-K""}}",484
PPL,PPL Corporation,0.01664705502675251,0.02027155723653778,4,,-0.026308185818441604,1,5,0,9,3,0.20079307858687814,0.20079307858687814,1.2323008849557522,36.02,27099660383.638664,931250000.0,0.0,2774000000.0,452000000.0,745000000.0,Utilities,0.05,2026-08-17T07:16:15.729831,True,True,2026-08-17T07:04:15.149357,"{""revenue"": {""filed_date"": ""2026-05-08"", ""form_type"": ""10-Q""}, ""operating_income"": {""filed_date"": ""2026-05-08"", ""form_type"": ""10-Q""}, ""net_income"": {""filed_date"": ""2026-05-08"", ""form_type"": ""10-Q""}, ""total_assets"": {""filed_date"": ""2026-05-08"", ""form_type"": ""10-Q""}, ""current_assets"": {""filed_date"": ""2026-05-08"", ""form_type"": ""10-Q""}, ""current_liabilities"": {""filed_date"": ""2026-05-08"", ""form_type"": ""10-Q""}, ""long_term_debt"": {""filed_date"": ""2026-02-20"", ""form_type"": ""10-K""}, ""cash_and_equivalents"": {""filed_date"": ""2026-05-08"", ""form_type"": ""10-Q""}, ""ppe"": {""filed_date"": ""2026-05-08"", ""form_type"": ""10-Q""}, ""stockholders_equity"": {""filed_date"": ""2024-02-16"", ""form_type"": ""10-K""}, ""operating_cash_flow"": {""filed_date"": ""2026-05-08"", ""form_type"": ""10-Q""}, ""capex"": {""filed_date"": ""2026-05-08"", ""form_type"": ""10-Q""}, ""total_debt"": {""filed_date"": ""2026-02-20"", ""form_type"": ""10-K""}, ""shares_outstanding"": {""filed_date"": ""2026-05-08"", ""form_type"": ""10-Q""}}",485
TFX,Teleflex Incorporated,0.016609690136514116,0.057019840184803945,3,,0.3061172925793758,3,0,0,2,1,0.0,,0.0,137.17,5812221618.903824,116258750.0,0.0,1118594000.0,91539000.0,93007000.0,Health Care,0.01,2026-08-17T07:16:15.744612,True,True,2026-08-17T07:04:15.149357,"{""revenue"": {""filed_date"": ""2026-08-06"", ""form_type"": ""10-Q""}, ""operating_income"": {""filed_date"": ""2026-08-06"", ""form_type"": ""10-Q""}, ""net_income"": {""filed_date"": ""2026-08-06"", ""form_type"": ""10-Q""}, ""total_assets"": {""filed_date"": ""2026-08-06"", ""form_type"": ""10-Q""}, ""current_assets"": {""filed_date"": ""2026-08-06"", ""form_type"": ""10-Q""}, ""current_liabilities"": {""filed_date"": ""2026-08-06"", ""form_type"": ""10-Q""}, ""long_term_debt"": {""filed_date"": ""2026-08-06"", ""form_type"": ""10-Q""}, ""cash_and_equivalents"": {""filed_date"": ""2026-08-06"", ""form_type"": ""10-Q""}, ""ppe"": {""filed_date"": ""2026-08-06"", ""form_type"": ""10-Q""}, ""stockholders_equity"": {""filed_date"": ""2026-08-06"", ""form_type"": ""10-Q""}, ""capex"": {""filed_date"": ""2026-08-06"", ""form_type"": ""10-Q""}, ""total_debt"": {""filed_date"": ""2026-08-06"", ""form_type"": ""10-Q""}, ""shares_outstanding"": {""filed_date"": ""2026-08-06"", ""form_type"": ""10-Q""}}",486
EXLS,"ExlService Holdings, Inc.",0.016541889519191357,0.15121987368975767,4,,0.1525985021535804,3,2,0,5,3,0.0030139335251450424,0.0030139335251450424,0.025625736050446477,34.815,5279147168.911537,114782500.0,0.0,570351000.0,67081000.0,91826000.0,Industrials,0.01,2026-08-17T07:16:15.741328,True,True,2026-08-17T07:04:15.149357,"{""revenue"": {""filed_date"": ""2026-04-28"", ""form_type"": ""10-Q""}, ""operating_income"": {""filed_date"": ""2026-04-28"", ""form_type"": ""10-Q""}, ""net_income"": {""filed_date"": ""2026-04-28"", ""form_type"": ""10-Q""}, ""total_assets"": {""filed_date"": ""2026-04-28"", ""form_type"": ""10-Q""}, ""current_assets"": {""filed_date"": ""2026-04-28"", ""form_type"": ""10-Q""}, ""current_liabilities"": {""filed_date"": ""2026-04-28"", ""form_type"": ""10-Q""}, ""long_term_debt"": {""filed_date"": ""2026-04-28"", ""form_type"": ""10-Q""}, ""cash_and_equivalents"": {""filed_date"": ""2026-04-28"", ""form_type"": ""10-Q""}, ""ppe"": {""filed_date"": ""2026-04-28"", ""form_type"": ""10-Q""}, ""stockholders_equity"": {""filed_date"": ""2026-04-28"", ""form_type"": ""10-Q""}, ""operating_cash_flow"": {""filed_date"": ""2026-04-28"", ""form_type"": ""10-Q""}, ""capex"": {""filed_date"": ""2026-04-28"", ""form_type"": ""10-Q""}, ""total_debt"": {""filed_date"": ""2026-04-28"", ""form_type"": ""10-Q""}, ""shares_outstanding"": {""filed_date"": ""2026-04-28"", ""form_type"": ""10-Q""}}",487
EVRG,"Evergy, Inc.",0.016449544406564348,0.01301445732901153,5,,0.04831779144339269,2,5,0,10,4,0.25109094687261896,0.25109094687261896,2.392739273927393,84.03,19374559181.705933,398000000.0,0.0,1443700000.0,151500000.0,318400000.0,Utilities,0.03,2026-08-17T07:16:15.733287,True,True,2026-08-17T07:04:15.149357,"{""revenue"": {""filed_date"": ""2026-05-07"", ""form_type"": ""10-Q""}, ""operating_income"": {""filed_date"": ""2026-05-07"", ""form_type"": ""10-Q""}, ""net_income"": {""filed_date"": ""2026-05-07"", ""form_type"": ""10-Q""}, ""total_assets"": {""filed_date"": ""2026-05-07"", ""form_type"": ""10-Q""}, ""current_assets"": {""filed_date"": ""2026-05-07"", ""form_type"": ""10-Q""}, ""current_liabilities"": {""filed_date"": ""2026-05-07"", ""form_type"": ""10-Q""}, ""long_term_debt"": {""filed_date"": ""2026-05-07"", ""form_type"": ""10-Q""}, ""cash_and_equivalents"": {""filed_date"": ""2026-05-07"", ""form_type"": ""10-Q""}, ""ppe"": {""filed_date"": ""2026-05-07"", ""form_type"": ""10-Q""}, ""stockholders_equity"": {""filed_date"": ""2026-05-07"", ""form_type"": ""10-Q""}, ""operating_cash_flow"": {""filed_date"": ""2026-05-07"", ""form_type"": ""10-Q""}, ""capex"": {""filed_date"": ""2026-05-07"", ""form_type"": ""10-Q""}, ""shares_outstanding"": {""filed_date"": ""2018-08-08"", ""form_type"": ""10-Q""}}",488
TRU,TransUnion,0.01643783887448148,0.19635838613940804,4,,0.07235122155129446,2,2,0,5,3,0.06759251826282411,0.06759251826282411,0.21203727020901536,80.48,15419968643.188477,306000000.0,0.0,1245700000.0,397100000.0,244800000.0,Industrials,0.03,2026-08-17T07:16:15.732778,True,True,2026-08-17T07:04:15.149357,"{""revenue"": {""filed_date"": ""2026-04-28"", ""form_type"": ""10-Q""}, ""operating_income"": {""filed_date"": ""2026-04-28"", ""form_type"": ""10-Q""}, ""net_income"": {""filed_date"": ""2026-04-28"", ""form_type"": ""10-Q""}, ""total_assets"": {""filed_date"": ""2026-04-28"", ""form_type"": ""10-Q""}, ""current_assets"": {""filed_date"": ""2026-04-28"", ""form_type"": ""10-Q""}, ""current_liabilities"": {""filed_date"": ""2026-04-28"", ""form_type"": ""10-Q""}, ""long_term_debt"": {""filed_date"": ""2026-02-27"", ""form_type"": ""10-K""}, ""cash_and_equivalents"": {""filed_date"": ""2026-04-28"", ""form_type"": ""10-Q""}, ""ppe"": {""filed_date"": ""2026-04-28"", ""form_type"": ""10-Q""}, ""stockholders_equity"": {""filed_date"": ""2026-04-28"", ""form_type"": ""10-Q""}, ""operating_cash_flow"": {""filed_date"": ""2026-04-28"", ""form_type"": ""10-Q""}, ""capex"": {""filed_date"": ""2026-04-28"", ""form_type"": ""10-Q""}, ""total_debt"": {""filed_date"": ""2026-04-28"", ""form_type"": ""10-Q""}, ""shares_outstanding"": {""filed_date"": ""2026-04-28"", ""form_type"": ""10-Q""}}",489
MNST,Monster Beverage Corporation,0.0163870523753961,0.2542454324382646,4,,-0.4352231745109388,1,4,1,8,3,0.22781737168262464,0.22781737168262464,0.9654912155282598,46.82,91722802992.62485,1838001250.0,0.0,4890764000.0,1154025000.0,1470401000.0,Consumer Staples,0.07,2026-08-17T07:16:15.727618,True,True,2026-08-17T07:04:15.149357,"{""revenue"": {""filed_date"": ""2026-08-07"", ""form_type"": ""10-Q""}, ""operating_income"": {""filed_date"": ""2026-08-07"", ""form_type"": ""10-Q""}, ""net_income"": {""filed_date"": ""2026-08-07"", ""form_type"": ""10-Q""}, ""total_assets"": {""filed_date"": ""2026-08-07"", ""form_type"": ""10-Q""}, ""current_assets"": {""filed_date"": ""2026-08-07"", ""form_type"": ""10-Q""}, ""current_liabilities"": {""filed_date"": ""2026-08-07"", ""form_type"": ""10-Q""}, ""long_term_debt"": {""filed_date"": ""2025-05-09"", ""form_type"": ""10-Q""}, ""cash_and_equivalents"": {""filed_date"": ""2026-08-07"", ""form_type"": ""10-Q""}, ""ppe"": {""filed_date"": ""2026-08-07"", ""form_type"": ""10-Q""}, ""stockholders_equity"": {""filed_date"": ""2026-08-07"", ""form_type"": ""10-Q""}, ""operating_cash_flow"": {""filed_date"": ""2026-08-07"", ""form_type"": ""10-Q""}, ""capex"": {""filed_date"": ""2026-08-07"", ""form_type"": ""10-Q""}, ""total_debt"": {""filed_date"": ""2025-05-09"", ""form_type"": ""10-Q""}, ""shares_outstanding"": {""filed_date"": ""2026-08-07"", ""form_type"": ""10-Q""}}",490
TXN,Texas Instruments Incorporated,0.016260498024821095,0.1686046511627907,5,,0.2514479119169045,3,5,2,10,4,0.4104782270606532,0.4104782270606532,1.1980141843971632,279.58,255325775789.03265,5147500000.0,0.0,10288000000.0,3525000000.0,4118000000.0,Information Technology,0.31,2026-08-17T07:16:15.722599,True,True,2026-08-17T07:04:15.149357,"{""revenue"": {""filed_date"": ""2026-07-24"", ""form_type"": ""10-Q""}, ""operating_income"": {""filed_date"": ""2026-07-24"", ""form_type"": ""10-Q""}, ""net_income"": {""filed_date"": ""2026-07-24"", ""form_type"": ""10-Q""}, ""total_assets"": {""filed_date"": ""2026-07-24"", ""form_type"": ""10-Q""}, ""current_assets"": {""filed_date"": ""2026-07-24"", ""form_type"": ""10-Q""}, ""current_liabilities"": {""filed_date"": ""2026-07-24"", ""form_type"": ""10-Q""}, ""long_term_debt"": {""filed_date"": ""2026-07-24"", ""form_type"": ""10-Q""}, ""cash_and_equivalents"": {""filed_date"": ""2026-07-24"", ""form_type"": ""10-Q""}, ""ppe"": {""filed_date"": ""2026-07-24"", ""form_type"": ""10-Q""}, ""stockholders_equity"": {""filed_date"": ""2026-07-24"", ""form_type"": ""10-Q""}, ""operating_cash_flow"": {""filed_date"": ""2026-07-24"", ""form_type"": ""10-Q""}, ""capex"": {""filed_date"": ""2026-07-24"", ""form_type"": ""10-Q""}, ""total_debt"": {""filed_date"": ""2011-11-04"", ""form_type"": ""10-Q""}, ""shares_outstanding"": {""filed_date"": ""2026-07-24"", ""form_type"": ""10-Q""}}",491
FAST,Fastenal Company,0.01623999011978054,0.23964459701643234,5,,0.12876629250389954,3,4,1,9,4,0.14036961164625375,0.14036961164625375,0.8913645170218655,51.02,58545326699.74271,1186750000.0,0.0,4588600000.0,722600000.0,949400000.0,Industrials,0.1,2026-08-17T07:16:15.725987,True,True,2026-08-17T07:04:15.149357,"{""revenue"": {""filed_date"": ""2026-07-16"", ""form_type"": ""10-Q""}, ""operating_income"": {""filed_date"": ""2026-07-16"", ""form_type"": ""10-Q""}, ""net_income"": {""filed_date"": ""2026-07-16"", ""form_type"": ""10-Q""}, ""total_assets"": {""filed_date"": ""2026-07-16"", ""form_type"": ""10-Q""}, ""current_assets"": {""filed_date"": ""2026-07-16"", ""form_type"": ""10-Q""}, ""current_liabilities"": {""filed_date"": ""2026-07-16"", ""form_type"": ""10-Q""}, ""long_term_debt"": {""filed_date"": ""2026-07-16"", ""form_type"": ""10-Q""}, ""cash_and_equivalents"": {""filed_date"": ""2026-07-16"", ""form_type"": ""10-Q""}, ""ppe"": {""filed_date"": ""2026-07-16"", ""form_type"": ""10-Q""}, ""stockholders_equity"": {""filed_date"": ""2026-07-16"", ""form_type"": ""10-Q""}, ""operating_cash_flow"": {""filed_date"": ""2026-07-16"", ""form_type"": ""10-Q""}, ""capex"": {""filed_date"": ""2026-07-16"", ""form_type"": ""10-Q""}, ""total_debt"": {""filed_date"": ""2026-07-16"", ""form_type"": ""10-Q""}, ""shares_outstanding"": {""filed_date"": ""2026-07-16"", ""form_type"": ""10-Q""}}",492
CRL,"Charles River Laboratories International, Inc.",0.016215064951511815,0.12691912343048176,3,,0.7665425468327305,3,4,0,7,3,0.4469947567666053,0.4469947567666053,,280.05,13369270520.850098,299731250.0,0.0,493970000.0,-16325000.0,239785000.0,Health Care,0.01,2026-08-17T07:16:15.739617,True,True,2026-08-17T07:04:15.149357,"{""revenue"": {""filed_date"": ""2018-05-10"", ""form_type"": ""10-Q""}, ""operating_income"": {""filed_date"": ""2026-08-05"", ""form_type"": ""10-Q""}, ""net_income"": {""filed_date"": ""2026-08-05"", ""form_type"": ""10-Q""}, ""total_assets"": {""filed_date"": ""2026-08-05"", ""form_type"": ""10-Q""}, ""current_assets"": {""filed_date"": ""2026-08-05"", ""form_type"": ""10-Q""}, ""current_liabilities"": {""filed_date"": ""2026-08-05"", ""form_type"": ""10-Q""}, ""long_term_debt"": {""filed_date"": ""2019-02-13"", ""form_type"": ""10-K""}, ""cash_and_equivalents"": {""filed_date"": ""2026-08-05"", ""form_type"": ""10-Q""}, ""ppe"": {""filed_date"": ""2026-08-05"", ""form_type"": ""10-Q""}, ""stockholders_equity"": {""filed_date"": ""2026-08-05"", ""form_type"": ""10-Q""}, ""operating_cash_flow"": {""filed_date"": ""2026-08-05"", ""form_type"": ""10-Q""}, ""total_debt"": {""filed_date"": ""2019-02-13"", ""form_type"": ""10-K""}, ""shares_outstanding"": {""filed_date"": ""2026-08-05"", ""form_type"": ""10-Q""}}",493
HPE,Hewlett Packard Enterprise Company,0.01612753874855193,0.15248715699786994,5,,1.6973800991006907,3,5,2,10,4,0.12953601281345412,0.12953601281345412,2.4052044609665426,58.71,77743987505.56546,1521250000.0,0.0,19979000000.0,1076000000.0,1217000000.0,Information Technology,0.05,2026-08-17T07:16:15.729452,True,True,2026-08-17T07:04:15.149357,"{""revenue"": {""filed_date"": ""2026-06-02"", ""form_type"": ""10-Q""}, ""operating_income"": {""filed_date"": ""2026-06-02"", ""form_type"": ""10-Q""}, ""net_income"": {""filed_date"": ""2026-06-02"", ""form_type"": ""10-Q""}, ""total_assets"": {""filed_date"": ""2026-06-02"", ""form_type"": ""10-Q""}, ""current_assets"": {""filed_date"": ""2026-06-02"", ""form_type"": ""10-Q""}, ""current_liabilities"": {""filed_date"": ""2026-06-02"", ""form_type"": ""10-Q""}, ""long_term_debt"": {""filed_date"": ""2025-12-18"", ""form_type"": ""10-K""}, ""cash_and_equivalents"": {""filed_date"": ""2026-06-02"", ""form_type"": ""10-Q""}, ""ppe"": {""filed_date"": ""2026-06-02"", ""form_type"": ""10-Q""}, ""stockholders_equity"": {""filed_date"": ""2026-06-02"", ""form_type"": ""10-Q""}, ""operating_cash_flow"": {""filed_date"": ""2026-06-02"", ""form_type"": ""10-Q""}, ""total_debt"": {""filed_date"": ""2026-06-02"", ""form_type"": ""10-Q""}, ""shares_outstanding"": {""filed_date"": ""2026-06-02"", ""form_type"": ""10-Q""}}",494
MLM,"Martin Marietta Materials, Inc.",0.016107622990129685,0.0386008111239861,4,,-0.17575061284214513,1,3,0,7,2,0.10244786944696282,0.10244786944696282,0.1921768707482993,547.93,32911874723.334656,666250000.0,0.0,3309000000.0,1764000000.0,533000000.0,Materials,0.06,2026-08-17T07:16:15.728517,True,True,2026-08-17T07:04:15.149357,"{""revenue"": {""filed_date"": ""2026-07-30"", ""form_type"": ""10-Q""}, ""operating_income"": {""filed_date"": ""2026-07-30"", ""form_type"": ""10-Q""}, ""net_income"": {""filed_date"": ""2026-07-30"", ""form_type"": ""10-Q""}, ""total_assets"": {""filed_date"": ""2026-07-30"", ""form_type"": ""10-Q""}, ""current_assets"": {""filed_date"": ""2026-07-30"", ""form_type"": ""10-Q""}, ""current_liabilities"": {""filed_date"": ""2026-07-30"", ""form_type"": ""10-Q""}, ""long_term_debt"": {""filed_date"": ""2026-07-30"", ""form_type"": ""10-Q""}, ""cash_and_equivalents"": {""filed_date"": ""2026-07-30"", ""form_type"": ""10-Q""}, ""ppe"": {""filed_date"": ""2026-07-30"", ""form_type"": ""10-Q""}, ""stockholders_equity"": {""filed_date"": ""2026-07-30"", ""form_type"": ""10-Q""}, ""operating_cash_flow"": {""filed_date"": ""2026-07-30"", ""form_type"": ""10-Q""}, ""capex"": {""filed_date"": ""2026-07-30"", ""form_type"": ""10-Q""}, ""total_debt"": {""filed_date"": ""2017-05-10"", ""form_type"": ""10-Q""}, ""shares_outstanding"": {""filed_date"": ""2026-07-30"", ""form_type"": ""10-Q""}}",495
RTX,RTX Corporation,0.01610044879713707,0.30433303085299457,5,,0.1075611028161758,3,3,2,8,3,0.06690777576853527,0.06690777576853527,1.2868032396379228,222.97,300509635012.8926,6707500000.0,0.0,80738000000.0,4198000000.0,5366000000.0,Industrials,0.35,2026-08-17T07:16:15.722380,True,True,2026-08-17T07:04:15.149357,"{""revenue"": {""filed_date"": ""2025-02-03"", ""form_type"": ""10-K""}, ""operating_income"": {""filed_date"": ""2026-07-23"", ""form_type"": ""10-Q""}, ""net_income"": {""filed_date"": ""2026-07-23"", ""form_type"": ""10-Q""}, ""total_assets"": {""filed_date"": ""2026-07-23"", ""form_type"": ""10-Q""}, ""current_assets"": {""filed_date"": ""2026-07-23"", ""form_type"": ""10-Q""}, ""current_liabilities"": {""filed_date"": ""2026-07-23"", ""form_type"": ""10-Q""}, ""long_term_debt"": {""filed_date"": ""2025-02-03"", ""form_type"": ""10-K""}, ""cash_and_equivalents"": {""filed_date"": ""2026-07-23"", ""form_type"": ""10-Q""}, ""ppe"": {""filed_date"": ""2026-07-23"", ""form_type"": ""10-Q""}, ""stockholders_equity"": {""filed_date"": ""2026-07-23"", ""form_type"": ""10-Q""}, ""operating_cash_flow"": {""filed_date"": ""2026-07-23"", ""form_type"": ""10-Q""}, ""capex"": {""filed_date"": ""2026-07-23"", ""form_type"": ""10-Q""}, ""total_debt"": {""filed_date"": ""2025-02-03"", ""form_type"": ""10-K""}, ""shares_outstanding"": {""filed_date"": ""2010-02-11"", ""form_type"": ""10-K""}}",496
SPGI,S&P Global Inc.,0.016099817400872986,0.0,4,,0.08352641265967684,2,4,1,8,4,0.6617740906190173,0.6617740906190173,0.7433691756272401,418.8,123462236401.36719,2502500000.0,0.0,1567000000.0,1395000000.0,2002000000.0,Financials,0.29,2026-08-17T07:16:15.722847,True,True,2026-08-17T07:04:15.149357,"{""revenue"": {""filed_date"": ""2018-04-26"", ""form_type"": ""10-Q""}, ""operating_income"": {""filed_date"": ""2026-04-28"", ""form_type"": ""10-Q""}, ""net_income"": {""filed_date"": ""2026-04-28"", ""form_type"": ""10-Q""}, ""total_assets"": {""filed_date"": ""2026-04-28"", ""form_type"": ""10-Q""}, ""current_assets"": {""filed_date"": ""2026-04-28"", ""form_type"": ""10-Q""}, ""current_liabilities"": {""filed_date"": ""2026-04-28"", ""form_type"": ""10-Q""}, ""long_term_debt"": {""filed_date"": ""2026-04-28"", ""form_type"": ""10-Q""}, ""cash_and_equivalents"": {""filed_date"": ""2026-04-28"", ""form_type"": ""10-Q""}, ""ppe"": {""filed_date"": ""2026-04-28"", ""form_type"": ""10-Q""}, ""stockholders_equity"": {""filed_date"": ""2026-04-28"", ""form_type"": ""10-Q""}, ""operating_cash_flow"": {""filed_date"": ""2026-04-28"", ""form_type"": ""10-Q""}, ""capex"": {""filed_date"": ""2010-10-29"", ""form_type"": ""10-Q""}, ""total_debt"": {""filed_date"": ""2026-04-28"", ""form_type"": ""10-Q""}, ""shares_outstanding"": {""filed_date"": ""2026-04-28"", ""form_type"": ""10-Q""}}",497
ITT,ITT Inc.,0.01609733938009633,0.23150014396775123,3,,0.07620853236649747,2,0,0,2,1,0.0,,0.0,219.4,19710856837.26123,402000000.0,0.0,2685000000.0,162900000.0,321600000.0,Industrials,0.02,2026-08-17T07:16:15.734816,True,True,2026-08-17T07:04:15.149357,"{""revenue"": {""filed_date"": ""2026-08-06"", ""form_type"": ""10-Q""}, ""operating_income"": {""filed_date"": ""2026-08-06"", ""form_type"": ""10-Q""}, ""net_income"": {""filed_date"": ""2026-08-06"", ""form_type"": ""10-Q""}, ""total_assets"": {""filed_date"": ""2026-08-06"", ""form_type"": ""10-Q""}, ""current_assets"": {""filed_date"": ""2026-08-06"", ""form_type"": ""10-Q""}, ""current_liabilities"": {""filed_date"": ""2026-08-06"", ""form_type"": ""10-Q""}, ""long_term_debt"": {""filed_date"": ""2026-08-06"", ""form_type"": ""10-Q""}, ""cash_and_equivalents"": {""filed_date"": ""2026-08-06"", ""form_type"": ""10-Q""}, ""ppe"": {""filed_date"": ""2026-08-06"", ""form_type"": ""10-Q""}, ""stockholders_equity"": {""filed_date"": ""2026-08-06"", ""form_type"": ""10-Q""}, ""capex"": {""filed_date"": ""2011-05-02"", ""form_type"": ""10-Q""}, ""total_debt"": {""filed_date"": ""2026-08-06"", ""form_type"": ""10-Q""}, ""shares_outstanding"": {""filed_date"": ""2026-08-06"", ""form_type"": ""10-Q""}}",498
SPG,"Simon Property Group, Inc.",0.016067018280211152,0.019280421936253383,4,,0.11158294799773023,3,5,1,10,4,0.5719046557324187,0.5719046557324187,2.107535202782152,219.58,71047198896.15517,1982825000.0,0.0,3547691000.0,962708000.0,1586260000.0,Real Estate,0.1,2026-08-17T07:16:15.726018,True,True,2026-08-17T07:04:15.149357,"{""revenue"": {""filed_date"": ""2026-08-10"", ""form_type"": ""10-Q""}, ""operating_income"": {""filed_date"": ""2026-08-10"", ""form_type"": ""10-Q""}, ""net_income"": {""filed_date"": ""2026-08-10"", ""form_type"": ""10-Q""}, ""total_assets"": {""filed_date"": ""2026-08-10"", ""form_type"": ""10-Q""}, ""long_term_debt"": {""filed_date"": ""2026-08-10"", ""form_type"": ""10-Q""}, ""cash_and_equivalents"": {""filed_date"": ""2026-08-10"", ""form_type"": ""10-Q""}, ""stockholders_equity"": {""filed_date"": ""2026-08-10"", ""form_type"": ""10-Q""}, ""operating_cash_flow"": {""filed_date"": ""2026-08-10"", ""form_type"": ""10-Q""}, ""total_debt"": {""filed_date"": ""2026-08-10"", ""form_type"": ""10-Q""}, ""shares_outstanding"": {""filed_date"": ""2013-02-28"", ""form_type"": ""10-K""}}",499
CRUS,"Cirrus Logic, Inc.",0.016058365825270232,0.05908693622801192,4,,-0.16049645225762682,1,4,0,8,3,0.1394926945138703,0.1394926945138703,0.8344458757856111,121.09,6068735277.95401,105545000.0,0.0,459723000.0,76851000.0,84436000.0,Information Technology,0.01,2026-08-17T07:16:15.743060,True,True,2026-08-17T07:04:15.149357,"{""revenue"": {""filed_date"": ""2026-08-05"", ""form_type"": ""10-Q""}, ""operating_income"": {""filed_date"": ""2026-08-05"", ""form_type"": ""10-Q""}, ""net_income"": {""filed_date"": ""2026-08-05"", ""form_type"": ""10-Q""}, ""total_assets"": {""filed_date"": ""2026-08-05"", ""form_type"": ""10-Q""}, ""current_assets"": {""filed_date"": ""2026-08-05"", ""form_type"": ""10-Q""}, ""current_liabilities"": {""filed_date"": ""2026-08-05"", ""form_type"": ""10-Q""}, ""cash_and_equivalents"": {""filed_date"": ""2026-08-05"", ""form_type"": ""10-Q""}, ""ppe"": {""filed_date"": ""2026-08-05"", ""form_type"": ""10-Q""}, ""stockholders_equity"": {""filed_date"": ""2026-08-05"", ""form_type"": ""10-Q""}, ""operating_cash_flow"": {""filed_date"": ""2026-08-05"", ""form_type"": ""10-Q""}, ""capex"": {""filed_date"": ""2026-08-05"", ""form_type"": ""10-Q""}, ""shares_outstanding"": {""filed_date"": ""2026-05-21"", ""form_type"": ""10-K""}}",500
TECH,Bio-Techne Corporation,0.016043360712691808,0.23133992044409596,5,,0.23989763959722982,3,5,0,10,4,0.22001192597838332,0.22001192597838332,1.5455474257511337,72.4,11280691442.548187,222017500.0,0.0,893847000.0,127241000.0,177614000.0,Health Care,0.02,2026-08-17T07:16:15.738359,True,True,2026-08-17T07:04:15.149357,"{""revenue"": {""filed_date"": ""2026-05-06"", ""form_type"": ""10-Q""}, ""operating_income"": {""filed_date"": ""2026-05-06"", ""form_type"": ""10-Q""}, ""net_income"": {""filed_date"": ""2026-05-06"", ""form_type"": ""10-Q""}, ""total_assets"": {""filed_date"": ""2026-05-06"", ""form_type"": ""10-Q""}, ""current_assets"": {""filed_date"": ""2026-05-06"", ""form_type"": ""10-Q""}, ""current_liabilities"": {""filed_date"": ""2026-05-06"", ""form_type"": ""10-Q""}, ""cash_and_equivalents"": {""filed_date"": ""2026-05-06"", ""form_type"": ""10-Q""}, ""ppe"": {""filed_date"": ""2026-05-06"", ""form_type"": ""10-Q""}, ""stockholders_equity"": {""filed_date"": ""2026-05-06"", ""form_type"": ""10-Q""}, ""operating_cash_flow"": {""filed_date"": ""2026-05-06"", ""form_type"": ""10-Q""}, ""capex"": {""filed_date"": ""2026-05-06"", ""form_type"": ""10-Q""}, ""shares_outstanding"": {""filed_date"": ""2026-05-06"", ""form_type"": ""10-Q""}}",501
ILMN,"Illumina, Inc.",0.01591955231228674,0.22688655672163918,5,,0.6384001020483068,3,5,0,10,4,0.2176810306530431,0.2176810306530431,1.4411764705882353,190.89,28824389907.836914,567500000.0,0.0,2251000000.0,340000000.0,454000000.0,Health Care,0.03,2026-08-17T07:16:15.733497,True,True,2026-08-17T07:04:15.149357,"{""revenue"": {""filed_date"": ""2026-07-31"", ""form_type"": ""10-Q""}, ""operating_income"": {""filed_date"": ""2026-07-31"", ""form_type"": ""10-Q""}, ""net_income"": {""filed_date"": ""2026-07-31"", ""form_type"": ""10-Q""}, ""total_assets"": {""filed_date"": ""2026-07-31"", ""form_type"": ""10-Q""}, ""current_assets"": {""filed_date"": ""2026-07-31"", ""form_type"": ""10-Q""}, ""current_liabilities"": {""filed_date"": ""2026-07-31"", ""form_type"": ""10-Q""}, ""long_term_debt"": {""filed_date"": ""2019-04-26"", ""form_type"": ""10-Q""}, ""cash_and_equivalents"": {""filed_date"": ""2019-02-12"", ""form_type"": ""10-K""}, ""ppe"": {""filed_date"": ""2026-07-31"", ""form_type"": ""10-Q""}, ""stockholders_equity"": {""filed_date"": ""2026-07-31"", ""form_type"": ""10-Q""}, ""operating_cash_flow"": {""filed_date"": ""2026-07-31"", ""form_type"": ""10-Q""}, ""capex"": {""filed_date"": ""2026-07-31"", ""form_type"": ""10-Q""}, ""total_debt"": {""filed_date"": ""2019-04-26"", ""form_type"": ""10-Q""}, ""shares_outstanding"": {""filed_date"": ""2026-02-12"", ""form_type"": ""10-K""}}",502
EIX,Edison International,0.015883211332797607,0.017409628789106825,4,,0.023945945301386735,2,5,0,9,4,0.34779429685595903,0.34779429685595903,2.687382297551789,71.41,27479567649.62088,1342500000.0,0.0,4103000000.0,531000000.0,1074000000.0,Utilities,0.04,2026-08-17T07:16:15.731726,True,True,2026-08-17T07:04:15.149357,"{""revenue"": {""filed_date"": ""2026-04-28"", ""form_type"": ""10-Q""}, ""operating_income"": {""filed_date"": ""2026-04-28"", ""form_type"": ""10-Q""}, ""net_income"": {""filed_date"": ""2026-04-28"", ""form_type"": ""10-Q""}, ""total_assets"": {""filed_date"": ""2026-04-28"", ""form_type"": ""10-Q""}, ""current_assets"": {""filed_date"": ""2026-04-28"", ""form_type"": ""10-Q""}, ""current_liabilities"": {""filed_date"": ""2026-04-28"", ""form_type"": ""10-Q""}, ""long_term_debt"": {""filed_date"": ""2026-04-28"", ""form_type"": ""10-Q""}, ""cash_and_equivalents"": {""filed_date"": ""2026-04-28"", ""form_type"": ""10-Q""}, ""ppe"": {""filed_date"": ""2026-04-28"", ""form_type"": ""10-Q""}, ""stockholders_equity"": {""filed_date"": ""2026-04-28"", ""form_type"": ""10-Q""}, ""operating_cash_flow"": {""filed_date"": ""2026-04-28"", ""form_type"": ""10-Q""}, ""capex"": {""filed_date"": ""2026-04-28"", ""form_type"": ""10-Q""}, ""total_debt"": {""filed_date"": ""2026-04-28"", ""form_type"": ""10-Q""}, ""shares_outstanding"": {""filed_date"": ""2026-04-28"", ""form_type"": ""10-Q""}}",503
LOW,"Lowe's Companies, Inc.",0.015804976668949065,0.13114922460716852,4,,-0.21441402786434785,1,5,2,10,3,0.1451598925383482,0.1451598925383482,2.057739557739558,218.47,122561670684.81445,3192500000.0,0.0,23078000000.0,1628000000.0,2554000000.0,Consumer Discretionary,0.25,2026-08-17T07:16:15.723236,True,True,2026-08-17T07:04:15.149357,"{""revenue"": {""filed_date"": ""2026-05-28"", ""form_type"": ""10-Q""}, ""operating_income"": {""filed_date"": ""2026-05-28"", ""form_type"": ""10-Q""}, ""net_income"": {""filed_date"": ""2026-05-28"", ""form_type"": ""10-Q""}, ""total_assets"": {""filed_date"": ""2026-05-28"", ""form_type"": ""10-Q""}, ""current_assets"": {""filed_date"": ""2026-05-28"", ""form_type"": ""10-Q""}, ""current_liabilities"": {""filed_date"": ""2026-05-28"", ""form_type"": ""10-Q""}, ""long_term_debt"": {""filed_date"": ""2026-03-23"", ""form_type"": ""10-K""}, ""cash_and_equivalents"": {""filed_date"": ""2026-05-28"", ""form_type"": ""10-Q""}, ""ppe"": {""filed_date"": ""2024-11-27"", ""form_type"": ""10-Q""}, ""stockholders_equity"": {""filed_date"": ""2026-05-28"", ""form_type"": ""10-Q""}, ""operating_cash_flow"": {""filed_date"": ""2026-05-28"", ""form_type"": ""10-Q""}, ""capex"": {""filed_date"": ""2026-05-28"", ""form_type"": ""10-Q""}, ""total_debt"": {""filed_date"": ""2026-03-23"", ""form_type"": ""10-K""}, ""shares_outstanding"": {""filed_date"": ""2026-05-28"", ""form_type"": ""10-Q""}}",504
RL,Ralph Lauren Corporation,0.015739832924199573,0.1136522056626946,5,,0.05516998585586662,2,5,0,10,4,0.17312991121543014,0.17312991121543014,1.294050343249428,388.92,23172725191.93448,428000000.0,0.0,1959800000.0,262200000.0,342400000.0,Consumer Discretionary,0.02,2026-08-17T07:16:15.736564,True,True,2026-08-17T07:04:15.149357,"{""revenue"": {""filed_date"": ""2026-08-06"", ""form_type"": ""10-Q""}, ""operating_income"": {""filed_date"": ""2026-08-06"", ""form_type"": ""10-Q""}, ""net_income"": {""filed_date"": ""2026-08-06"", ""form_type"": ""10-Q""}, ""total_assets"": {""filed_date"": ""2026-08-06"", ""form_type"": ""10-Q""}, ""current_assets"": {""filed_date"": ""2026-08-06"", ""form_type"": ""10-Q""}, ""current_liabilities"": {""filed_date"": ""2026-08-06"", ""form_type"": ""10-Q""}, ""long_term_debt"": {""filed_date"": ""2014-05-15"", ""form_type"": ""10-K""}, ""cash_and_equivalents"": {""filed_date"": ""2026-08-06"", ""form_type"": ""10-Q""}, ""ppe"": {""filed_date"": ""2026-08-06"", ""form_type"": ""10-Q""}, ""stockholders_equity"": {""filed_date"": ""2026-08-06"", ""form_type"": ""10-Q""}, ""operating_cash_flow"": {""filed_date"": ""2026-08-06"", ""form_type"": ""10-Q""}, ""total_debt"": {""filed_date"": ""2014-05-15"", ""form_type"": ""10-K""}, ""shares_outstanding"": {""filed_date"": ""2026-08-06"", ""form_type"": ""10-Q""}}",505
DUOL,"Duolingo, Inc.",0.015669088729358613,0.07575248576117385,5,,0.18513561439156465,3,5,0,10,4,0.40484840478235024,0.40484840478235024,3.119776031741888,132.83,6188963816.424545,98090000.0,0.0,590421000.0,76618000.0,78472000.0,Consumer Discretionary,0.02,2026-08-17T07:16:15.735463,True,True,2026-08-17T07:04:15.149357,"{""revenue"": {""filed_date"": ""2026-08-06"", ""form_type"": ""10-Q""}, ""operating_income"": {""filed_date"": ""2026-08-06"", ""form_type"": ""10-Q""}, ""net_income"": {""filed_date"": ""2026-08-06"", ""form_type"": ""10-Q""}, ""total_assets"": {""filed_date"": ""2026-08-06"", ""form_type"": ""10-Q""}, ""current_assets"": {""filed_date"": ""2026-08-06"", ""form_type"": ""10-Q""}, ""current_liabilities"": {""filed_date"": ""2026-08-06"", ""form_type"": ""10-Q""}, ""cash_and_equivalents"": {""filed_date"": ""2026-08-06"", ""form_type"": ""10-Q""}, ""ppe"": {""filed_date"": ""2026-08-06"", ""form_type"": ""10-Q""}, ""stockholders_equity"": {""filed_date"": ""2026-08-06"", ""form_type"": ""10-Q""}, ""operating_cash_flow"": {""filed_date"": ""2026-08-06"", ""form_type"": ""10-Q""}, ""capex"": {""filed_date"": ""2026-08-06"", ""form_type"": ""10-Q""}, ""shares_outstanding"": {""filed_date"": ""2022-05-13"", ""form_type"": ""10-Q""}}",506
REG,Regency Centers Corporation,0.015587988302750823,0.018705585963300988,5,,0.012952695279501792,2,5,0,10,4,0.37029431232164634,0.37029431232164634,1.1880994795758815,76.71,14047176992.718132,370492500.0,0.0,412453000.0,128549000.0,296394000.0,Real Estate,0.02,2026-08-17T07:16:15.735156,True,True,2026-08-17T07:04:15.149357,"{""revenue"": {""filed_date"": ""2026-05-04"", ""form_type"": ""10-Q""}, ""operating_income"": {""filed_date"": ""2026-05-04"", ""form_type"": ""10-Q""}, ""net_income"": {""filed_date"": ""2026-05-04"", ""form_type"": ""10-Q""}, ""total_assets"": {""filed_date"": ""2026-05-04"", ""form_type"": ""10-Q""}, ""long_term_debt"": {""filed_date"": ""2026-05-04"", ""form_type"": ""10-Q""}, ""cash_and_equivalents"": {""filed_date"": ""2017-05-10"", ""form_type"": ""10-Q""}, ""ppe"": {""filed_date"": ""2026-05-04"", ""form_type"": ""10-Q""}, ""stockholders_equity"": {""filed_date"": ""2026-05-04"", ""form_type"": ""10-Q""}, ""operating_cash_flow"": {""filed_date"": ""2026-05-04"", ""form_type"": ""10-Q""}, ""total_debt"": {""filed_date"": ""2026-05-04"", ""form_type"": ""10-Q""}, ""shares_outstanding"": {""filed_date"": ""2026-05-04"", ""form_type"": ""10-Q""}}",507
MTZ,"MasTec, Inc.",0.0155769164616896,0.15116955905386958,5,,0.11070057280970622,3,2,0,6,3,0.014669201710972031,0.014669201710972031,0.630099970150348,297.59,23897949181.234497,460005000.0,0.0,8202355000.0,190957000.0,368004000.0,Industrials,0.02,2026-08-17T07:16:15.736709,True,True,2026-08-17T07:04:15.149357,"{""revenue"": {""filed_date"": ""2026-07-30"", ""form_type"": ""10-Q""}, ""operating_income"": {""filed_date"": ""2026-07-30"", ""form_type"": ""10-Q""}, ""net_income"": {""filed_date"": ""2026-07-30"", ""form_type"": ""10-Q""}, ""total_assets"": {""filed_date"": ""2026-07-30"", ""form_type"": ""10-Q""}, ""current_assets"": {""filed_date"": ""2026-07-30"", ""form_type"": ""10-Q""}, ""current_liabilities"": {""filed_date"": ""2026-07-30"", ""form_type"": ""10-Q""}, ""long_term_debt"": {""filed_date"": ""2012-05-03"", ""form_type"": ""10-Q""}, ""cash_and_equivalents"": {""filed_date"": ""2026-07-30"", ""form_type"": ""10-Q""}, ""ppe"": {""filed_date"": ""2021-05-06"", ""form_type"": ""10-Q""}, ""stockholders_equity"": {""filed_date"": ""2026-07-30"", ""form_type"": ""10-Q""}, ""operating_cash_flow"": {""filed_date"": ""2026-07-30"", ""form_type"": ""10-Q""}, ""capex"": {""filed_date"": ""2012-11-01"", ""form_type"": ""10-Q""}, ""total_debt"": {""filed_date"": ""2012-08-02"", ""form_type"": ""10-Q""}, ""shares_outstanding"": {""filed_date"": ""2015-11-03"", ""form_type"": ""10-Q""}}",508
AMT,American Tower Corporation,0.015286380429125623,0.27414716163001634,4,,-0.07283075535439566,1,4,1,8,3,0.5116347031963471,0.5116347031963471,0.5717668190725016,175.58,81813266081.03833,1549000000.0,0.0,2737500000.0,2449600000.0,1239200000.0,Real Estate,0.17,2026-08-17T07:16:15.724156,True,True,2026-08-17T07:04:15.149357,"{""revenue"": {""filed_date"": ""2026-04-28"", ""form_type"": ""10-Q""}, ""operating_income"": {""filed_date"": ""2026-04-28"", ""form_type"": ""10-Q""}, ""net_income"": {""filed_date"": ""2022-10-27"", ""form_type"": ""10-Q""}, ""total_assets"": {""filed_date"": ""2026-04-28"", ""form_type"": ""10-Q""}, ""current_assets"": {""filed_date"": ""2026-04-28"", ""form_type"": ""10-Q""}, ""current_liabilities"": {""filed_date"": ""2026-04-28"", ""form_type"": ""10-Q""}, ""long_term_debt"": {""filed_date"": ""2023-02-23"", ""form_type"": ""10-K""}, ""cash_and_equivalents"": {""filed_date"": ""2026-04-28"", ""form_type"": ""10-Q""}, ""ppe"": {""filed_date"": ""2019-10-31"", ""form_type"": ""10-Q""}, ""stockholders_equity"": {""filed_date"": ""2026-04-28"", ""form_type"": ""10-Q""}, ""operating_cash_flow"": {""filed_date"": ""2026-04-28"", ""form_type"": ""10-Q""}, ""capex"": {""filed_date"": ""2026-04-28"", ""form_type"": ""10-Q""}, ""total_debt"": {""filed_date"": ""2011-11-02"", ""form_type"": ""10-Q""}, ""shares_outstanding"": {""filed_date"": ""2026-04-28"", ""form_type"": ""10-Q""}}",509
TPL,Texas Pacific Land Corporation,0.015283581988602718,0.7234104672116567,5,,-0.156982403094456,1,5,0,10,3,0.6934830194852933,0.6934830194852933,1.1281364542906425,358.52,24728802591.3815,467681250.0,0.0,482877000.0,296832000.0,374145000.0,Energy,0.03,2026-08-17T07:16:15.733025,True,True,2026-08-17T07:04:15.149357,"{""revenue"": {""filed_date"": ""2026-08-05"", ""form_type"": ""10-Q""}, ""operating_income"": {""filed_date"": ""2026-08-05"", ""form_type"": ""10-Q""}, ""net_income"": {""filed_date"": ""2026-08-05"", ""form_type"": ""10-Q""}, ""total_assets"": {""filed_date"": ""2026-08-05"", ""form_type"": ""10-Q""}, ""current_assets"": {""filed_date"": ""2026-08-05"", ""form_type"": ""10-Q""}, ""current_liabilities"": {""filed_date"": ""2026-08-05"", ""form_type"": ""10-Q""}, ""cash_and_equivalents"": {""filed_date"": ""2026-08-05"", ""form_type"": ""10-Q""}, ""ppe"": {""filed_date"": ""2026-08-05"", ""form_type"": ""10-Q""}, ""stockholders_equity"": {""filed_date"": ""2026-08-05"", ""form_type"": ""10-Q""}, ""operating_cash_flow"": {""filed_date"": ""2026-08-05"", ""form_type"": ""10-Q""}, ""capex"": {""filed_date"": ""2023-11-01"", ""form_type"": ""10-Q""}, ""shares_outstanding"": {""filed_date"": ""2026-08-05"", ""form_type"": ""10-Q""}}",510
IBM,International Business Machines Corporation,0.015109078173937205,0.0,5,,-0.07964128032045589,1,5,2,10,3,0.23477130505758942,0.23477130505758942,2.2969535640343093,234.32,220760937165.19836,4227500000.0,0.0,33079000000.0,3381000000.0,3382000000.0,Information Technology,0.38,2026-08-17T07:16:15.722249,True,True,2026-08-17T07:04:15.149357,"{""revenue"": {""filed_date"": ""2026-07-23"", ""form_type"": ""10-Q""}, ""operating_income"": {""filed_date"": ""2026-07-23"", ""form_type"": ""10-Q""}, ""net_income"": {""filed_date"": ""2026-07-23"", ""form_type"": ""10-Q""}, ""total_assets"": {""filed_date"": ""2026-07-23"", ""form_type"": ""10-Q""}, ""current_assets"": {""filed_date"": ""2026-07-23"", ""form_type"": ""10-Q""}, ""current_liabilities"": {""filed_date"": ""2026-07-23"", ""form_type"": ""10-Q""}, ""long_term_debt"": {""filed_date"": ""2019-10-30"", ""form_type"": ""10-Q""}, ""cash_and_equivalents"": {""filed_date"": ""2026-07-23"", ""form_type"": ""10-Q""}, ""ppe"": {""filed_date"": ""2023-10-31"", ""form_type"": ""10-Q""}, ""stockholders_equity"": {""filed_date"": ""2026-07-23"", ""form_type"": ""10-Q""}, ""operating_cash_flow"": {""filed_date"": ""2026-07-23"", ""form_type"": ""10-Q""}, ""capex"": {""filed_date"": ""2026-07-23"", ""form_type"": ""10-Q""}, ""total_debt"": {""filed_date"": ""2019-04-30"", ""form_type"": ""10-Q""}, ""shares_outstanding"": {""filed_date"": ""2026-02-24"", ""form_type"": ""10-K""}}",511
APG,APi Group Corporation,0.015069020409614067,0.19605077574047955,5,,-0.010803500763883893,1,3,0,7,2,0.06210720887245841,0.06210720887245841,1.0769230769230769,43.95,18993445382.86214,347500000.0,0.0,2705000000.0,156000000.0,278000000.0,Industrials,0.02,2026-08-17T07:16:15.735052,True,True,2026-08-17T07:04:15.149357,"{""revenue"": {""filed_date"": ""2020-11-12"", ""form_type"": ""10-Q""}, ""operating_income"": {""filed_date"": ""2026-07-30"", ""form_type"": ""10-Q""}, ""net_income"": {""filed_date"": ""2026-07-30"", ""form_type"": ""10-Q""}, ""total_assets"": {""filed_date"": ""2026-07-30"", ""form_type"": ""10-Q""}, ""current_assets"": {""filed_date"": ""2026-07-30"", ""form_type"": ""10-Q""}, ""current_liabilities"": {""filed_date"": ""2026-07-30"", ""form_type"": ""10-Q""}, ""long_term_debt"": {""filed_date"": ""2026-07-30"", ""form_type"": ""10-Q""}, ""cash_and_equivalents"": {""filed_date"": ""2026-07-30"", ""form_type"": ""10-Q""}, ""ppe"": {""filed_date"": ""2026-07-30"", ""form_type"": ""10-Q""}, ""stockholders_equity"": {""filed_date"": ""2026-07-30"", ""form_type"": ""10-Q""}, ""operating_cash_flow"": {""filed_date"": ""2026-07-30"", ""form_type"": ""10-Q""}, ""capex"": {""filed_date"": ""2026-07-30"", ""form_type"": ""10-Q""}, ""total_debt"": {""filed_date"": ""2026-07-30"", ""form_type"": ""10-Q""}, ""shares_outstanding"": {""filed_date"": ""2020-11-12"", ""form_type"": ""10-Q""}}",512
VRSK,"Verisk Analytics, Inc.",0.015064581075225446,0.5477449455676516,5,,0.030042994573423167,2,5,0,10,4,0.2191780821917808,0.2191780821917808,1.6669513236549958,181.67,23645442461.717224,440250000.0,0.0,1781200000.0,234200000.0,352200000.0,Industrials,0.06,2026-08-17T07:16:15.728338,True,True,2026-08-17T07:04:15.149357,"{""revenue"": {""filed_date"": ""2018-10-30"", ""form_type"": ""10-Q""}, ""operating_income"": {""filed_date"": ""2026-04-29"", ""form_type"": ""10-Q""}, ""net_income"": {""filed_date"": ""2026-04-29"", ""form_type"": ""10-Q""}, ""total_assets"": {""filed_date"": ""2026-04-29"", ""form_type"": ""10-Q""}, ""current_assets"": {""filed_date"": ""2026-04-29"", ""form_type"": ""10-Q""}, ""current_liabilities"": {""filed_date"": ""2026-04-29"", ""form_type"": ""10-Q""}, ""long_term_debt"": {""filed_date"": ""2026-02-18"", ""form_type"": ""10-K""}, ""cash_and_equivalents"": {""filed_date"": ""2026-04-29"", ""form_type"": ""10-Q""}, ""ppe"": {""filed_date"": ""2024-10-30"", ""form_type"": ""10-Q""}, ""stockholders_equity"": {""filed_date"": ""2026-04-29"", ""form_type"": ""10-Q""}, ""operating_cash_flow"": {""filed_date"": ""2026-04-29"", ""form_type"": ""10-Q""}, ""capex"": {""filed_date"": ""2026-04-29"", ""form_type"": ""10-Q""}, ""total_debt"": {""filed_date"": ""2026-04-29"", ""form_type"": ""10-Q""}, ""shares_outstanding"": {""filed_date"": ""2026-04-29"", ""form_type"": ""10-Q""}}",513
OLLI,"Ollie's Bargain Outlet Holdings, Inc.",0.01504382977444769,0.07359929402577779,4,,-0.3154644771246181,1,2,0,5,2,0.06905306801350071,0.06905306801350071,0.8067553191489362,76.49,4624072175.937836,86946250.0,0.0,658928000.0,56400000.0,69557000.0,Consumer Discretionary,0.01,2026-08-17T07:16:15.739549,True,True,2026-08-17T07:04:15.149357,"{""revenue"": {""filed_date"": ""2026-06-03"", ""form_type"": ""10-Q""}, ""operating_income"": {""filed_date"": ""2026-06-03"", ""form_type"": ""10-Q""}, ""net_income"": {""filed_date"": ""2026-06-03"", ""form_type"": ""10-Q""}, ""total_assets"": {""filed_date"": ""2026-06-03"", ""form_type"": ""10-Q""}, ""current_assets"": {""filed_date"": ""2026-06-03"", ""form_type"": ""10-Q""}, ""current_liabilities"": {""filed_date"": ""2026-06-03"", ""form_type"": ""10-Q""}, ""long_term_debt"": {""filed_date"": ""2016-06-02"", ""form_type"": ""10-Q""}, ""cash_and_equivalents"": {""filed_date"": ""2026-06-03"", ""form_type"": ""10-Q""}, ""ppe"": {""filed_date"": ""2026-06-03"", ""form_type"": ""10-Q""}, ""stockholders_equity"": {""filed_date"": ""2026-06-03"", ""form_type"": ""10-Q""}, ""operating_cash_flow"": {""filed_date"": ""2026-06-03"", ""form_type"": ""10-Q""}, ""capex"": {""filed_date"": ""2026-06-03"", ""form_type"": ""10-Q""}, ""total_debt"": {""filed_date"": ""2016-06-02"", ""form_type"": ""10-Q""}, ""shares_outstanding"": {""filed_date"": ""2026-06-03"", ""form_type"": ""10-Q""}}",514
DUK,Duke Energy Corporation,0.014997851234829879,0.022141690568858625,3,,-0.004894886994743033,1,4,2,8,2,0.13399503722084366,0.13399503722084366,0.9754838709677419,123.92,96620694328.88264,3406250000.0,0.0,11284000000.0,1550000000.0,2725000000.0,Utilities,0.16,2026-08-17T07:16:15.724308,True,True,2026-08-17T07:04:15.149357,"{""revenue"": {""filed_date"": ""2017-08-03"", ""form_type"": ""10-Q""}, ""operating_income"": {""filed_date"": ""2026-05-05"", ""form_type"": ""10-Q""}, ""net_income"": {""filed_date"": ""2026-05-05"", ""form_type"": ""10-Q""}, ""total_assets"": {""filed_date"": ""2026-05-05"", ""form_type"": ""10-Q""}, ""current_assets"": {""filed_date"": ""2026-05-05"", ""form_type"": ""10-Q""}, ""current_liabilities"": {""filed_date"": ""2026-05-05"", ""form_type"": ""10-Q""}, ""long_term_debt"": {""filed_date"": ""2026-02-26"", ""form_type"": ""10-K""}, ""cash_and_equivalents"": {""filed_date"": ""2026-05-05"", ""form_type"": ""10-Q""}, ""ppe"": {""filed_date"": ""2026-02-26"", ""form_type"": ""10-K""}, ""stockholders_equity"": {""filed_date"": ""2026-05-05"", ""form_type"": ""10-Q""}, ""operating_cash_flow"": {""filed_date"": ""2026-05-05"", ""form_type"": ""10-Q""}, ""capex"": {""filed_date"": ""2026-05-05"", ""form_type"": ""10-Q""}, ""total_debt"": {""filed_date"": ""2026-02-26"", ""form_type"": ""10-K""}, ""shares_outstanding"": {""filed_date"": ""2026-05-05"", ""form_type"": ""10-Q""}}",515
TYL,"Tyler Technologies, Inc.",0.014807337632798269,0.24151805186565684,5,,0.05171531968109288,2,5,0,10,4,1.7165286072047774,1.7165286072047774,1.326179790717377,328.64,13458555927.246826,243633750.0,0.0,134966000.0,174692000.0,194907000.0,Information Technology,0.04,2026-08-17T07:16:15.730723,True,True,2026-08-17T07:04:15.149357,"{""revenue"": {""filed_date"": ""2015-04-22"", ""form_type"": ""10-Q""}, ""operating_income"": {""filed_date"": ""2026-07-29"", ""form_type"": ""10-Q""}, ""net_income"": {""filed_date"": ""2026-07-29"", ""form_type"": ""10-Q""}, ""total_assets"": {""filed_date"": ""2026-07-29"", ""form_type"": ""10-Q""}, ""current_assets"": {""filed_date"": ""2026-07-29"", ""form_type"": ""10-Q""}, ""current_liabilities"": {""filed_date"": ""2026-07-29"", ""form_type"": ""10-Q""}, ""long_term_debt"": {""filed_date"": ""2026-02-18"", ""form_type"": ""10-K""}, ""cash_and_equivalents"": {""filed_date"": ""2026-07-29"", ""form_type"": ""10-Q""}, ""ppe"": {""filed_date"": ""2026-07-29"", ""form_type"": ""10-Q""}, ""stockholders_equity"": {""filed_date"": ""2026-07-29"", ""form_type"": ""10-Q""}, ""operating_cash_flow"": {""filed_date"": ""2026-07-29"", ""form_type"": ""10-Q""}, ""capex"": {""filed_date"": ""2026-07-29"", ""form_type"": ""10-Q""}, ""total_debt"": {""filed_date"": ""2026-02-18"", ""form_type"": ""10-K""}, ""shares_outstanding"": {""filed_date"": ""2026-07-29"", ""form_type"": ""10-Q""}}",516
APPF,"AppFolio, Inc.",0.014785955021001343,0.3962493362417723,6,,0.2098466427905496,3,5,0,10,5,0.22435758220481541,0.22435758220481541,1.4517673399390243,204.21,7232504174.10498,129656250.0,0.0,543338000.0,83968000.0,103725000.0,Information Technology,0.01,2026-08-17T07:16:15.742905,True,True,2026-08-17T07:04:15.149357,"{""revenue"": {""filed_date"": ""2026-07-23"", ""form_type"": ""10-Q""}, ""operating_income"": {""filed_date"": ""2026-07-23"", ""form_type"": ""10-Q""}, ""net_income"": {""filed_date"": ""2026-07-23"", ""form_type"": ""10-Q""}, ""total_assets"": {""filed_date"": ""2026-07-23"", ""form_type"": ""10-Q""}, ""current_assets"": {""filed_date"": ""2026-07-23"", ""form_type"": ""10-Q""}, ""current_liabilities"": {""filed_date"": ""2026-07-23"", ""form_type"": ""10-Q""}, ""long_term_debt"": {""filed_date"": ""2020-03-02"", ""form_type"": ""10-K""}, ""cash_and_equivalents"": {""filed_date"": ""2026-07-23"", ""form_type"": ""10-Q""}, ""ppe"": {""filed_date"": ""2026-07-23"", ""form_type"": ""10-Q""}, ""stockholders_equity"": {""filed_date"": ""2026-07-23"", ""form_type"": ""10-Q""}, ""operating_cash_flow"": {""filed_date"": ""2026-07-23"", ""form_type"": ""10-Q""}, ""capex"": {""filed_date"": ""2026-07-23"", ""form_type"": ""10-Q""}, ""shares_outstanding"": {""filed_date"": ""2026-07-23"", ""form_type"": ""10-Q""}}",517
CHWY,"Chewy, Inc.",0.014780153976173953,0.0,6,,-0.05798315987412781,1,3,0,8,3,0.0323185988323603,0.0323185988323603,1.1445147679324894,22.42,9179290752.176588,160625000.0,0.0,3357200000.0,94800000.0,128500000.0,Consumer Discretionary,0.01,2026-08-17T07:16:15.739133,True,True,2026-08-17T07:04:15.149357,"{""revenue"": {""filed_date"": ""2026-06-10"", ""form_type"": ""10-Q""}, ""operating_income"": {""filed_date"": ""2026-06-10"", ""form_type"": ""10-Q""}, ""net_income"": {""filed_date"": ""2026-06-10"", ""form_type"": ""10-Q""}, ""total_assets"": {""filed_date"": ""2026-06-10"", ""form_type"": ""10-Q""}, ""current_assets"": {""filed_date"": ""2026-06-10"", ""form_type"": ""10-Q""}, ""current_liabilities"": {""filed_date"": ""2026-06-10"", ""form_type"": ""10-Q""}, ""cash_and_equivalents"": {""filed_date"": ""2026-06-10"", ""form_type"": ""10-Q""}, ""ppe"": {""filed_date"": ""2020-09-10"", ""form_type"": ""10-Q""}, ""stockholders_equity"": {""filed_date"": ""2026-06-10"", ""form_type"": ""10-Q""}, ""operating_cash_flow"": {""filed_date"": ""2026-06-10"", ""form_type"": ""10-Q""}, ""shares_outstanding"": {""filed_date"": ""2019-09-17"", ""form_type"": ""10-Q""}}",518
STWD,"Starwood Property Trust, Inc.",0.014770773208328248,0.017724927849993896,5,,-0.04582508124432384,1,5,0,10,3,0.25749714459461037,0.25749714459461037,4.521673654487892,16.3,6033753602.583504,147581250.0,0.0,1026124000.0,58435000.0,118065000.0,Financials,0.01,2026-08-17T07:16:15.741483,True,True,2026-08-17T07:04:15.149357,"{""revenue"": {""filed_date"": ""2026-08-06"", ""form_type"": ""10-Q""}, ""operating_income"": {""filed_date"": ""2018-11-09"", ""form_type"": ""10-Q""}, ""net_income"": {""filed_date"": ""2026-08-06"", ""form_type"": ""10-Q""}, ""total_assets"": {""filed_date"": ""2026-08-06"", ""form_type"": ""10-Q""}, ""long_term_debt"": {""filed_date"": ""2022-11-09"", ""form_type"": ""10-Q""}, ""cash_and_equivalents"": {""filed_date"": ""2026-08-06"", ""form_type"": ""10-Q""}, ""stockholders_equity"": {""filed_date"": ""2026-08-06"", ""form_type"": ""10-Q""}, ""operating_cash_flow"": {""filed_date"": ""2026-08-06"", ""form_type"": ""10-Q""}, ""total_debt"": {""filed_date"": ""2022-11-09"", ""form_type"": ""10-Q""}, ""shares_outstanding"": {""filed_date"": ""2026-08-06"", ""form_type"": ""10-Q""}}",519
CVNA,Carvana Co.,0.01476561937696893,0.1962903459551191,5,,0.07696461682045097,2,2,2,7,3,0.024985515643105447,0.024985515643105447,0.6160714285714286,75.59,83113090723.41919,1576250000.0,0.0,13808000000.0,560000000.0,1261000000.0,Consumer Discretionary,0.08,2026-08-17T07:16:15.727188,True,True,2026-08-17T07:04:15.149357,"{""revenue"": {""filed_date"": ""2026-07-29"", ""form_type"": ""10-Q""}, ""operating_income"": {""filed_date"": ""2026-07-29"", ""form_type"": ""10-Q""}, ""net_income"": {""filed_date"": ""2026-07-29"", ""form_type"": ""10-Q""}, ""total_assets"": {""filed_date"": ""2026-07-29"", ""form_type"": ""10-Q""}, ""current_assets"": {""filed_date"": ""2026-07-29"", ""form_type"": ""10-Q""}, ""current_liabilities"": {""filed_date"": ""2026-07-29"", ""form_type"": ""10-Q""}, ""long_term_debt"": {""filed_date"": ""2026-02-18"", ""form_type"": ""10-K""}, ""cash_and_equivalents"": {""filed_date"": ""2026-07-29"", ""form_type"": ""10-Q""}, ""ppe"": {""filed_date"": ""2019-11-06"", ""form_type"": ""10-Q""}, ""stockholders_equity"": {""filed_date"": ""2026-07-29"", ""form_type"": ""10-Q""}, ""operating_cash_flow"": {""filed_date"": ""2026-07-29"", ""form_type"": ""10-Q""}, ""capex"": {""filed_date"": ""2026-07-29"", ""form_type"": ""10-Q""}, ""total_debt"": {""filed_date"": ""2026-02-18"", ""form_type"": ""10-K""}, ""shares_outstanding"": {""filed_date"": ""2017-06-06"", ""form_type"": ""10-Q""}}",520
WST,"West Pharmaceutical Services, Inc.",0.014745147570648386,0.12483790698489468,4,,0.4388411504124239,3,4,0,8,4,0.3075927523727351,0.3075927523727351,0.7305327868852459,349.42,24590699703.02704,445250000.0,0.0,695400000.0,292800000.0,356200000.0,Health Care,0.03,2026-08-17T07:16:15.732609,True,True,2026-08-17T07:04:15.149357,"{""revenue"": {""filed_date"": ""2024-04-25"", ""form_type"": ""10-Q""}, ""operating_income"": {""filed_date"": ""2026-07-23"", ""form_type"": ""10-Q""}, ""net_income"": {""filed_date"": ""2026-07-23"", ""form_type"": ""10-Q""}, ""total_assets"": {""filed_date"": ""2026-07-23"", ""form_type"": ""10-Q""}, ""current_assets"": {""filed_date"": ""2026-07-23"", ""form_type"": ""10-Q""}, ""current_liabilities"": {""filed_date"": ""2026-07-23"", ""form_type"": ""10-Q""}, ""long_term_debt"": {""filed_date"": ""2026-07-23"", ""form_type"": ""10-Q""}, ""cash_and_equivalents"": {""filed_date"": ""2026-07-23"", ""form_type"": ""10-Q""}, ""ppe"": {""filed_date"": ""2026-07-23"", ""form_type"": ""10-Q""}, ""stockholders_equity"": {""filed_date"": ""2026-07-23"", ""form_type"": ""10-Q""}, ""operating_cash_flow"": {""filed_date"": ""2026-07-23"", ""form_type"": ""10-Q""}, ""capex"": {""filed_date"": ""2026-07-23"", ""form_type"": ""10-Q""}, ""total_debt"": {""filed_date"": ""2022-10-27"", ""form_type"": ""10-Q""}, ""shares_outstanding"": {""filed_date"": ""2026-07-23"", ""form_type"": ""10-Q""}}",521
BMRN,BioMarin Pharmaceutical Inc.,0.014712011106492203,0.0729495596977336,5,,0.12360299838382828,3,5,0,10,4,1.0410044798860347,1.0410044798860347,2.5867495292403304,67.36,13039128524.388046,300700000.0,0.0,373447000.0,150289000.0,240560000.0,Health Care,0.02,2026-08-17T07:16:15.736680,True,True,2026-08-17T07:04:15.149357,"{""revenue"": {""filed_date"": ""2018-04-27"", ""form_type"": ""10-Q""}, ""operating_income"": {""filed_date"": ""2026-08-06"", ""form_type"": ""10-Q""}, ""net_income"": {""filed_date"": ""2026-08-06"", ""form_type"": ""10-Q""}, ""total_assets"": {""filed_date"": ""2026-08-06"", ""form_type"": ""10-Q""}, ""current_assets"": {""filed_date"": ""2026-08-06"", ""form_type"": ""10-Q""}, ""current_liabilities"": {""filed_date"": ""2026-08-06"", ""form_type"": ""10-Q""}, ""long_term_debt"": {""filed_date"": ""2026-08-06"", ""form_type"": ""10-Q""}, ""cash_and_equivalents"": {""filed_date"": ""2026-08-06"", ""form_type"": ""10-Q""}, ""ppe"": {""filed_date"": ""2026-08-06"", ""form_type"": ""10-Q""}, ""stockholders_equity"": {""filed_date"": ""2026-08-06"", ""form_type"": ""10-Q""}, ""operating_cash_flow"": {""filed_date"": ""2026-08-06"", ""form_type"": ""10-Q""}, ""capex"": {""filed_date"": ""2026-08-06"", ""form_type"": ""10-Q""}, ""total_debt"": {""filed_date"": ""2026-08-06"", ""form_type"": ""10-Q""}, ""shares_outstanding"": {""filed_date"": ""2026-08-06"", ""form_type"": ""10-Q""}}",522
INCY,Incyte Corporation,0.014470233916456621,0.06386660671335673,5,,0.18782126643117814,3,4,0,8,4,0.10880433389745879,0.10880433389745879,1.2176540401542875,120.16,24356161901.661316,376396250.0,0.0,3394635000.0,303330000.0,301117000.0,Health Care,0.02,2026-08-17T07:16:15.734905,True,True,2026-08-17T07:04:15.149357,"{""revenue"": {""filed_date"": ""2023-02-07"", ""form_type"": ""10-K""}, ""operating_income"": {""filed_date"": ""2026-04-28"", ""form_type"": ""10-Q""}, ""net_income"": {""filed_date"": ""2026-04-28"", ""form_type"": ""10-Q""}, ""total_assets"": {""filed_date"": ""2026-04-28"", ""form_type"": ""10-Q""}, ""current_assets"": {""filed_date"": ""2026-04-28"", ""form_type"": ""10-Q""}, ""current_liabilities"": {""filed_date"": ""2026-04-28"", ""form_type"": ""10-Q""}, ""long_term_debt"": {""filed_date"": ""2019-02-14"", ""form_type"": ""10-K""}, ""cash_and_equivalents"": {""filed_date"": ""2026-04-28"", ""form_type"": ""10-Q""}, ""ppe"": {""filed_date"": ""2026-04-28"", ""form_type"": ""10-Q""}, ""stockholders_equity"": {""filed_date"": ""2026-04-28"", ""form_type"": ""10-Q""}, ""operating_cash_flow"": {""filed_date"": ""2026-04-28"", ""form_type"": ""10-Q""}, ""capex"": {""filed_date"": ""2024-07-30"", ""form_type"": ""10-Q""}, ""total_debt"": {""filed_date"": ""2015-02-17"", ""form_type"": ""10-K""}, ""shares_outstanding"": {""filed_date"": ""2026-04-28"", ""form_type"": ""10-Q""}}",523
BWXT,"BWX Technologies, Inc.",0.01445474461853239,0.08493573347836154,5,,-0.13625093444166517,1,5,0,10,3,0.18836878381046546,0.18836878381046546,1.3827047377890318,173.22,15870759487.443237,276036250.0,0.0,1321891000.0,180084000.0,220829000.0,Industrials,0.02,2026-08-17T07:16:15.734160,True,True,2026-08-17T07:04:15.149357,"{""revenue"": {""filed_date"": ""2018-11-06"", ""form_type"": ""10-Q""}, ""operating_income"": {""filed_date"": ""2026-08-05"", ""form_type"": ""10-Q/A""}, ""net_income"": {""filed_date"": ""2026-08-05"", ""form_type"": ""10-Q/A""}, ""total_assets"": {""filed_date"": ""2026-08-05"", ""form_type"": ""10-Q/A""}, ""current_assets"": {""filed_date"": ""2026-08-05"", ""form_type"": ""10-Q/A""}, ""current_liabilities"": {""filed_date"": ""2026-08-05"", ""form_type"": ""10-Q/A""}, ""long_term_debt"": {""filed_date"": ""2016-02-24"", ""form_type"": ""10-K""}, ""cash_and_equivalents"": {""filed_date"": ""2026-08-05"", ""form_type"": ""10-Q/A""}, ""ppe"": {""filed_date"": ""2026-08-05"", ""form_type"": ""10-Q/A""}, ""stockholders_equity"": {""filed_date"": ""2026-08-05"", ""form_type"": ""10-Q/A""}, ""operating_cash_flow"": {""filed_date"": ""2026-08-05"", ""form_type"": ""10-Q/A""}, ""capex"": {""filed_date"": ""2026-08-05"", ""form_type"": ""10-Q/A""}, ""total_debt"": {""filed_date"": ""2020-02-24"", ""form_type"": ""10-K""}, ""shares_outstanding"": {""filed_date"": ""2026-08-05"", ""form_type"": ""10-Q/A""}}",524
LNG,"Cheniere Energy, Inc.",0.01421609197436616,0.021946747667131873,3,,0.2458819243053702,3,4,2,8,3,0.22913793103448277,0.22913793103448277,,271.64,56102941704.522705,1002500000.0,0.0,11600000000.0,-434000000.0,802000000.0,Energy,0.09,2026-08-17T07:16:15.726605,True,True,2026-08-17T07:04:15.149357,"{""revenue"": {""filed_date"": ""2026-08-06"", ""form_type"": ""10-Q""}, ""operating_income"": {""filed_date"": ""2026-08-06"", ""form_type"": ""10-Q""}, ""net_income"": {""filed_date"": ""2026-08-06"", ""form_type"": ""10-Q""}, ""total_assets"": {""filed_date"": ""2026-08-06"", ""form_type"": ""10-Q""}, ""current_assets"": {""filed_date"": ""2026-08-06"", ""form_type"": ""10-Q""}, ""current_liabilities"": {""filed_date"": ""2026-08-06"", ""form_type"": ""10-Q""}, ""long_term_debt"": {""filed_date"": ""2026-08-06"", ""form_type"": ""10-Q""}, ""cash_and_equivalents"": {""filed_date"": ""2026-08-06"", ""form_type"": ""10-Q""}, ""ppe"": {""filed_date"": ""2026-08-06"", ""form_type"": ""10-Q""}, ""stockholders_equity"": {""filed_date"": ""2026-08-06"", ""form_type"": ""10-Q""}, ""operating_cash_flow"": {""filed_date"": ""2026-08-06"", ""form_type"": ""10-Q""}, ""capex"": {""filed_date"": ""2026-08-06"", ""form_type"": ""10-Q""}, ""total_debt"": {""filed_date"": ""2026-08-06"", ""form_type"": ""10-Q""}, ""shares_outstanding"": {""filed_date"": ""2022-11-03"", ""form_type"": ""10-Q""}}",525
DECK,Deckers Outdoor Corporation,0.01402319600726599,0.07071517948699269,4,,-0.2067320191877162,1,2,0,5,2,0.046986310372122086,0.046986310372122086,0.36857169236450926,93.09,12677168569.417145,194126250.0,0.0,1019531000.0,129972000.0,155301000.0,Consumer Discretionary,0.03,2026-08-17T07:16:15.733258,True,True,2026-08-17T07:04:15.149357,"{""revenue"": {""filed_date"": ""2026-07-30"", ""form_type"": ""10-Q""}, ""operating_income"": {""filed_date"": ""2026-07-30"", ""form_type"": ""10-Q""}, ""net_income"": {""filed_date"": ""2026-07-30"", ""form_type"": ""10-Q""}, ""total_assets"": {""filed_date"": ""2026-07-30"", ""form_type"": ""10-Q""}, ""current_assets"": {""filed_date"": ""2026-07-30"", ""form_type"": ""10-Q""}, ""current_liabilities"": {""filed_date"": ""2026-07-30"", ""form_type"": ""10-Q""}, ""cash_and_equivalents"": {""filed_date"": ""2026-07-30"", ""form_type"": ""10-Q""}, ""ppe"": {""filed_date"": ""2026-07-30"", ""form_type"": ""10-Q""}, ""stockholders_equity"": {""filed_date"": ""2026-07-30"", ""form_type"": ""10-Q""}, ""operating_cash_flow"": {""filed_date"": ""2026-07-30"", ""form_type"": ""10-Q""}, ""capex"": {""filed_date"": ""2026-07-30"", ""form_type"": ""10-Q""}, ""shares_outstanding"": {""filed_date"": ""2026-07-30"", ""form_type"": ""10-Q""}}",526
DTE,DTE Energy Company,0.013949965662800599,0.012046783625730995,5,,-0.011160281213417706,1,5,0,10,3,0.2414068745003997,0.2414068745003997,3.668016194331984,140.84,29307122875.91873,515000000.0,0.0,3753000000.0,247000000.0,412000000.0,Utilities,0.05,2026-08-17T07:16:15.729543,True,True,2026-08-17T07:04:15.149357,"{""revenue"": {""filed_date"": ""2018-04-25"", ""form_type"": ""10-Q""}, ""operating_income"": {""filed_date"": ""2026-04-30"", ""form_type"": ""10-Q""}, ""net_income"": {""filed_date"": ""2026-04-30"", ""form_type"": ""10-Q""}, ""total_assets"": {""filed_date"": ""2026-04-30"", ""form_type"": ""10-Q""}, ""current_assets"": {""filed_date"": ""2026-04-30"", ""form_type"": ""10-Q""}, ""current_liabilities"": {""filed_date"": ""2026-04-30"", ""form_type"": ""10-Q""}, ""long_term_debt"": {""filed_date"": ""2026-02-17"", ""form_type"": ""10-K""}, ""cash_and_equivalents"": {""filed_date"": ""2026-04-30"", ""form_type"": ""10-Q""}, ""ppe"": {""filed_date"": ""2026-04-30"", ""form_type"": ""10-Q""}, ""stockholders_equity"": {""filed_date"": ""2026-04-30"", ""form_type"": ""10-Q""}, ""operating_cash_flow"": {""filed_date"": ""2026-04-30"", ""form_type"": ""10-Q""}, ""total_debt"": {""filed_date"": ""2016-02-10"", ""form_type"": ""10-K""}, ""shares_outstanding"": {""filed_date"": ""2026-04-30"", ""form_type"": ""10-Q""}}",527
TER,"Teradyne, Inc.",0.013945767747327307,0.4825895636462862,5,,0.37121784779053435,3,4,1,9,4,0.28116657042509163,0.28116657042509163,0.9493433250327755,418.79,65473944028.419495,1138516250.0,0.0,2611484000.0,773442000.0,910813000.0,Information Technology,0.03,2026-08-17T07:16:15.732449,True,True,2026-08-17T07:04:15.149357,"{""revenue"": {""filed_date"": ""2026-07-31"", ""form_type"": ""10-Q""}, ""operating_income"": {""filed_date"": ""2026-07-31"", ""form_type"": ""10-Q""}, ""net_income"": {""filed_date"": ""2026-07-31"", ""form_type"": ""10-Q""}, ""total_assets"": {""filed_date"": ""2026-07-31"", ""form_type"": ""10-Q""}, ""current_assets"": {""filed_date"": ""2026-07-31"", ""form_type"": ""10-Q""}, ""current_liabilities"": {""filed_date"": ""2026-07-31"", ""form_type"": ""10-Q""}, ""long_term_debt"": {""filed_date"": ""2015-02-27"", ""form_type"": ""10-K""}, ""cash_and_equivalents"": {""filed_date"": ""2026-07-31"", ""form_type"": ""10-Q""}, ""ppe"": {""filed_date"": ""2026-07-31"", ""form_type"": ""10-Q""}, ""stockholders_equity"": {""filed_date"": ""2026-07-31"", ""form_type"": ""10-Q""}, ""operating_cash_flow"": {""filed_date"": ""2026-07-31"", ""form_type"": ""10-Q""}, ""capex"": {""filed_date"": ""2026-07-31"", ""form_type"": ""10-Q""}, ""total_debt"": {""filed_date"": ""2015-02-27"", ""form_type"": ""10-K""}, ""shares_outstanding"": {""filed_date"": ""2026-07-31"", ""form_type"": ""10-Q""}}",528
FRT,Federal Realty Investment Trust,0.013862479393891063,0.016634975272669276,4,,0.13707452713105472,3,5,0,9,4,0.5411980626473244,0.5411980626473244,1.1602461360536522,118.39,10227616980.102219,261231250.0,0.0,341084000.0,159099000.0,208985000.0,Real Estate,0.01,2026-08-17T07:16:15.738941,True,True,2026-08-17T07:04:15.149357,"{""revenue"": {""filed_date"": ""2026-05-01"", ""form_type"": ""10-Q""}, ""operating_income"": {""filed_date"": ""2026-05-01"", ""form_type"": ""10-Q""}, ""net_income"": {""filed_date"": ""2026-05-01"", ""form_type"": ""10-Q""}, ""total_assets"": {""filed_date"": ""2026-05-01"", ""form_type"": ""10-Q""}, ""long_term_debt"": {""filed_date"": ""2026-02-12"", ""form_type"": ""10-K""}, ""cash_and_equivalents"": {""filed_date"": ""2026-05-01"", ""form_type"": ""10-Q""}, ""stockholders_equity"": {""filed_date"": ""2026-05-01"", ""form_type"": ""10-Q""}, ""operating_cash_flow"": {""filed_date"": ""2026-05-01"", ""form_type"": ""10-Q""}, ""total_debt"": {""filed_date"": ""2026-02-12"", ""form_type"": ""10-K""}, ""shares_outstanding"": {""filed_date"": ""2026-05-01"", ""form_type"": ""10-Q""}}",529
TGT,Target Corporation,0.0138615049462584,0.035904087055548525,5,,0.3483477514232466,3,2,2,7,3,0.009859814371092566,0.009859814371092566,0.9167733674775929,154.48,70163441041.24622,1418750000.0,0.0,72618000000.0,781000000.0,1135000000.0,Consumer Staples,0.08,2026-08-17T07:16:15.727464,True,True,2026-08-17T07:04:15.149357,"{""revenue"": {""filed_date"": ""2015-03-13"", ""form_type"": ""10-K""}, ""operating_income"": {""filed_date"": ""2026-05-29"", ""form_type"": ""10-Q""}, ""net_income"": {""filed_date"": ""2026-05-29"", ""form_type"": ""10-Q""}, ""total_assets"": {""filed_date"": ""2026-05-29"", ""form_type"": ""10-Q""}, ""current_assets"": {""filed_date"": ""2026-05-29"", ""form_type"": ""10-Q""}, ""current_liabilities"": {""filed_date"": ""2026-05-29"", ""form_type"": ""10-Q""}, ""long_term_debt"": {""filed_date"": ""2026-03-11"", ""form_type"": ""10-K""}, ""cash_and_equivalents"": {""filed_date"": ""2017-05-22"", ""form_type"": ""10-Q""}, ""ppe"": {""filed_date"": ""2024-11-27"", ""form_type"": ""10-Q""}, ""stockholders_equity"": {""filed_date"": ""2026-05-29"", ""form_type"": ""10-Q""}, ""operating_cash_flow"": {""filed_date"": ""2026-05-29"", ""form_type"": ""10-Q""}, ""capex"": {""filed_date"": ""2026-05-29"", ""form_type"": ""10-Q""}, ""total_debt"": {""filed_date"": ""2026-03-11"", ""form_type"": ""10-K""}, ""shares_outstanding"": {""filed_date"": ""2026-05-29"", ""form_type"": ""10-Q""}}",530
IRM,Iron Mountain Incorporated,0.01381897440002112,0.2062502498452636,4,,0.20762299626700434,3,5,0,9,4,0.2321368013021225,0.2321368013021225,2.722150338500785,129.43,38531672776.71948,960947500.0,0.0,3824525000.0,326144000.0,768758000.0,Real Estate,0.05,2026-08-17T07:16:15.729771,True,True,2026-08-17T07:04:15.149357,"{""revenue"": {""filed_date"": ""2022-11-03"", ""form_type"": ""10-Q""}, ""operating_income"": {""filed_date"": ""2026-08-05"", ""form_type"": ""10-Q""}, ""net_income"": {""filed_date"": ""2011-08-08"", ""form_type"": ""10-Q""}, ""total_assets"": {""filed_date"": ""2026-08-05"", ""form_type"": ""10-Q""}, ""current_assets"": {""filed_date"": ""2026-08-05"", ""form_type"": ""10-Q""}, ""current_liabilities"": {""filed_date"": ""2026-08-05"", ""form_type"": ""10-Q""}, ""long_term_debt"": {""filed_date"": ""2026-08-05"", ""form_type"": ""10-Q""}, ""cash_and_equivalents"": {""filed_date"": ""2026-04-30"", ""form_type"": ""10-Q""}, ""ppe"": {""filed_date"": ""2020-05-07"", ""form_type"": ""10-Q""}, ""stockholders_equity"": {""filed_date"": ""2026-08-05"", ""form_type"": ""10-Q""}, ""operating_cash_flow"": {""filed_date"": ""2026-08-05"", ""form_type"": ""10-Q""}, ""capex"": {""filed_date"": ""2026-08-05"", ""form_type"": ""10-Q""}, ""total_debt"": {""filed_date"": ""2026-08-05"", ""form_type"": ""10-Q""}, ""shares_outstanding"": {""filed_date"": ""2026-08-05"", ""form_type"": ""10-Q""}}",531
TOST,"Toast, Inc.",0.013738496630922106,0.15457227138643068,5,,0.25632683267173756,3,2,0,6,3,0.07801017524024872,0.07801017524024872,0.9857142857142858,34.75,20085500000.0,327500000.0,0.0,3538000000.0,280000000.0,262000000.0,Financials,0.03,2026-08-17T07:16:15.732065,True,True,2026-08-17T07:04:15.149357,"{""revenue"": {""filed_date"": ""2026-08-05"", ""form_type"": ""10-Q""}, ""operating_income"": {""filed_date"": ""2026-08-05"", ""form_type"": ""10-Q""}, ""net_income"": {""filed_date"": ""2026-08-05"", ""form_type"": ""10-Q""}, ""total_assets"": {""filed_date"": ""2026-08-05"", ""form_type"": ""10-Q""}, ""current_assets"": {""filed_date"": ""2026-08-05"", ""form_type"": ""10-Q""}, ""current_liabilities"": {""filed_date"": ""2026-08-05"", ""form_type"": ""10-Q""}, ""long_term_debt"": {""filed_date"": ""2022-03-01"", ""form_type"": ""10-K""}, ""cash_and_equivalents"": {""filed_date"": ""2026-08-05"", ""form_type"": ""10-Q""}, ""ppe"": {""filed_date"": ""2026-08-05"", ""form_type"": ""10-Q""}, ""stockholders_equity"": {""filed_date"": ""2026-08-05"", ""form_type"": ""10-Q""}, ""operating_cash_flow"": {""filed_date"": ""2026-08-05"", ""form_type"": ""10-Q""}, ""capex"": {""filed_date"": ""2023-11-08"", ""form_type"": ""10-Q""}, ""shares_outstanding"": {""filed_date"": ""2022-03-01"", ""form_type"": ""10-K""}}",532
CGNX,Cognex Corporation,0.013539753607477154,0.2032570903717456,4,,0.15283897278954506,3,4,0,8,4,0.6585391159991699,0.6585391159991699,0.917933472601639,65.63,11040530288.419418,181737500.0,0.0,173484000.0,124460000.0,145390000.0,Information Technology,0.01,2026-08-17T07:16:15.740075,True,True,2026-08-17T07:04:15.149357,"{""revenue"": {""filed_date"": ""2019-04-29"", ""form_type"": ""10-Q""}, ""operating_income"": {""filed_date"": ""2026-08-06"", ""form_type"": ""10-Q""}, ""net_income"": {""filed_date"": ""2026-08-06"", ""form_type"": ""10-Q""}, ""total_assets"": {""filed_date"": ""2026-08-06"", ""form_type"": ""10-Q""}, ""current_assets"": {""filed_date"": ""2026-08-06"", ""form_type"": ""10-Q""}, ""current_liabilities"": {""filed_date"": ""2026-08-06"", ""form_type"": ""10-Q""}, ""cash_and_equivalents"": {""filed_date"": ""2026-08-06"", ""form_type"": ""10-Q""}, ""ppe"": {""filed_date"": ""2026-08-06"", ""form_type"": ""10-Q""}, ""stockholders_equity"": {""filed_date"": ""2026-08-06"", ""form_type"": ""10-Q""}, ""operating_cash_flow"": {""filed_date"": ""2026-08-06"", ""form_type"": ""10-Q""}, ""capex"": {""filed_date"": ""2026-08-06"", ""form_type"": ""10-Q""}, ""shares_outstanding"": {""filed_date"": ""2026-08-06"", ""form_type"": ""10-Q""}}",533
SN,"SharkNinja, Inc.",0.013531261176433352,0.15597390887881835,6,,0.4081400563013925,3,3,0,8,4,0.08668173560432964,0.08668173560432964,1.096391247940528,185.1,26195423016.671844,429881250.0,0.0,3178282000.0,251278000.0,343905000.0,Consumer Discretionary,0.01,2026-08-17T07:16:15.739167,True,True,2026-08-17T07:04:15.149357,"{""revenue"": {""filed_date"": ""2026-08-05"", ""form_type"": ""10-Q""}, ""operating_income"": {""filed_date"": ""2026-08-05"", ""form_type"": ""10-Q""}, ""net_income"": {""filed_date"": ""2026-08-05"", ""form_type"": ""10-Q""}, ""total_assets"": {""filed_date"": ""2026-08-05"", ""form_type"": ""10-Q""}, ""current_assets"": {""filed_date"": ""2026-08-05"", ""form_type"": ""10-Q""}, ""current_liabilities"": {""filed_date"": ""2026-08-05"", ""form_type"": ""10-Q""}, ""long_term_debt"": {""filed_date"": ""2026-08-05"", ""form_type"": ""10-Q""}, ""cash_and_equivalents"": {""filed_date"": ""2026-08-05"", ""form_type"": ""10-Q""}, ""ppe"": {""filed_date"": ""2026-08-05"", ""form_type"": ""10-Q""}, ""stockholders_equity"": {""filed_date"": ""2026-08-05"", ""form_type"": ""10-Q""}, ""operating_cash_flow"": {""filed_date"": ""2026-08-05"", ""form_type"": ""10-Q""}, ""capex"": {""filed_date"": ""2026-08-05"", ""form_type"": ""10-Q""}, ""shares_outstanding"": {""filed_date"": ""2026-08-05"", ""form_type"": ""10-Q""}}",534
GD,General Dynamics Corporation,0.013500392603375166,0.09638227109210616,6,,0.16597086178452464,3,3,2,9,4,0.04100856327307326,0.04100856327307326,1.9155555555555555,395.78,107081126306.82999,1775000000.0,0.0,52550000000.0,1125000000.0,1420000000.0,Industrials,0.14,2026-08-17T07:16:15.724785,True,True,2026-08-17T07:04:15.149357,"{""revenue"": {""filed_date"": ""2026-01-30"", ""form_type"": ""10-K""}, ""operating_income"": {""filed_date"": ""2026-04-29"", ""form_type"": ""10-Q""}, ""net_income"": {""filed_date"": ""2026-04-29"", ""form_type"": ""10-Q""}, ""total_assets"": {""filed_date"": ""2026-04-29"", ""form_type"": ""10-Q""}, ""current_assets"": {""filed_date"": ""2026-04-29"", ""form_type"": ""10-Q""}, ""current_liabilities"": {""filed_date"": ""2026-04-29"", ""form_type"": ""10-Q""}, ""long_term_debt"": {""filed_date"": ""2026-01-30"", ""form_type"": ""10-K""}, ""cash_and_equivalents"": {""filed_date"": ""2026-04-29"", ""form_type"": ""10-Q""}, ""ppe"": {""filed_date"": ""2026-04-29"", ""form_type"": ""10-Q""}, ""stockholders_equity"": {""filed_date"": ""2026-04-29"", ""form_type"": ""10-Q""}, ""operating_cash_flow"": {""filed_date"": ""2026-04-29"", ""form_type"": ""10-Q""}, ""capex"": {""filed_date"": ""2026-04-29"", ""form_type"": ""10-Q""}, ""total_debt"": {""filed_date"": ""2026-04-29"", ""form_type"": ""10-Q""}, ""shares_outstanding"": {""filed_date"": ""2026-01-30"", ""form_type"": ""10-K""}}",535
VLTO,Veralto Corporation,0.013495851109032949,0.26889419252187746,4,,0.06260385360845978,2,4,0,8,4,0.1279887482419128,0.1279887482419128,0.7165354330708661,97.68,23813733916.319824,422500000.0,0.0,1422000000.0,254000000.0,338000000.0,Industrials,0.04,2026-08-17T07:16:15.730142,True,True,2026-08-17T07:04:15.149357,"{""revenue"": {""filed_date"": ""2026-04-29"", ""form_type"": ""10-Q""}, ""operating_income"": {""filed_date"": ""2026-04-29"", ""form_type"": ""10-Q""}, ""net_income"": {""filed_date"": ""2026-04-29"", ""form_type"": ""10-Q""}, ""total_assets"": {""filed_date"": ""2026-04-29"", ""form_type"": ""10-Q""}, ""current_assets"": {""filed_date"": ""2026-04-29"", ""form_type"": ""10-Q""}, ""current_liabilities"": {""filed_date"": ""2026-04-29"", ""form_type"": ""10-Q""}, ""long_term_debt"": {""filed_date"": ""2026-04-29"", ""form_type"": ""10-Q""}, ""cash_and_equivalents"": {""filed_date"": ""2026-04-29"", ""form_type"": ""10-Q""}, ""ppe"": {""filed_date"": ""2026-04-29"", ""form_type"": ""10-Q""}, ""stockholders_equity"": {""filed_date"": ""2026-04-29"", ""form_type"": ""10-Q""}, ""operating_cash_flow"": {""filed_date"": ""2026-04-29"", ""form_type"": ""10-Q""}, ""capex"": {""filed_date"": ""2026-04-29"", ""form_type"": ""10-Q""}, ""total_debt"": {""filed_date"": ""2026-04-29"", ""form_type"": ""10-Q""}, ""shares_outstanding"": {""filed_date"": ""2026-04-29"", ""form_type"": ""10-Q""}}",536
BAX,Baxter International Inc.,0.013407681808465128,0.04484233877356996,4,,0.29011731562927867,3,3,0,7,3,0.08797032326444092,0.08797032326444092,4.486486486486487,26.73,13819302816.608013,353750000.0,0.0,5661000000.0,111000000.0,283000000.0,Health Care,0.02,2026-08-17T07:16:15.735433,True,True,2026-08-17T07:04:15.149357,"{""revenue"": {""filed_date"": ""2026-07-30"", ""form_type"": ""10-Q""}, ""operating_income"": {""filed_date"": ""2026-07-30"", ""form_type"": ""10-Q""}, ""net_income"": {""filed_date"": ""2026-07-30"", ""form_type"": ""10-Q""}, ""total_assets"": {""filed_date"": ""2026-07-30"", ""form_type"": ""10-Q""}, ""current_assets"": {""filed_date"": ""2026-07-30"", ""form_type"": ""10-Q""}, ""current_liabilities"": {""filed_date"": ""2026-07-30"", ""form_type"": ""10-Q""}, ""long_term_debt"": {""filed_date"": ""2026-02-12"", ""form_type"": ""10-K""}, ""cash_and_equivalents"": {""filed_date"": ""2026-07-30"", ""form_type"": ""10-Q""}, ""ppe"": {""filed_date"": ""2026-07-30"", ""form_type"": ""10-Q""}, ""stockholders_equity"": {""filed_date"": ""2026-07-30"", ""form_type"": ""10-Q""}, ""operating_cash_flow"": {""filed_date"": ""2026-07-30"", ""form_type"": ""10-Q""}, ""total_debt"": {""filed_date"": ""2026-02-12"", ""form_type"": ""10-K""}, ""shares_outstanding"": {""filed_date"": ""2026-07-30"", ""form_type"": ""10-Q""}}",537
RVTY,"Revvity, Inc.",0.0133270359449435,0.11180314222581661,5,,0.23098086602261114,3,3,0,7,3,0.09275045579140424,0.09275045579140424,3.3194255332944302,116.84,13037754684.198395,206502500.0,0.0,3311822000.0,92538000.0,165202000.0,Health Care,0.02,2026-08-17T07:16:15.736448,True,True,2026-08-17T07:04:15.149357,"{""revenue"": {""filed_date"": ""2023-03-01"", ""form_type"": ""10-K""}, ""operating_income"": {""filed_date"": ""2026-08-11"", ""form_type"": ""10-Q""}, ""net_income"": {""filed_date"": ""2026-08-11"", ""form_type"": ""10-Q""}, ""total_assets"": {""filed_date"": ""2026-08-11"", ""form_type"": ""10-Q""}, ""current_assets"": {""filed_date"": ""2026-08-11"", ""form_type"": ""10-Q""}, ""current_liabilities"": {""filed_date"": ""2026-08-11"", ""form_type"": ""10-Q""}, ""long_term_debt"": {""filed_date"": ""2024-02-27"", ""form_type"": ""10-K""}, ""cash_and_equivalents"": {""filed_date"": ""2026-08-11"", ""form_type"": ""10-Q""}, ""ppe"": {""filed_date"": ""2026-08-11"", ""form_type"": ""10-Q""}, ""stockholders_equity"": {""filed_date"": ""2026-08-11"", ""form_type"": ""10-Q""}, ""operating_cash_flow"": {""filed_date"": ""2026-08-11"", ""form_type"": ""10-Q""}, ""capex"": {""filed_date"": ""2026-08-11"", ""form_type"": ""10-Q""}, ""total_debt"": {""filed_date"": ""2022-03-03"", ""form_type"": ""10-K""}, ""shares_outstanding"": {""filed_date"": ""2026-08-11"", ""form_type"": ""10-Q""}}",538
PSA,Public Storage,0.013292949959811362,0.015951539951773633,4,,0.10035191441876527,3,5,1,10,4,0.6378943794677433,0.6378943794677433,1.5232778521057109,325.93,60866040277.87329,1176198750.0,0.0,2450622000.0,1026233000.0,940959000.0,Real Estate,0.08,2026-08-17T07:16:15.727127,True,True,2026-08-17T07:04:15.149357,"{""revenue"": {""filed_date"": ""2026-07-29"", ""form_type"": ""10-Q""}, ""operating_income"": {""filed_date"": ""2026-07-29"", ""form_type"": ""10-Q""}, ""net_income"": {""filed_date"": ""2026-07-29"", ""form_type"": ""10-Q""}, ""total_assets"": {""filed_date"": ""2026-07-29"", ""form_type"": ""10-Q""}, ""long_term_debt"": {""filed_date"": ""2026-07-29"", ""form_type"": ""10-Q""}, ""cash_and_equivalents"": {""filed_date"": ""2026-07-29"", ""form_type"": ""10-Q""}, ""stockholders_equity"": {""filed_date"": ""2026-07-29"", ""form_type"": ""10-Q""}, ""operating_cash_flow"": {""filed_date"": ""2026-07-29"", ""form_type"": ""10-Q""}, ""total_debt"": {""filed_date"": ""2026-07-29"", ""form_type"": ""10-Q""}, ""shares_outstanding"": {""filed_date"": ""2024-04-30"", ""form_type"": ""10-Q""}}",539
ISRG,"Intuitive Surgical, Inc.",0.013184795388294633,0.13872586608762993,5,,-0.20034457305175715,1,5,1,10,3,0.34837809680210485,0.34837809680210485,1.2032812881190533,394.51,141344272270.18896,2284000000.0,0.0,5663100000.0,1639600000.0,1827200000.0,Health Care,0.28,2026-08-17T07:16:15.722908,True,True,2026-08-17T07:04:15.149357,"{""revenue"": {""filed_date"": ""2026-07-21"", ""form_type"": ""10-Q""}, ""operating_income"": {""filed_date"": ""2026-07-21"", ""form_type"": ""10-Q""}, ""net_income"": {""filed_date"": ""2026-07-21"", ""form_type"": ""10-Q""}, ""total_assets"": {""filed_date"": ""2026-07-21"", ""form_type"": ""10-Q""}, ""current_assets"": {""filed_date"": ""2026-07-21"", ""form_type"": ""10-Q""}, ""current_liabilities"": {""filed_date"": ""2026-07-21"", ""form_type"": ""10-Q""}, ""cash_and_equivalents"": {""filed_date"": ""2026-07-21"", ""form_type"": ""10-Q""}, ""ppe"": {""filed_date"": ""2026-07-21"", ""form_type"": ""10-Q""}, ""stockholders_equity"": {""filed_date"": ""2026-07-21"", ""form_type"": ""10-Q""}, ""operating_cash_flow"": {""filed_date"": ""2026-07-21"", ""form_type"": ""10-Q""}, ""capex"": {""filed_date"": ""2011-10-19"", ""form_type"": ""10-Q""}, ""shares_outstanding"": {""filed_date"": ""2026-07-21"", ""form_type"": ""10-Q""}}",540
CW,Curtiss-Wright Corporation,0.013167126487394296,0.2756617267085403,4,,0.017135376227953476,2,4,0,8,4,0.19210955173927177,0.19210955173927177,0.6283353737551637,699.31,25828625943.468018,422750000.0,0.0,913687000.0,279354000.0,338200000.0,Industrials,0.03,2026-08-17T07:16:15.732540,True,True,2026-08-17T07:04:15.149357,"{""revenue"": {""filed_date"": ""2026-05-07"", ""form_type"": ""10-Q""}, ""operating_income"": {""filed_date"": ""2026-08-06"", ""form_type"": ""10-Q""}, ""net_income"": {""filed_date"": ""2026-08-06"", ""form_type"": ""10-Q""}, ""total_assets"": {""filed_date"": ""2026-08-06"", ""form_type"": ""10-Q""}, ""current_assets"": {""filed_date"": ""2026-08-06"", ""form_type"": ""10-Q""}, ""current_liabilities"": {""filed_date"": ""2026-08-06"", ""form_type"": ""10-Q""}, ""long_term_debt"": {""filed_date"": ""2026-08-06"", ""form_type"": ""10-Q""}, ""cash_and_equivalents"": {""filed_date"": ""2026-05-07"", ""form_type"": ""10-Q""}, ""ppe"": {""filed_date"": ""2026-08-06"", ""form_type"": ""10-Q""}, ""stockholders_equity"": {""filed_date"": ""2026-08-06"", ""form_type"": ""10-Q""}, ""operating_cash_flow"": {""filed_date"": ""2026-08-06"", ""form_type"": ""10-Q""}, ""capex"": {""filed_date"": ""2026-08-06"", ""form_type"": ""10-Q""}, ""total_debt"": {""filed_date"": ""2026-08-06"", ""form_type"": ""10-Q""}, ""shares_outstanding"": {""filed_date"": ""2026-08-06"", ""form_type"": ""10-Q""}}",541
D,"Dominion Energy, Inc.",0.0130745970072487,0.017930981180198632,5,,0.06928902730371175,2,5,1,10,4,0.17573221757322174,0.17573221757322174,1.4202898550724639,68.77,60484996560.219795,1740000000.0,0.0,5019000000.0,621000000.0,1392000000.0,Utilities,0.09,2026-08-17T07:16:15.726537,True,True,2026-08-17T07:04:15.149357,"{""revenue"": {""filed_date"": ""2026-05-01"", ""form_type"": ""10-Q""}, ""operating_income"": {""filed_date"": ""2026-05-01"", ""form_type"": ""10-Q""}, ""net_income"": {""filed_date"": ""2026-05-01"", ""form_type"": ""10-Q""}, ""total_assets"": {""filed_date"": ""2026-05-01"", ""form_type"": ""10-Q""}, ""current_assets"": {""filed_date"": ""2026-05-01"", ""form_type"": ""10-Q""}, ""current_liabilities"": {""filed_date"": ""2026-05-01"", ""form_type"": ""10-Q""}, ""long_term_debt"": {""filed_date"": ""2026-02-23"", ""form_type"": ""10-K""}, ""cash_and_equivalents"": {""filed_date"": ""2026-05-01"", ""form_type"": ""10-Q""}, ""ppe"": {""filed_date"": ""2026-05-01"", ""form_type"": ""10-Q""}, ""stockholders_equity"": {""filed_date"": ""2026-05-01"", ""form_type"": ""10-Q""}, ""operating_cash_flow"": {""filed_date"": ""2026-05-01"", ""form_type"": ""10-Q""}, ""capex"": {""filed_date"": ""2020-05-05"", ""form_type"": ""10-Q""}, ""total_debt"": {""filed_date"": ""2026-02-23"", ""form_type"": ""10-K""}, ""shares_outstanding"": {""filed_date"": ""2026-05-01"", ""form_type"": ""10-Q""}}",542
HD,"The Home Depot, Inc.",0.01291488704317152,0.17014517506404783,4,,-0.10274615289388293,1,4,2,9,3,0.11408900909761495,0.11408900909761495,1.8339920948616601,338.86,337882944256.3186,6226250000.0,0.0,52871000000.0,3289000000.0,4981000000.0,Consumer Discretionary,0.69,2026-08-17T07:16:15.721765,True,True,2026-08-17T07:04:15.149357,"{""revenue"": {""filed_date"": ""2010-12-02"", ""form_type"": ""10-Q""}, ""operating_income"": {""filed_date"": ""2026-05-27"", ""form_type"": ""10-Q""}, ""net_income"": {""filed_date"": ""2026-05-27"", ""form_type"": ""10-Q""}, ""total_assets"": {""filed_date"": ""2026-05-27"", ""form_type"": ""10-Q""}, ""current_assets"": {""filed_date"": ""2026-05-27"", ""form_type"": ""10-Q""}, ""current_liabilities"": {""filed_date"": ""2026-05-27"", ""form_type"": ""10-Q""}, ""long_term_debt"": {""filed_date"": ""2026-03-18"", ""form_type"": ""10-K""}, ""cash_and_equivalents"": {""filed_date"": ""2026-05-27"", ""form_type"": ""10-Q""}, ""ppe"": {""filed_date"": ""2025-11-25"", ""form_type"": ""10-Q""}, ""stockholders_equity"": {""filed_date"": ""2026-05-27"", ""form_type"": ""10-Q""}, ""operating_cash_flow"": {""filed_date"": ""2026-05-27"", ""form_type"": ""10-Q""}, ""total_debt"": {""filed_date"": ""2026-03-18"", ""form_type"": ""10-K""}, ""shares_outstanding"": {""filed_date"": ""2026-05-27"", ""form_type"": ""10-Q""}}",543
UDR,"UDR, Inc.",0.01287366704303652,0.015448400451643824,3,,0.014568813433866581,2,4,0,7,3,0.3023207756740065,0.3023207756740065,0.6781979760945261,37.94,12188764141.49073,287256250.0,0.0,425849000.0,189831000.0,229805000.0,Real Estate,0.02,2026-08-17T07:16:15.735183,True,True,2026-08-17T07:04:15.149357,"{""revenue"": {""filed_date"": ""2026-04-30"", ""form_type"": ""10-Q""}, ""operating_income"": {""filed_date"": ""2026-04-30"", ""form_type"": ""10-Q""}, ""net_income"": {""filed_date"": ""2026-04-30"", ""form_type"": ""10-Q""}, ""total_assets"": {""filed_date"": ""2026-04-30"", ""form_type"": ""10-Q""}, ""long_term_debt"": {""filed_date"": ""2026-04-30"", ""form_type"": ""10-Q""}, ""cash_and_equivalents"": {""filed_date"": ""2026-04-30"", ""form_type"": ""10-Q""}, ""stockholders_equity"": {""filed_date"": ""2026-04-30"", ""form_type"": ""10-Q""}, ""operating_cash_flow"": {""filed_date"": ""2026-04-30"", ""form_type"": ""10-Q""}, ""total_debt"": {""filed_date"": ""2026-04-30"", ""form_type"": ""10-Q""}, ""shares_outstanding"": {""filed_date"": ""2026-04-30"", ""form_type"": ""10-Q""}}",544
HWM,Howmet Aerospace Inc.,0.01270685686253663,0.3112244897959184,5,,0.14609869135131723,3,2,2,7,3,0.09600593086831619,0.09600593086831619,0.9299820466786356,289.18,115325385641.91132,1830000000.0,0.0,10791000000.0,1114000000.0,1464000000.0,Industrials,0.11,2026-08-17T07:16:15.725416,True,True,2026-08-17T07:04:15.149357,"{""revenue"": {""filed_date"": ""2019-11-05"", ""form_type"": ""10-Q""}, ""operating_income"": {""filed_date"": ""2026-08-06"", ""form_type"": ""10-Q""}, ""net_income"": {""filed_date"": ""2026-08-06"", ""form_type"": ""10-Q""}, ""total_assets"": {""filed_date"": ""2026-08-06"", ""form_type"": ""10-Q""}, ""current_assets"": {""filed_date"": ""2026-08-06"", ""form_type"": ""10-Q""}, ""current_liabilities"": {""filed_date"": ""2026-08-06"", ""form_type"": ""10-Q""}, ""long_term_debt"": {""filed_date"": ""2026-02-12"", ""form_type"": ""10-K""}, ""cash_and_equivalents"": {""filed_date"": ""2026-08-06"", ""form_type"": ""10-Q""}, ""ppe"": {""filed_date"": ""2026-08-06"", ""form_type"": ""10-Q""}, ""stockholders_equity"": {""filed_date"": ""2026-08-06"", ""form_type"": ""10-Q""}, ""operating_cash_flow"": {""filed_date"": ""2026-08-06"", ""form_type"": ""10-Q""}, ""capex"": {""filed_date"": ""2026-08-06"", ""form_type"": ""10-Q""}, ""total_debt"": {""filed_date"": ""2026-08-06"", ""form_type"": ""10-Q""}, ""shares_outstanding"": {""filed_date"": ""2026-08-06"", ""form_type"": ""10-Q""}}",545
ADI,"Analog Devices, Inc.",0.01269404527185451,0.35765988267540527,5,,0.16049645239775456,3,5,1,10,4,0.36132510189580874,0.36132510189580874,1.1162728131464306,389.39,189666829640.66406,2970881250.0,0.0,6200942000.0,2007176000.0,2376705000.0,Information Technology,0.21,2026-08-17T07:16:15.723683,True,True,2026-08-17T07:04:15.149357,"{""revenue"": {""filed_date"": ""2018-11-27"", ""form_type"": ""10-K""}, ""operating_income"": {""filed_date"": ""2026-05-20"", ""form_type"": ""10-Q""}, ""net_income"": {""filed_date"": ""2026-05-20"", ""form_type"": ""10-Q""}, ""total_assets"": {""filed_date"": ""2026-05-20"", ""form_type"": ""10-Q""}, ""current_assets"": {""filed_date"": ""2026-05-20"", ""form_type"": ""10-Q""}, ""current_liabilities"": {""filed_date"": ""2026-05-20"", ""form_type"": ""10-Q""}, ""long_term_debt"": {""filed_date"": ""2023-08-23"", ""form_type"": ""10-Q""}, ""cash_and_equivalents"": {""filed_date"": ""2026-05-20"", ""form_type"": ""10-Q""}, ""ppe"": {""filed_date"": ""2026-05-20"", ""form_type"": ""10-Q""}, ""stockholders_equity"": {""filed_date"": ""2026-05-20"", ""form_type"": ""10-Q""}, ""operating_cash_flow"": {""filed_date"": ""2026-05-20"", ""form_type"": ""10-Q""}, ""capex"": {""filed_date"": ""2026-05-20"", ""form_type"": ""10-Q""}, ""total_debt"": {""filed_date"": ""2022-11-22"", ""form_type"": ""10-K""}, ""shares_outstanding"": {""filed_date"": ""2026-05-20"", ""form_type"": ""10-Q""}}",546
RDDT,"Reddit, Inc.",0.012649946444831778,0.1289307462272579,5,,0.2791065273491582,3,5,0,10,4,0.39101188027645273,0.39101188027645273,1.256770038679681,178.09,34263893761.322937,518285000.0,0.0,1468316000.0,456829000.0,414628000.0,Communication,0.04,2026-08-17T07:16:15.730359,True,True,2026-08-17T07:04:15.149357,"{""revenue"": {""filed_date"": ""2026-07-31"", ""form_type"": ""10-Q""}, ""operating_income"": {""filed_date"": ""2026-07-31"", ""form_type"": ""10-Q""}, ""net_income"": {""filed_date"": ""2026-07-31"", ""form_type"": ""10-Q""}, ""total_assets"": {""filed_date"": ""2026-07-31"", ""form_type"": ""10-Q""}, ""current_assets"": {""filed_date"": ""2026-07-31"", ""form_type"": ""10-Q""}, ""current_liabilities"": {""filed_date"": ""2026-07-31"", ""form_type"": ""10-Q""}, ""cash_and_equivalents"": {""filed_date"": ""2026-07-31"", ""form_type"": ""10-Q""}, ""ppe"": {""filed_date"": ""2026-07-31"", ""form_type"": ""10-Q""}, ""stockholders_equity"": {""filed_date"": ""2026-07-31"", ""form_type"": ""10-Q""}, ""operating_cash_flow"": {""filed_date"": ""2026-07-31"", ""form_type"": ""10-Q""}, ""capex"": {""filed_date"": ""2026-07-31"", ""form_type"": ""10-Q""}, ""shares_outstanding"": {""filed_date"": ""2026-07-31"", ""form_type"": ""10-Q""}}",547
GEHC,GE HealthCare Technologies Inc.,0.012512828378637203,0.12744370205394703,4,,-0.09609727081849241,1,2,0,5,2,0.0565191970376145,0.0565191970376145,0.7455012853470437,73.69,33284761012.62964,643750000.0,0.0,5131000000.0,389000000.0,515000000.0,Health Care,0.06,2026-08-17T07:16:15.728823,True,True,2026-08-17T07:04:15.149357,"{""revenue"": {""filed_date"": ""2026-04-29"", ""form_type"": ""10-Q""}, ""operating_income"": {""filed_date"": ""2026-04-29"", ""form_type"": ""10-Q""}, ""net_income"": {""filed_date"": ""2026-04-29"", ""form_type"": ""10-Q""}, ""total_assets"": {""filed_date"": ""2026-04-29"", ""form_type"": ""10-Q""}, ""current_assets"": {""filed_date"": ""2026-04-29"", ""form_type"": ""10-Q""}, ""current_liabilities"": {""filed_date"": ""2026-04-29"", ""form_type"": ""10-Q""}, ""long_term_debt"": {""filed_date"": ""2026-04-29"", ""form_type"": ""10-Q""}, ""cash_and_equivalents"": {""filed_date"": ""2026-04-29"", ""form_type"": ""10-Q""}, ""ppe"": {""filed_date"": ""2024-02-06"", ""form_type"": ""10-K""}, ""stockholders_equity"": {""filed_date"": ""2026-04-29"", ""form_type"": ""10-Q""}, ""operating_cash_flow"": {""filed_date"": ""2026-04-29"", ""form_type"": ""10-Q""}, ""capex"": {""filed_date"": ""2023-07-25"", ""form_type"": ""10-Q""}, ""total_debt"": {""filed_date"": ""2026-04-29"", ""form_type"": ""10-Q""}, ""shares_outstanding"": {""filed_date"": ""2024-07-31"", ""form_type"": ""10-Q""}}",548
ATI,ATI Inc.,0.012496414962323503,0.09965207457028613,4,,0.5569335313631282,3,4,0,8,4,0.2633444748303454,0.2633444748303454,0.9658246656760773,228.48,31112208526.057358,479750000.0,0.0,987300000.0,269200000.0,383800000.0,Industrials,0.02,2026-08-17T07:16:15.737231,True,True,2026-08-17T07:04:15.149357,"{""revenue"": {""filed_date"": ""2014-05-05"", ""form_type"": ""10-Q""}, ""operating_income"": {""filed_date"": ""2026-08-06"", ""form_type"": ""10-Q""}, ""net_income"": {""filed_date"": ""2026-08-06"", ""form_type"": ""10-Q""}, ""total_assets"": {""filed_date"": ""2026-08-06"", ""form_type"": ""10-Q""}, ""current_assets"": {""filed_date"": ""2026-08-06"", ""form_type"": ""10-Q""}, ""current_liabilities"": {""filed_date"": ""2026-08-06"", ""form_type"": ""10-Q""}, ""cash_and_equivalents"": {""filed_date"": ""2026-08-06"", ""form_type"": ""10-Q""}, ""ppe"": {""filed_date"": ""2026-08-06"", ""form_type"": ""10-Q""}, ""stockholders_equity"": {""filed_date"": ""2026-08-06"", ""form_type"": ""10-Q""}, ""operating_cash_flow"": {""filed_date"": ""2026-08-06"", ""form_type"": ""10-Q""}, ""total_debt"": {""filed_date"": ""2026-08-06"", ""form_type"": ""10-Q""}, ""shares_outstanding"": {""filed_date"": ""2026-08-06"", ""form_type"": ""10-Q""}}",549
LPX,Louisiana-Pacific Corporation,0.012484298341397063,0.0291906236178682,5,,-0.1584850261076256,1,3,0,7,2,0.08232445520581114,0.08232445520581114,1.9245283018867925,73.89,5166640722.222137,82500000.0,0.0,1239000000.0,53000000.0,66000000.0,Materials,0.01,2026-08-17T07:16:15.742955,True,True,2026-08-17T07:04:15.149357,"{""revenue"": {""filed_date"": ""2026-08-05"", ""form_type"": ""10-Q""}, ""operating_income"": {""filed_date"": ""2026-08-05"", ""form_type"": ""10-Q""}, ""net_income"": {""filed_date"": ""2026-08-05"", ""form_type"": ""10-Q""}, ""total_assets"": {""filed_date"": ""2026-08-05"", ""form_type"": ""10-Q""}, ""current_assets"": {""filed_date"": ""2026-08-05"", ""form_type"": ""10-Q""}, ""current_liabilities"": {""filed_date"": ""2026-08-05"", ""form_type"": ""10-Q""}, ""long_term_debt"": {""filed_date"": ""2026-02-17"", ""form_type"": ""10-K""}, ""cash_and_equivalents"": {""filed_date"": ""2026-08-05"", ""form_type"": ""10-Q""}, ""ppe"": {""filed_date"": ""2026-08-05"", ""form_type"": ""10-Q""}, ""stockholders_equity"": {""filed_date"": ""2026-08-05"", ""form_type"": ""10-Q""}, ""operating_cash_flow"": {""filed_date"": ""2026-08-05"", ""form_type"": ""10-Q""}, ""capex"": {""filed_date"": ""2026-08-05"", ""form_type"": ""10-Q""}, ""total_debt"": {""filed_date"": ""2026-02-17"", ""form_type"": ""10-K""}, ""shares_outstanding"": {""filed_date"": ""2026-08-05"", ""form_type"": ""10-Q""}}",550
MCK,McKesson Corporation,0.01245726075253665,0.0,3,,-0.08007231129756445,1,0,2,3,0,-0.00733822548365577,,-0.3583061889250814,869.0,101317025447.0,1648750000.0,0.0,29980000000.0,614000000.0,1319000000.0,Health Care,0.15,2026-08-17T07:16:15.724630,True,True,2026-08-17T07:04:15.149357,"{""revenue"": {""filed_date"": ""2011-07-28"", ""form_type"": ""10-Q""}, ""operating_income"": {""filed_date"": ""2026-08-05"", ""form_type"": ""10-Q""}, ""net_income"": {""filed_date"": ""2026-08-05"", ""form_type"": ""10-Q""}, ""total_assets"": {""filed_date"": ""2026-08-05"", ""form_type"": ""10-Q""}, ""current_assets"": {""filed_date"": ""2026-08-05"", ""form_type"": ""10-Q""}, ""current_liabilities"": {""filed_date"": ""2026-08-05"", ""form_type"": ""10-Q""}, ""long_term_debt"": {""filed_date"": ""2026-08-05"", ""form_type"": ""10-Q""}, ""cash_and_equivalents"": {""filed_date"": ""2026-08-05"", ""form_type"": ""10-Q""}, ""ppe"": {""filed_date"": ""2026-08-05"", ""form_type"": ""10-Q""}, ""stockholders_equity"": {""filed_date"": ""2026-08-05"", ""form_type"": ""10-Q""}, ""operating_cash_flow"": {""filed_date"": ""2026-08-05"", ""form_type"": ""10-Q""}, ""capex"": {""filed_date"": ""2026-08-05"", ""form_type"": ""10-Q""}, ""total_debt"": {""filed_date"": ""2026-08-05"", ""form_type"": ""10-Q""}, ""shares_outstanding"": {""filed_date"": ""2026-08-05"", ""form_type"": ""10-Q""}}",551
FR,"First Industrial Realty Trust, Inc.",0.012455202548214245,0.014946243057857094,4,,0.06458323657599759,2,4,0,8,4,0.5204416997847432,0.5204416997847432,0.9212250848104198,62.87,8334702415.2795105,151026250.0,0.0,389767000.0,220197000.0,120821000.0,Real Estate,0.01,2026-08-17T07:16:15.741801,True,True,2026-08-17T07:04:15.149357,"{""revenue"": {""filed_date"": ""2026-07-23"", ""form_type"": ""10-Q""}, ""operating_income"": {""filed_date"": ""2017-02-24"", ""form_type"": ""10-K""}, ""net_income"": {""filed_date"": ""2026-07-23"", ""form_type"": ""10-Q""}, ""total_assets"": {""filed_date"": ""2026-07-23"", ""form_type"": ""10-Q""}, ""long_term_debt"": {""filed_date"": ""2018-04-26"", ""form_type"": ""10-Q""}, ""cash_and_equivalents"": {""filed_date"": ""2026-07-23"", ""form_type"": ""10-Q""}, ""stockholders_equity"": {""filed_date"": ""2026-07-23"", ""form_type"": ""10-Q""}, ""operating_cash_flow"": {""filed_date"": ""2026-07-23"", ""form_type"": ""10-Q""}, ""total_debt"": {""filed_date"": ""2018-04-26"", ""form_type"": ""10-Q""}, ""shares_outstanding"": {""filed_date"": ""2026-07-23"", ""form_type"": ""10-Q""}}",552
VTR,"Ventas, Inc.",0.012379271480299882,0.014855125776359859,4,,0.06624809162205192,2,5,0,9,4,0.28086216152211185,0.28086216152211185,5.544644262438427,91.52,46944849053.753136,924683750.0,0.0,3386558000.0,171545000.0,739747000.0,Real Estate,0.05,2026-08-17T07:16:15.729515,True,True,2026-08-17T07:04:15.149357,"{""revenue"": {""filed_date"": ""2026-07-30"", ""form_type"": ""10-Q""}, ""operating_income"": {""filed_date"": ""2011-11-07"", ""form_type"": ""10-Q""}, ""net_income"": {""filed_date"": ""2011-11-07"", ""form_type"": ""10-Q""}, ""total_assets"": {""filed_date"": ""2026-07-30"", ""form_type"": ""10-Q""}, ""long_term_debt"": {""filed_date"": ""2026-02-06"", ""form_type"": ""10-K""}, ""cash_and_equivalents"": {""filed_date"": ""2026-07-30"", ""form_type"": ""10-Q""}, ""stockholders_equity"": {""filed_date"": ""2026-07-30"", ""form_type"": ""10-Q""}, ""operating_cash_flow"": {""filed_date"": ""2026-07-30"", ""form_type"": ""10-Q""}, ""capex"": {""filed_date"": ""2020-02-24"", ""form_type"": ""10-K""}, ""total_debt"": {""filed_date"": ""2026-02-06"", ""form_type"": ""10-K""}, ""shares_outstanding"": {""filed_date"": ""2026-07-30"", ""form_type"": ""10-Q""}}",553
RF,Regions Financial Corporation,0.012332605484105884,0.01479912658092706,5,,0.09181992869296882,2,3,0,7,3,,,1.0947741364038972,31.9,27176550916.414684,66250000.0,0.0,0.0,1129000000.0,53000000.0,Financials,0.04,2026-08-17T07:16:15.730847,True,True,2026-08-17T07:04:15.149357,"{""operating_income"": {""filed_date"": ""2026-02-24"", ""form_type"": ""10-K""}, ""net_income"": {""filed_date"": ""2026-08-06"", ""form_type"": ""10-Q""}, ""total_assets"": {""filed_date"": ""2026-08-06"", ""form_type"": ""10-Q""}, ""long_term_debt"": {""filed_date"": ""2026-08-06"", ""form_type"": ""10-Q""}, ""cash_and_equivalents"": {""filed_date"": ""2021-11-04"", ""form_type"": ""10-Q""}, ""ppe"": {""filed_date"": ""2026-08-06"", ""form_type"": ""10-Q""}, ""stockholders_equity"": {""filed_date"": ""2026-08-06"", ""form_type"": ""10-Q""}, ""operating_cash_flow"": {""filed_date"": ""2026-08-06"", ""form_type"": ""10-Q""}, ""total_debt"": {""filed_date"": ""2026-08-06"", ""form_type"": ""10-Q""}, ""shares_outstanding"": {""filed_date"": ""2026-08-06"", ""form_type"": ""10-Q""}}",554
CRM,"Salesforce, Inc.",0.012285321241515915,0.0,5,,0.07009829164670797,2,5,1,10,4,0.7985000924691944,0.7985000924691944,3.1803512102515423,196.21,160695995498.65723,2933750000.0,0.0,8391984000.0,2107000000.0,2347000000.0,Information Technology,0.39,2026-08-17T07:16:15.722149,True,True,2026-08-17T07:04:15.149357,"{""revenue"": {""filed_date"": ""2017-03-06"", ""form_type"": ""10-K""}, ""operating_income"": {""filed_date"": ""2026-05-28"", ""form_type"": ""10-Q""}, ""net_income"": {""filed_date"": ""2026-05-28"", ""form_type"": ""10-Q""}, ""total_assets"": {""filed_date"": ""2026-05-28"", ""form_type"": ""10-Q""}, ""current_assets"": {""filed_date"": ""2026-05-28"", ""form_type"": ""10-Q""}, ""current_liabilities"": {""filed_date"": ""2026-05-28"", ""form_type"": ""10-Q""}, ""long_term_debt"": {""filed_date"": ""2026-05-28"", ""form_type"": ""10-Q""}, ""cash_and_equivalents"": {""filed_date"": ""2026-05-28"", ""form_type"": ""10-Q""}, ""ppe"": {""filed_date"": ""2021-12-02"", ""form_type"": ""10-Q""}, ""stockholders_equity"": {""filed_date"": ""2026-05-28"", ""form_type"": ""10-Q""}, ""operating_cash_flow"": {""filed_date"": ""2026-05-28"", ""form_type"": ""10-Q""}, ""capex"": {""filed_date"": ""2026-05-28"", ""form_type"": ""10-Q""}, ""total_debt"": {""filed_date"": ""2026-05-28"", ""form_type"": ""10-Q""}, ""shares_outstanding"": {""filed_date"": ""2026-03-02"", ""form_type"": ""10-K""}}",555
SLM,SLM Corporation,0.012228709734927195,0.014674451681912632,3,,0.18775996759315836,3,0,0,2,1,,,-0.5751871184979221,28.03,5269640129.089355,99750000.0,0.0,0.0,366479000.0,79800000.0,Financials,0.01,2026-08-17T07:16:15.742211,True,True,2026-08-17T07:04:15.149357,"{""operating_income"": {""filed_date"": ""2010-11-08"", ""form_type"": ""10-Q""}, ""net_income"": {""filed_date"": ""2026-07-23"", ""form_type"": ""10-Q""}, ""total_assets"": {""filed_date"": ""2026-07-23"", ""form_type"": ""10-Q""}, ""long_term_debt"": {""filed_date"": ""2026-07-23"", ""form_type"": ""10-Q""}, ""cash_and_equivalents"": {""filed_date"": ""2026-07-23"", ""form_type"": ""10-Q""}, ""ppe"": {""filed_date"": ""2026-07-23"", ""form_type"": ""10-Q""}, ""stockholders_equity"": {""filed_date"": ""2026-07-23"", ""form_type"": ""10-Q""}, ""operating_cash_flow"": {""filed_date"": ""2026-07-23"", ""form_type"": ""10-Q""}, ""total_debt"": {""filed_date"": ""2026-07-23"", ""form_type"": ""10-Q""}, ""shares_outstanding"": {""filed_date"": ""2020-02-28"", ""form_type"": ""10-K""}}",556
NEE,"NextEra Energy, Inc.",0.012078752752554298,0.014656877713314658,5,,-0.05713188081520468,1,5,2,10,3,0.22718581609594993,0.22718581609594993,1.1979835013748854,86.19,179758330897.82996,2760000000.0,0.0,11506000000.0,2182000000.0,2208000000.0,Utilities,0.26,2026-08-17T07:16:15.723105,True,True,2026-08-17T07:04:15.149357,"{""revenue"": {""filed_date"": ""2013-11-01"", ""form_type"": ""10-Q""}, ""operating_income"": {""filed_date"": ""2026-04-23"", ""form_type"": ""10-Q""}, ""net_income"": {""filed_date"": ""2026-04-23"", ""form_type"": ""10-Q""}, ""total_assets"": {""filed_date"": ""2026-04-23"", ""form_type"": ""10-Q""}, ""current_assets"": {""filed_date"": ""2026-04-23"", ""form_type"": ""10-Q""}, ""current_liabilities"": {""filed_date"": ""2026-04-23"", ""form_type"": ""10-Q""}, ""long_term_debt"": {""filed_date"": ""2026-04-23"", ""form_type"": ""10-Q""}, ""cash_and_equivalents"": {""filed_date"": ""2026-04-23"", ""form_type"": ""10-Q""}, ""ppe"": {""filed_date"": ""2026-04-23"", ""form_type"": ""10-Q""}, ""stockholders_equity"": {""filed_date"": ""2026-04-23"", ""form_type"": ""10-Q""}, ""operating_cash_flow"": {""filed_date"": ""2026-04-23"", ""form_type"": ""10-Q""}, ""total_debt"": {""filed_date"": ""2020-02-14"", ""form_type"": ""10-K""}, ""shares_outstanding"": {""filed_date"": ""2026-04-23"", ""form_type"": ""10-Q""}}",557
FIVE,"Five Below, Inc.",0.011972569102784044,0.06643577124555172,5,,0.15088478070050396,3,5,0,10,4,0.17674521352642575,0.17674521352642575,1.8465089065141074,244.54,13521924762.294357,192803750.0,0.0,1285602000.0,123056000.0,154243000.0,Consumer Discretionary,0.01,2026-08-17T07:16:15.740025,True,True,2026-08-17T07:04:15.149357,"{""revenue"": {""filed_date"": ""2026-06-04"", ""form_type"": ""10-Q""}, ""operating_income"": {""filed_date"": ""2026-06-04"", ""form_type"": ""10-Q""}, ""net_income"": {""filed_date"": ""2026-06-04"", ""form_type"": ""10-Q""}, ""total_assets"": {""filed_date"": ""2026-06-04"", ""form_type"": ""10-Q""}, ""current_assets"": {""filed_date"": ""2026-06-04"", ""form_type"": ""10-Q""}, ""current_liabilities"": {""filed_date"": ""2026-06-04"", ""form_type"": ""10-Q""}, ""cash_and_equivalents"": {""filed_date"": ""2026-06-04"", ""form_type"": ""10-Q""}, ""ppe"": {""filed_date"": ""2026-06-04"", ""form_type"": ""10-Q""}, ""stockholders_equity"": {""filed_date"": ""2026-06-04"", ""form_type"": ""10-Q""}, ""operating_cash_flow"": {""filed_date"": ""2026-06-04"", ""form_type"": ""10-Q""}, ""capex"": {""filed_date"": ""2026-06-04"", ""form_type"": ""10-Q""}, ""total_debt"": {""filed_date"": ""2015-03-26"", ""form_type"": ""10-K""}, ""shares_outstanding"": {""filed_date"": ""2026-06-04"", ""form_type"": ""10-Q""}}",558
STE,STERIS plc,0.01195179526903524,0.08571771339451742,5,,-0.04659893433770651,1,5,0,10,3,0.24593019360889662,0.24593019360889662,1.8345827086456772,233.28,22744825541.78131,357250000.0,0.0,1492700000.0,200100000.0,285800000.0,Health Care,0.04,2026-08-17T07:16:15.730427,True,True,2026-08-17T07:04:15.149357,"{""revenue"": {""filed_date"": ""2026-08-07"", ""form_type"": ""10-Q""}, ""operating_income"": {""filed_date"": ""2026-08-07"", ""form_type"": ""10-Q""}, ""net_income"": {""filed_date"": ""2026-08-07"", ""form_type"": ""10-Q""}, ""total_assets"": {""filed_date"": ""2026-08-07"", ""form_type"": ""10-Q""}, ""current_assets"": {""filed_date"": ""2026-08-07"", ""form_type"": ""10-Q""}, ""current_liabilities"": {""filed_date"": ""2026-08-07"", ""form_type"": ""10-Q""}, ""long_term_debt"": {""filed_date"": ""2026-08-07"", ""form_type"": ""10-Q""}, ""cash_and_equivalents"": {""filed_date"": ""2026-08-07"", ""form_type"": ""10-Q""}, ""ppe"": {""filed_date"": ""2026-08-07"", ""form_type"": ""10-Q""}, ""stockholders_equity"": {""filed_date"": ""2026-08-07"", ""form_type"": ""10-Q""}, ""operating_cash_flow"": {""filed_date"": ""2026-08-07"", ""form_type"": ""10-Q""}, ""capex"": {""filed_date"": ""2026-08-07"", ""form_type"": ""10-Q""}, ""total_debt"": {""filed_date"": ""2026-08-07"", ""form_type"": ""10-Q""}, ""shares_outstanding"": {""filed_date"": ""2026-08-07"", ""form_type"": ""10-Q""}}",559
AAL,American Airlines Group Inc. Common Stock,0.011949365026740846,0.020479368932038836,3,,0.029861133094923577,2,4,1,8,3,0.153163441772441,0.153163441772441,,14.83,9817014322.8257,506250000.0,0.0,30647000000.0,-311000000.0,405000000.0,Industrials,0.02,2026-08-17T07:16:15.738479,True,True,2026-08-17T07:04:15.149357,"{""revenue"": {""filed_date"": ""2026-07-23"", ""form_type"": ""10-Q""}, ""operating_income"": {""filed_date"": ""2026-07-23"", ""form_type"": ""10-Q""}, ""net_income"": {""filed_date"": ""2026-07-23"", ""form_type"": ""10-Q""}, ""total_assets"": {""filed_date"": ""2026-07-23"", ""form_type"": ""10-Q""}, ""current_assets"": {""filed_date"": ""2026-07-23"", ""form_type"": ""10-Q""}, ""current_liabilities"": {""filed_date"": ""2026-07-23"", ""form_type"": ""10-Q""}, ""long_term_debt"": {""filed_date"": ""2026-07-23"", ""form_type"": ""10-Q""}, ""cash_and_equivalents"": {""filed_date"": ""2014-10-23"", ""form_type"": ""10-Q""}, ""ppe"": {""filed_date"": ""2020-10-22"", ""form_type"": ""10-Q""}, ""stockholders_equity"": {""filed_date"": ""2026-07-23"", ""form_type"": ""10-Q""}, ""operating_cash_flow"": {""filed_date"": ""2026-07-23"", ""form_type"": ""10-Q""}, ""total_debt"": {""filed_date"": ""2026-07-23"", ""form_type"": ""10-Q""}, ""shares_outstanding"": {""filed_date"": ""2026-07-23"", ""form_type"": ""10-Q""}}",560
COF,Capital One Financial Corporation,0.011895211676816434,0.01427425401217972,5,,0.10858793334135938,3,5,2,10,4,0.3954435033812619,0.3954435033812619,2.770469181232751,227.34,139473087753.2959,2726250000.0,0.0,15231000000.0,2174000000.0,2181000000.0,Financials,0.23,2026-08-17T07:16:15.723337,True,True,2026-08-17T07:04:15.149357,"{""revenue"": {""filed_date"": ""2026-05-07"", ""form_type"": ""10-Q""}, ""operating_income"": {""filed_date"": ""2026-05-07"", ""form_type"": ""10-Q""}, ""net_income"": {""filed_date"": ""2026-05-07"", ""form_type"": ""10-Q""}, ""total_assets"": {""filed_date"": ""2026-05-07"", ""form_type"": ""10-Q""}, ""long_term_debt"": {""filed_date"": ""2015-08-03"", ""form_type"": ""10-Q""}, ""ppe"": {""filed_date"": ""2026-05-07"", ""form_type"": ""10-Q""}, ""stockholders_equity"": {""filed_date"": ""2026-05-07"", ""form_type"": ""10-Q""}, ""operating_cash_flow"": {""filed_date"": ""2026-05-07"", ""form_type"": ""10-Q""}, ""capex"": {""filed_date"": ""2026-05-07"", ""form_type"": ""10-Q""}, ""total_debt"": {""filed_date"": ""2015-08-03"", ""form_type"": ""10-Q""}, ""shares_outstanding"": {""filed_date"": ""2026-05-07"", ""form_type"": ""10-Q""}}",561
COO,"The Cooper Companies, Inc.",0.011870263326254741,0.07060194174757281,5,,-0.07041742861292881,1,5,0,10,3,0.345991890205864,0.345991890205864,8.387523629489603,76.17,14855482729.98825,227250000.0,0.0,1282400000.0,52900000.0,181800000.0,Health Care,0.02,2026-08-17T07:16:15.734052,True,True,2026-08-17T07:04:15.149357,"{""revenue"": {""filed_date"": ""2019-05-31"", ""form_type"": ""10-Q""}, ""operating_income"": {""filed_date"": ""2026-06-05"", ""form_type"": ""10-Q""}, ""net_income"": {""filed_date"": ""2026-06-05"", ""form_type"": ""10-Q""}, ""total_assets"": {""filed_date"": ""2026-06-05"", ""form_type"": ""10-Q""}, ""current_assets"": {""filed_date"": ""2026-06-05"", ""form_type"": ""10-Q""}, ""current_liabilities"": {""filed_date"": ""2026-06-05"", ""form_type"": ""10-Q""}, ""long_term_debt"": {""filed_date"": ""2026-06-05"", ""form_type"": ""10-Q""}, ""cash_and_equivalents"": {""filed_date"": ""2026-06-05"", ""form_type"": ""10-Q""}, ""ppe"": {""filed_date"": ""2025-12-05"", ""form_type"": ""10-K""}, ""stockholders_equity"": {""filed_date"": ""2026-06-05"", ""form_type"": ""10-Q""}, ""operating_cash_flow"": {""filed_date"": ""2026-06-05"", ""form_type"": ""10-Q""}, ""capex"": {""filed_date"": ""2026-06-05"", ""form_type"": ""10-Q""}, ""total_debt"": {""filed_date"": ""2026-06-05"", ""form_type"": ""10-Q""}, ""shares_outstanding"": {""filed_date"": ""2026-06-05"", ""form_type"": ""10-Q""}}",562
URI,"United Rentals, Inc.",0.011857937000023924,0.0,5,,0.3416368404498005,3,5,1,10,4,0.37992471769134256,0.37992471769134256,2.8512241054613936,1153.83,71817248347.60437,1086250000.0,0.0,3985000000.0,531000000.0,869000000.0,Industrials,0.1,2026-08-17T07:16:15.725862,True,True,2026-08-17T07:04:15.149357,"{""revenue"": {""filed_date"": ""2026-04-22"", ""form_type"": ""10-Q""}, ""operating_income"": {""filed_date"": ""2026-04-22"", ""form_type"": ""10-Q""}, ""net_income"": {""filed_date"": ""2026-04-22"", ""form_type"": ""10-Q""}, ""total_assets"": {""filed_date"": ""2026-04-22"", ""form_type"": ""10-Q""}, ""current_assets"": {""filed_date"": ""2026-04-22"", ""form_type"": ""10-Q""}, ""current_liabilities"": {""filed_date"": ""2026-04-22"", ""form_type"": ""10-Q""}, ""long_term_debt"": {""filed_date"": ""2026-01-28"", ""form_type"": ""10-K""}, ""cash_and_equivalents"": {""filed_date"": ""2026-04-22"", ""form_type"": ""10-Q""}, ""ppe"": {""filed_date"": ""2020-01-29"", ""form_type"": ""10-K""}, ""stockholders_equity"": {""filed_date"": ""2026-04-22"", ""form_type"": ""10-Q""}, ""operating_cash_flow"": {""filed_date"": ""2026-04-22"", ""form_type"": ""10-Q""}, ""capex"": {""filed_date"": ""2021-07-28"", ""form_type"": ""10-Q""}, ""total_debt"": {""filed_date"": ""2026-04-22"", ""form_type"": ""10-Q""}, ""shares_outstanding"": {""filed_date"": ""2026-04-22"", ""form_type"": ""10-Q""}}",563
BALL,Ball Corporation,0.011832203811878956,0.0384917517674784,3,,-0.06487761507797196,1,0,0,2,0,-0.02871219843696908,,-0.38063063063063063,61.82,16363961448.958946,245000000.0,0.0,5886000000.0,444000000.0,196000000.0,Materials,0.03,2026-08-17T07:16:15.733832,True,True,2026-08-17T07:04:15.149357,"{""revenue"": {""filed_date"": ""2018-08-03"", ""form_type"": ""10-Q""}, ""operating_income"": {""filed_date"": ""2024-05-07"", ""form_type"": ""10-Q""}, ""net_income"": {""filed_date"": ""2012-02-22"", ""form_type"": ""10-K""}, ""total_assets"": {""filed_date"": ""2026-08-04"", ""form_type"": ""10-Q""}, ""current_assets"": {""filed_date"": ""2026-08-04"", ""form_type"": ""10-Q""}, ""current_liabilities"": {""filed_date"": ""2026-08-04"", ""form_type"": ""10-Q""}, ""long_term_debt"": {""filed_date"": ""2020-11-06"", ""form_type"": ""10-Q""}, ""cash_and_equivalents"": {""filed_date"": ""2026-08-04"", ""form_type"": ""10-Q""}, ""ppe"": {""filed_date"": ""2020-08-07"", ""form_type"": ""10-Q""}, ""stockholders_equity"": {""filed_date"": ""2026-08-04"", ""form_type"": ""10-Q""}, ""operating_cash_flow"": {""filed_date"": ""2026-08-04"", ""form_type"": ""10-Q""}, ""capex"": {""filed_date"": ""2026-08-04"", ""form_type"": ""10-Q""}, ""total_debt"": {""filed_date"": ""2026-08-04"", ""form_type"": ""10-Q""}, ""shares_outstanding"": {""filed_date"": ""2026-08-04"", ""form_type"": ""10-Q""}}",564
AKAM,"Akamai Technologies, Inc.",0.011816987109021012,0.0470213737247814,5,,0.15283158065548055,3,5,0,10,4,0.9552132120276826,0.9552132120276826,3.439390920887558,124.99,17963138651.8982,243472500.0,0.0,668724000.0,185723000.0,194778000.0,Information Technology,0.02,2026-08-17T07:16:15.736652,True,True,2026-08-17T07:04:15.149357,"{""revenue"": {""filed_date"": ""2018-05-09"", ""form_type"": ""10-Q""}, ""operating_income"": {""filed_date"": ""2026-08-07"", ""form_type"": ""10-Q""}, ""net_income"": {""filed_date"": ""2026-08-07"", ""form_type"": ""10-Q""}, ""total_assets"": {""filed_date"": ""2026-08-07"", ""form_type"": ""10-Q""}, ""current_assets"": {""filed_date"": ""2026-08-07"", ""form_type"": ""10-Q""}, ""current_liabilities"": {""filed_date"": ""2026-08-07"", ""form_type"": ""10-Q""}, ""cash_and_equivalents"": {""filed_date"": ""2026-08-07"", ""form_type"": ""10-Q""}, ""ppe"": {""filed_date"": ""2026-02-20"", ""form_type"": ""10-K""}, ""stockholders_equity"": {""filed_date"": ""2026-08-07"", ""form_type"": ""10-Q""}, ""operating_cash_flow"": {""filed_date"": ""2026-08-07"", ""form_type"": ""10-Q""}, ""capex"": {""filed_date"": ""2026-08-07"", ""form_type"": ""10-Q""}, ""shares_outstanding"": {""filed_date"": ""2026-08-07"", ""form_type"": ""10-Q""}}",565
NTNX,"Nutanix, Inc.",0.011800436215359979,0.16076458562220902,6,,0.6264957781688839,3,5,0,10,5,0.28699473924464347,0.28699473924464347,2.536519044708164,66.605,18004698409.392998,254976250.0,0.0,2096467000.0,237205000.0,203981000.0,Information Technology,0.03,2026-08-17T07:16:15.732901,True,True,2026-08-17T07:04:15.149357,"{""revenue"": {""filed_date"": ""2026-05-29"", ""form_type"": ""10-Q""}, ""operating_income"": {""filed_date"": ""2026-05-29"", ""form_type"": ""10-Q""}, ""net_income"": {""filed_date"": ""2026-05-29"", ""form_type"": ""10-Q""}, ""total_assets"": {""filed_date"": ""2026-05-29"", ""form_type"": ""10-Q""}, ""current_assets"": {""filed_date"": ""2026-05-29"", ""form_type"": ""10-Q""}, ""current_liabilities"": {""filed_date"": ""2026-05-29"", ""form_type"": ""10-Q""}, ""cash_and_equivalents"": {""filed_date"": ""2026-05-29"", ""form_type"": ""10-Q""}, ""ppe"": {""filed_date"": ""2026-05-29"", ""form_type"": ""10-Q""}, ""stockholders_equity"": {""filed_date"": ""2026-05-29"", ""form_type"": ""10-Q""}, ""operating_cash_flow"": {""filed_date"": ""2026-05-29"", ""form_type"": ""10-Q""}, ""capex"": {""filed_date"": ""2026-05-29"", ""form_type"": ""10-Q""}, ""shares_outstanding"": {""filed_date"": ""2022-09-21"", ""form_type"": ""10-K""}}",566
OVV,Ovintiv Inc.,0.011749539687904,0.018154311649016642,3,,0.3823501847979523,3,4,0,7,3,0.484761045987376,0.484761045987376,,63.02,17431332126.61743,300000000.0,0.0,5545000000.0,-174000000.0,240000000.0,Energy,0.02,2026-08-17T07:16:15.737000,True,True,2026-08-17T07:04:15.149357,"{""revenue"": {""filed_date"": ""2026-07-23"", ""form_type"": ""10-Q""}, ""operating_income"": {""filed_date"": ""2026-07-23"", ""form_type"": ""10-Q""}, ""net_income"": {""filed_date"": ""2026-07-23"", ""form_type"": ""10-Q""}, ""total_assets"": {""filed_date"": ""2026-07-23"", ""form_type"": ""10-Q""}, ""current_assets"": {""filed_date"": ""2026-07-23"", ""form_type"": ""10-Q""}, ""current_liabilities"": {""filed_date"": ""2026-07-23"", ""form_type"": ""10-Q""}, ""long_term_debt"": {""filed_date"": ""2026-07-23"", ""form_type"": ""10-Q""}, ""cash_and_equivalents"": {""filed_date"": ""2026-07-23"", ""form_type"": ""10-Q""}, ""ppe"": {""filed_date"": ""2026-07-23"", ""form_type"": ""10-Q""}, ""stockholders_equity"": {""filed_date"": ""2026-07-23"", ""form_type"": ""10-Q""}, ""operating_cash_flow"": {""filed_date"": ""2026-07-23"", ""form_type"": ""10-Q""}, ""capex"": {""filed_date"": ""2026-07-23"", ""form_type"": ""10-Q""}, ""total_debt"": {""filed_date"": ""2026-07-23"", ""form_type"": ""10-Q""}, ""shares_outstanding"": {""filed_date"": ""2026-07-23"", ""form_type"": ""10-Q""}}",567
POOL,Pool Corporation,0.011704850159909736,0.06053158765539567,4,,-0.22194718516730255,1,2,0,5,2,0.022618350916596808,0.022618350916596808,0.48357098574085555,194.84,7080631012.39621,103262500.0,0.0,1138014000.0,53229000.0,82610000.0,Consumer Discretionary,0.02,2026-08-17T07:16:15.736211,True,True,2026-08-17T07:04:15.149357,"{""revenue"": {""filed_date"": ""2026-04-28"", ""form_type"": ""10-Q""}, ""operating_income"": {""filed_date"": ""2026-04-28"", ""form_type"": ""10-Q""}, ""net_income"": {""filed_date"": ""2026-04-28"", ""form_type"": ""10-Q""}, ""total_assets"": {""filed_date"": ""2026-04-28"", ""form_type"": ""10-Q""}, ""current_assets"": {""filed_date"": ""2026-04-28"", ""form_type"": ""10-Q""}, ""current_liabilities"": {""filed_date"": ""2026-04-28"", ""form_type"": ""10-Q""}, ""long_term_debt"": {""filed_date"": ""2026-04-28"", ""form_type"": ""10-Q""}, ""cash_and_equivalents"": {""filed_date"": ""2019-10-30"", ""form_type"": ""10-Q""}, ""ppe"": {""filed_date"": ""2026-04-28"", ""form_type"": ""10-Q""}, ""stockholders_equity"": {""filed_date"": ""2026-04-28"", ""form_type"": ""10-Q""}, ""operating_cash_flow"": {""filed_date"": ""2026-04-28"", ""form_type"": ""10-Q""}, ""capex"": {""filed_date"": ""2026-04-28"", ""form_type"": ""10-Q""}, ""total_debt"": {""filed_date"": ""2026-04-28"", ""form_type"": ""10-Q""}, ""shares_outstanding"": {""filed_date"": ""2026-04-28"", ""form_type"": ""10-Q""}}",568
HEI,HEICO Corporation,0.011703785865825055,0.2779655922303567,5,,0.11149379521231137,3,5,1,10,4,0.1842269589064693,0.1842269589064693,1.1098636992940856,374.67,52355528932.720825,762920000.0,0.0,2554295000.0,423989000.0,610336000.0,Industrials,0.02,2026-08-17T07:16:15.735094,True,True,2026-08-17T07:04:15.149357,"{""revenue"": {""filed_date"": ""2026-05-29"", ""form_type"": ""10-Q""}, ""operating_income"": {""filed_date"": ""2026-05-29"", ""form_type"": ""10-Q""}, ""net_income"": {""filed_date"": ""2026-05-29"", ""form_type"": ""10-Q""}, ""total_assets"": {""filed_date"": ""2026-05-29"", ""form_type"": ""10-Q""}, ""current_assets"": {""filed_date"": ""2026-05-29"", ""form_type"": ""10-Q""}, ""current_liabilities"": {""filed_date"": ""2026-05-29"", ""form_type"": ""10-Q""}, ""long_term_debt"": {""filed_date"": ""2011-05-31"", ""form_type"": ""10-Q""}, ""cash_and_equivalents"": {""filed_date"": ""2026-05-29"", ""form_type"": ""10-Q""}, ""ppe"": {""filed_date"": ""2026-05-29"", ""form_type"": ""10-Q""}, ""stockholders_equity"": {""filed_date"": ""2026-05-29"", ""form_type"": ""10-Q""}, ""operating_cash_flow"": {""filed_date"": ""2026-05-29"", ""form_type"": ""10-Q""}, ""capex"": {""filed_date"": ""2026-05-29"", ""form_type"": ""10-Q""}, ""total_debt"": {""filed_date"": ""2026-05-29"", ""form_type"": ""10-Q""}, ""shares_outstanding"": {""filed_date"": ""2026-05-29"", ""form_type"": ""10-Q""}}",569
DELL,Dell Technologies Inc.,0.011676588016066889,1.2376438727149628,5,,3.2479301133827785,3,3,2,8,3,0.09308425710505908,0.09308425710505908,1.1870273414776034,490.81,317133163509.18384,4570000000.0,0.0,43842000000.0,3438000000.0,3656000000.0,Information Technology,0.07,2026-08-17T07:16:15.727929,True,True,2026-08-17T07:04:15.149357,"{""revenue"": {""filed_date"": ""2026-06-09"", ""form_type"": ""10-Q""}, ""operating_income"": {""filed_date"": ""2026-06-09"", ""form_type"": ""10-Q""}, ""net_income"": {""filed_date"": ""2026-06-09"", ""form_type"": ""10-Q""}, ""total_assets"": {""filed_date"": ""2026-06-09"", ""form_type"": ""10-Q""}, ""current_assets"": {""filed_date"": ""2026-06-09"", ""form_type"": ""10-Q""}, ""current_liabilities"": {""filed_date"": ""2026-06-09"", ""form_type"": ""10-Q""}, ""long_term_debt"": {""filed_date"": ""2026-06-09"", ""form_type"": ""10-Q""}, ""cash_and_equivalents"": {""filed_date"": ""2026-06-09"", ""form_type"": ""10-Q""}, ""ppe"": {""filed_date"": ""2026-06-09"", ""form_type"": ""10-Q""}, ""stockholders_equity"": {""filed_date"": ""2026-06-09"", ""form_type"": ""10-Q""}, ""operating_cash_flow"": {""filed_date"": ""2026-06-09"", ""form_type"": ""10-Q""}, ""capex"": {""filed_date"": ""2026-06-09"", ""form_type"": ""10-Q""}, ""total_debt"": {""filed_date"": ""2026-06-09"", ""form_type"": ""10-Q""}, ""shares_outstanding"": {""filed_date"": ""2026-06-09"", ""form_type"": ""10-Q""}}",570
BROS,Dutch Bros Inc.,0.01160959909695975,0.10505662452227606,5,,-0.0296586482836353,1,5,0,10,3,0.19397239926994286,0.19397239926994286,3.6805090922683013,52.02,9086942946.282944,130881250.0,0.0,1015263000.0,53507000.0,104705000.0,Consumer Discretionary,0.01,2026-08-17T07:16:15.740800,True,True,2026-08-17T07:04:15.149357,"{""revenue"": {""filed_date"": ""2026-08-06"", ""form_type"": ""10-Q""}, ""operating_income"": {""filed_date"": ""2026-08-06"", ""form_type"": ""10-Q""}, ""net_income"": {""filed_date"": ""2026-08-06"", ""form_type"": ""10-Q""}, ""total_assets"": {""filed_date"": ""2026-08-06"", ""form_type"": ""10-Q""}, ""current_assets"": {""filed_date"": ""2026-08-06"", ""form_type"": ""10-Q""}, ""current_liabilities"": {""filed_date"": ""2026-08-06"", ""form_type"": ""10-Q""}, ""long_term_debt"": {""filed_date"": ""2026-08-06"", ""form_type"": ""10-Q""}, ""cash_and_equivalents"": {""filed_date"": ""2026-08-06"", ""form_type"": ""10-Q""}, ""ppe"": {""filed_date"": ""2026-08-06"", ""form_type"": ""10-Q""}, ""stockholders_equity"": {""filed_date"": ""2026-08-06"", ""form_type"": ""10-Q""}, ""operating_cash_flow"": {""filed_date"": ""2026-08-06"", ""form_type"": ""10-Q""}, ""capex"": {""filed_date"": ""2026-08-06"", ""form_type"": ""10-Q""}, ""total_debt"": {""filed_date"": ""2026-08-06"", ""form_type"": ""10-Q""}, ""shares_outstanding"": {""filed_date"": ""2025-02-13"", ""form_type"": ""10-K""}}",571
MANH,"Manhattan Associates, Inc.",0.011584507479224846,7.895978810498435,5,,0.3937018469566027,3,5,0,10,4,1.3307311500380807,1.3307311500380807,1.7534396419360343,197.39,11508818387.49347,163960000.0,0.0,131300000.0,99647000.0,131168000.0,Information Technology,0.02,2026-08-17T07:16:15.734994,True,True,2026-08-17T07:04:15.149357,"{""revenue"": {""filed_date"": ""2016-02-05"", ""form_type"": ""10-K""}, ""operating_income"": {""filed_date"": ""2026-07-31"", ""form_type"": ""10-Q""}, ""net_income"": {""filed_date"": ""2026-07-31"", ""form_type"": ""10-Q""}, ""total_assets"": {""filed_date"": ""2026-07-31"", ""form_type"": ""10-Q""}, ""current_assets"": {""filed_date"": ""2026-07-31"", ""form_type"": ""10-Q""}, ""current_liabilities"": {""filed_date"": ""2026-07-31"", ""form_type"": ""10-Q""}, ""cash_and_equivalents"": {""filed_date"": ""2026-07-31"", ""form_type"": ""10-Q""}, ""ppe"": {""filed_date"": ""2026-07-31"", ""form_type"": ""10-Q""}, ""stockholders_equity"": {""filed_date"": ""2026-07-31"", ""form_type"": ""10-Q""}, ""operating_cash_flow"": {""filed_date"": ""2026-07-31"", ""form_type"": ""10-Q""}, ""capex"": {""filed_date"": ""2026-07-31"", ""form_type"": ""10-Q""}, ""shares_outstanding"": {""filed_date"": ""2026-07-31"", ""form_type"": ""10-Q""}}",572
BMY,Bristol-Myers Squibb Company,0.011427036313685027,0.07915984416464344,4,,0.08063159590189731,2,4,2,9,4,0.18383615403482953,0.18383615403482953,0.7502502502502503,63.83,130386480232.80225,1752500000.0,0.0,24462000000.0,5994000000.0,1402000000.0,Health Care,0.16,2026-08-17T07:16:15.724186,True,True,2026-08-17T07:04:15.149357,"{""revenue"": {""filed_date"": ""2026-07-30"", ""form_type"": ""10-Q""}, ""operating_income"": {""filed_date"": ""2012-04-26"", ""form_type"": ""10-Q""}, ""net_income"": {""filed_date"": ""2026-07-30"", ""form_type"": ""10-Q""}, ""total_assets"": {""filed_date"": ""2026-07-30"", ""form_type"": ""10-Q""}, ""current_assets"": {""filed_date"": ""2026-07-30"", ""form_type"": ""10-Q""}, ""current_liabilities"": {""filed_date"": ""2026-07-30"", ""form_type"": ""10-Q""}, ""long_term_debt"": {""filed_date"": ""2026-07-30"", ""form_type"": ""10-Q""}, ""cash_and_equivalents"": {""filed_date"": ""2026-07-30"", ""form_type"": ""10-Q""}, ""ppe"": {""filed_date"": ""2026-07-30"", ""form_type"": ""10-Q""}, ""stockholders_equity"": {""filed_date"": ""2026-07-30"", ""form_type"": ""10-Q""}, ""operating_cash_flow"": {""filed_date"": ""2026-07-30"", ""form_type"": ""10-Q""}, ""capex"": {""filed_date"": ""2026-07-30"", ""form_type"": ""10-Q""}, ""total_debt"": {""filed_date"": ""2026-07-30"", ""form_type"": ""10-Q""}, ""shares_outstanding"": {""filed_date"": ""2026-07-30"", ""form_type"": ""10-Q""}}",573
LNT,Alliant Energy Corporation,0.011286886691174669,0.012428250561517345,5,,0.008008462593914445,2,5,0,10,4,0.3108108108108108,0.3108108108108108,1.6428571428571428,70.6,18305499353.762947,311250000.0,0.0,1184000000.0,224000000.0,249000000.0,Utilities,0.03,2026-08-17T07:16:15.732963,True,True,2026-08-17T07:04:15.149357,"{""revenue"": {""filed_date"": ""2026-05-01"", ""form_type"": ""10-Q""}, ""operating_income"": {""filed_date"": ""2026-05-01"", ""form_type"": ""10-Q""}, ""net_income"": {""filed_date"": ""2026-05-01"", ""form_type"": ""10-Q""}, ""total_assets"": {""filed_date"": ""2026-05-01"", ""form_type"": ""10-Q""}, ""current_assets"": {""filed_date"": ""2026-05-01"", ""form_type"": ""10-Q""}, ""current_liabilities"": {""filed_date"": ""2026-05-01"", ""form_type"": ""10-Q""}, ""long_term_debt"": {""filed_date"": ""2016-02-24"", ""form_type"": ""10-K""}, ""cash_and_equivalents"": {""filed_date"": ""2026-05-01"", ""form_type"": ""10-Q""}, ""ppe"": {""filed_date"": ""2026-05-01"", ""form_type"": ""10-Q""}, ""stockholders_equity"": {""filed_date"": ""2026-05-01"", ""form_type"": ""10-Q""}, ""operating_cash_flow"": {""filed_date"": ""2026-05-01"", ""form_type"": ""10-Q""}, ""capex"": {""filed_date"": ""2026-05-01"", ""form_type"": ""10-Q""}, ""total_debt"": {""filed_date"": ""2016-02-24"", ""form_type"": ""10-K""}, ""shares_outstanding"": {""filed_date"": ""2026-05-01"", ""form_type"": ""10-Q""}}",574
RRC,Range Resources Corporation,0.01124738018891671,0.0,5,,0.10411125468636236,3,5,0,10,4,0.45731769019366175,0.45731769019366175,1.5907369918782464,40.32,9421957973.486671,144652500.0,0.0,1867741000.0,536953000.0,115722000.0,Energy,0.01,2026-08-17T07:16:15.739772,True,True,2026-08-17T07:04:15.149357,"{""revenue"": {""filed_date"": ""2026-07-21"", ""form_type"": ""10-Q""}, ""operating_income"": {""filed_date"": ""2014-02-26"", ""form_type"": ""10-K""}, ""net_income"": {""filed_date"": ""2026-07-21"", ""form_type"": ""10-Q""}, ""total_assets"": {""filed_date"": ""2026-07-21"", ""form_type"": ""10-Q""}, ""current_assets"": {""filed_date"": ""2026-07-21"", ""form_type"": ""10-Q""}, ""current_liabilities"": {""filed_date"": ""2026-07-21"", ""form_type"": ""10-Q""}, ""long_term_debt"": {""filed_date"": ""2026-07-21"", ""form_type"": ""10-Q""}, ""cash_and_equivalents"": {""filed_date"": ""2026-07-21"", ""form_type"": ""10-Q""}, ""ppe"": {""filed_date"": ""2026-07-21"", ""form_type"": ""10-Q""}, ""stockholders_equity"": {""filed_date"": ""2026-07-21"", ""form_type"": ""10-Q""}, ""operating_cash_flow"": {""filed_date"": ""2026-07-21"", ""form_type"": ""10-Q""}, ""capex"": {""filed_date"": ""2019-07-25"", ""form_type"": ""10-Q""}, ""total_debt"": {""filed_date"": ""2026-07-21"", ""form_type"": ""10-Q""}, ""shares_outstanding"": {""filed_date"": ""2026-02-24"", ""form_type"": ""10-K""}}",575
LII,Lennox International Inc.,0.011247355224979034,0.09866039102099927,4,,-0.24975477260258752,1,2,0,5,2,0.014183772354858603,0.014183772354858603,0.13737201365187712,422.01,14584950794.256592,204375000.0,0.0,1135100000.0,117200000.0,163500000.0,Industrials,0.03,2026-08-17T07:16:15.732263,True,True,2026-08-17T07:04:15.149357,"{""revenue"": {""filed_date"": ""2026-04-29"", ""form_type"": ""10-Q""}, ""operating_income"": {""filed_date"": ""2026-04-29"", ""form_type"": ""10-Q""}, ""net_income"": {""filed_date"": ""2026-04-29"", ""form_type"": ""10-Q""}, ""total_assets"": {""filed_date"": ""2026-04-29"", ""form_type"": ""10-Q""}, ""current_assets"": {""filed_date"": ""2026-04-29"", ""form_type"": ""10-Q""}, ""current_liabilities"": {""filed_date"": ""2026-04-29"", ""form_type"": ""10-Q""}, ""cash_and_equivalents"": {""filed_date"": ""2026-04-29"", ""form_type"": ""10-Q""}, ""ppe"": {""filed_date"": ""2026-04-29"", ""form_type"": ""10-Q""}, ""stockholders_equity"": {""filed_date"": ""2026-04-29"", ""form_type"": ""10-Q""}, ""operating_cash_flow"": {""filed_date"": ""2026-04-29"", ""form_type"": ""10-Q""}, ""capex"": {""filed_date"": ""2026-04-29"", ""form_type"": ""10-Q""}, ""shares_outstanding"": {""filed_date"": ""2026-04-29"", ""form_type"": ""10-Q""}}",576
KEYS,"Keysight Technologies, Inc.",0.011151255284069343,0.20899808551372048,5,,0.5266009994282267,3,5,1,10,4,0.2839915586373229,0.2839915586373229,1.4952380952380953,357.82,61149781829.43506,818750000.0,0.0,3317000000.0,630000000.0,655000000.0,Information Technology,0.05,2026-08-17T07:16:15.729607,True,True,2026-08-17T07:04:15.149357,"{""revenue"": {""filed_date"": ""2026-06-04"", ""form_type"": ""10-Q""}, ""operating_income"": {""filed_date"": ""2026-06-04"", ""form_type"": ""10-Q""}, ""net_income"": {""filed_date"": ""2026-06-04"", ""form_type"": ""10-Q""}, ""total_assets"": {""filed_date"": ""2026-06-04"", ""form_type"": ""10-Q""}, ""current_assets"": {""filed_date"": ""2026-06-04"", ""form_type"": ""10-Q""}, ""current_liabilities"": {""filed_date"": ""2026-06-04"", ""form_type"": ""10-Q""}, ""long_term_debt"": {""filed_date"": ""2026-06-04"", ""form_type"": ""10-Q""}, ""cash_and_equivalents"": {""filed_date"": ""2026-06-04"", ""form_type"": ""10-Q""}, ""ppe"": {""filed_date"": ""2026-06-04"", ""form_type"": ""10-Q""}, ""stockholders_equity"": {""filed_date"": ""2026-06-04"", ""form_type"": ""10-Q""}, ""operating_cash_flow"": {""filed_date"": ""2026-06-04"", ""form_type"": ""10-Q""}, ""capex"": {""filed_date"": ""2026-06-04"", ""form_type"": ""10-Q""}, ""total_debt"": {""filed_date"": ""2024-12-17"", ""form_type"": ""10-K""}, ""shares_outstanding"": {""filed_date"": ""2016-03-04"", ""form_type"": ""10-Q""}}",577
ENTG,"Entegris, Inc.",0.011038829902638504,0.10842776203966005,4,,0.25045507110574494,3,5,0,9,4,0.20010618842546163,0.20010618842546163,1.8275862068965518,161.76,24636047163.391113,382750000.0,0.0,1695100000.0,185600000.0,306200000.0,Information Technology,0.02,2026-08-17T07:16:15.735022,True,True,2026-08-17T07:04:15.149357,"{""revenue"": {""filed_date"": ""2026-08-04"", ""form_type"": ""10-Q""}, ""operating_income"": {""filed_date"": ""2026-08-04"", ""form_type"": ""10-Q""}, ""net_income"": {""filed_date"": ""2026-08-04"", ""form_type"": ""10-Q""}, ""total_assets"": {""filed_date"": ""2026-08-04"", ""form_type"": ""10-Q""}, ""current_assets"": {""filed_date"": ""2026-08-04"", ""form_type"": ""10-Q""}, ""current_liabilities"": {""filed_date"": ""2026-08-04"", ""form_type"": ""10-Q""}, ""long_term_debt"": {""filed_date"": ""2026-08-04"", ""form_type"": ""10-Q""}, ""cash_and_equivalents"": {""filed_date"": ""2026-08-04"", ""form_type"": ""10-Q""}, ""ppe"": {""filed_date"": ""2026-08-04"", ""form_type"": ""10-Q""}, ""stockholders_equity"": {""filed_date"": ""2019-10-24"", ""form_type"": ""10-Q""}, ""operating_cash_flow"": {""filed_date"": ""2026-08-04"", ""form_type"": ""10-Q""}, ""capex"": {""filed_date"": ""2026-08-04"", ""form_type"": ""10-Q""}, ""total_debt"": {""filed_date"": ""2026-08-04"", ""form_type"": ""10-Q""}, ""shares_outstanding"": {""filed_date"": ""2026-08-04"", ""form_type"": ""10-Q""}}",578
FTNT,"Fortinet, Inc.",0.010993977750972743,0.41385718943593086,5,,0.9587463548138125,3,5,1,10,4,0.5441180243745991,0.5441180243745991,1.8589586255259467,160.01,117401517586.12053,1586625000.0,0.0,3897500000.0,1140800000.0,1269300000.0,Information Technology,0.09,2026-08-17T07:16:15.726797,True,True,2026-08-17T07:04:15.149357,"{""revenue"": {""filed_date"": ""2026-07-30"", ""form_type"": ""10-Q""}, ""operating_income"": {""filed_date"": ""2026-07-30"", ""form_type"": ""10-Q""}, ""net_income"": {""filed_date"": ""2026-07-30"", ""form_type"": ""10-Q""}, ""total_assets"": {""filed_date"": ""2026-07-30"", ""form_type"": ""10-Q""}, ""current_assets"": {""filed_date"": ""2026-07-30"", ""form_type"": ""10-Q""}, ""current_liabilities"": {""filed_date"": ""2026-07-30"", ""form_type"": ""10-Q""}, ""long_term_debt"": {""filed_date"": ""2021-08-02"", ""form_type"": ""10-Q""}, ""cash_and_equivalents"": {""filed_date"": ""2026-07-30"", ""form_type"": ""10-Q""}, ""ppe"": {""filed_date"": ""2026-07-30"", ""form_type"": ""10-Q""}, ""stockholders_equity"": {""filed_date"": ""2026-07-30"", ""form_type"": ""10-Q""}, ""operating_cash_flow"": {""filed_date"": ""2026-07-30"", ""form_type"": ""10-Q""}, ""capex"": {""filed_date"": ""2026-07-30"", ""form_type"": ""10-Q""}, ""total_debt"": {""filed_date"": ""2021-08-02"", ""form_type"": ""10-Q""}, ""shares_outstanding"": {""filed_date"": ""2026-07-30"", ""form_type"": ""10-Q""}}",579
DOC,"Healthpeak Properties, Inc.",0.01083747394811092,0.013004968737733104,4,,0.23988005638864898,3,5,0,9,4,0.40798186458655156,0.40798186458655156,2.5237511716324947,20.79,14335272366.68106,308063750.0,0.0,1524531000.0,246451000.0,246451000.0,Real Estate,0.02,2026-08-17T07:16:15.735583,True,True,2026-08-17T07:04:15.149357,"{""revenue"": {""filed_date"": ""2026-08-05"", ""form_type"": ""10-Q""}, ""operating_income"": {""filed_date"": ""2026-08-05"", ""form_type"": ""10-Q""}, ""net_income"": {""filed_date"": ""2026-08-05"", ""form_type"": ""10-Q""}, ""total_assets"": {""filed_date"": ""2026-08-05"", ""form_type"": ""10-Q""}, ""long_term_debt"": {""filed_date"": ""2026-08-05"", ""form_type"": ""10-Q""}, ""cash_and_equivalents"": {""filed_date"": ""2026-08-05"", ""form_type"": ""10-Q""}, ""stockholders_equity"": {""filed_date"": ""2026-08-05"", ""form_type"": ""10-Q""}, ""operating_cash_flow"": {""filed_date"": ""2026-08-05"", ""form_type"": ""10-Q""}, ""total_debt"": {""filed_date"": ""2026-08-05"", ""form_type"": ""10-Q""}, ""shares_outstanding"": {""filed_date"": ""2026-08-05"", ""form_type"": ""10-Q""}}",580
AMAT,"Applied Materials, Inc.",0.01083549970203206,0.23125132780964522,4,,0.4157653120812736,3,4,1,8,4,0.4903138318481209,0.4903138318481209,0.5237996688741722,507.18,402680337892.26746,5442500000.0,0.0,5162000000.0,4832000000.0,4354000000.0,Information Technology,0.22,2026-08-17T07:16:15.723524,True,True,2026-08-17T07:04:15.149357,"{""revenue"": {""filed_date"": ""2021-02-25"", ""form_type"": ""10-Q""}, ""operating_income"": {""filed_date"": ""2026-05-21"", ""form_type"": ""10-Q""}, ""net_income"": {""filed_date"": ""2026-05-21"", ""form_type"": ""10-Q""}, ""total_assets"": {""filed_date"": ""2026-05-21"", ""form_type"": ""10-Q""}, ""current_assets"": {""filed_date"": ""2026-05-21"", ""form_type"": ""10-Q""}, ""current_liabilities"": {""filed_date"": ""2026-05-21"", ""form_type"": ""10-Q""}, ""long_term_debt"": {""filed_date"": ""2020-12-11"", ""form_type"": ""10-K""}, ""cash_and_equivalents"": {""filed_date"": ""2026-05-21"", ""form_type"": ""10-Q""}, ""ppe"": {""filed_date"": ""2026-05-21"", ""form_type"": ""10-Q""}, ""stockholders_equity"": {""filed_date"": ""2026-05-21"", ""form_type"": ""10-Q""}, ""operating_cash_flow"": {""filed_date"": ""2026-05-21"", ""form_type"": ""10-Q""}, ""capex"": {""filed_date"": ""2026-05-21"", ""form_type"": ""10-Q""}, ""total_debt"": {""filed_date"": ""2020-12-11"", ""form_type"": ""10-K""}, ""shares_outstanding"": {""filed_date"": ""2025-12-12"", ""form_type"": ""10-K""}}",581
KO,The Coca-Cola Company,0.010808369050392157,0.24860271472567583,4,,0.11718541371813594,3,4,2,9,4,0.16204297626683772,0.16204297626683772,0.5150356778797146,87.71,377376590164.4285,5448750000.0,0.0,12472000000.0,3924000000.0,4359000000.0,Consumer Staples,0.46,2026-08-17T07:16:15.721995,True,True,2026-08-17T07:04:15.149357,"{""revenue"": {""filed_date"": ""2026-04-30"", ""form_type"": ""10-Q""}, ""operating_income"": {""filed_date"": ""2026-04-30"", ""form_type"": ""10-Q""}, ""net_income"": {""filed_date"": ""2026-04-30"", ""form_type"": ""10-Q""}, ""total_assets"": {""filed_date"": ""2026-04-30"", ""form_type"": ""10-Q""}, ""current_assets"": {""filed_date"": ""2026-04-30"", ""form_type"": ""10-Q""}, ""current_liabilities"": {""filed_date"": ""2026-04-30"", ""form_type"": ""10-Q""}, ""long_term_debt"": {""filed_date"": ""2024-05-02"", ""form_type"": ""10-Q""}, ""cash_and_equivalents"": {""filed_date"": ""2026-04-30"", ""form_type"": ""10-Q""}, ""ppe"": {""filed_date"": ""2026-04-30"", ""form_type"": ""10-Q""}, ""stockholders_equity"": {""filed_date"": ""2026-04-30"", ""form_type"": ""10-Q""}, ""operating_cash_flow"": {""filed_date"": ""2026-04-30"", ""form_type"": ""10-Q""}, ""capex"": {""filed_date"": ""2026-04-30"", ""form_type"": ""10-Q""}, ""total_debt"": {""filed_date"": ""2024-05-02"", ""form_type"": ""10-Q""}, ""shares_outstanding"": {""filed_date"": ""2026-04-30"", ""form_type"": ""10-Q""}}",582
IQV,IQVIA Holdings Inc.,0.010755559965778259,0.0,5,,0.43918754651221054,3,3,0,7,3,0.06345620700277235,0.06345620700277235,2.2554744525547443,236.66,38954236602.7832,642500000.0,0.0,9739000000.0,274000000.0,514000000.0,Health Care,0.06,2026-08-17T07:16:15.728984,True,True,2026-08-17T07:04:15.149357,"{""revenue"": {""filed_date"": ""2018-02-16"", ""form_type"": ""10-K""}, ""operating_income"": {""filed_date"": ""2026-05-05"", ""form_type"": ""10-Q""}, ""net_income"": {""filed_date"": ""2026-05-05"", ""form_type"": ""10-Q""}, ""total_assets"": {""filed_date"": ""2026-05-05"", ""form_type"": ""10-Q""}, ""current_assets"": {""filed_date"": ""2026-05-05"", ""form_type"": ""10-Q""}, ""current_liabilities"": {""filed_date"": ""2026-05-05"", ""form_type"": ""10-Q""}, ""long_term_debt"": {""filed_date"": ""2018-07-27"", ""form_type"": ""10-Q""}, ""cash_and_equivalents"": {""filed_date"": ""2026-05-05"", ""form_type"": ""10-Q""}, ""ppe"": {""filed_date"": ""2026-05-05"", ""form_type"": ""10-Q""}, ""stockholders_equity"": {""filed_date"": ""2026-05-05"", ""form_type"": ""10-Q""}, ""operating_cash_flow"": {""filed_date"": ""2026-05-05"", ""form_type"": ""10-Q""}, ""total_debt"": {""filed_date"": ""2018-07-27"", ""form_type"": ""10-Q""}, ""shares_outstanding"": {""filed_date"": ""2026-05-05"", ""form_type"": ""10-Q""}}",583
WAL,Western Alliance Bancorporation,0.010755529296166421,0.012906635155399705,3,,-0.11664532340163342,1,0,0,2,0,-7.639823008849557,,-1.945245606128887,82.32,8981183091.185059,111682500.0,0.0,113000000.0,443800000.0,89346000.0,Financials,0.02,2026-08-17T07:16:15.738068,True,True,2026-08-17T07:04:15.149357,"{""revenue"": {""filed_date"": ""2026-07-31"", ""form_type"": ""10-Q""}, ""operating_income"": {""filed_date"": ""2018-02-26"", ""form_type"": ""10-K""}, ""net_income"": {""filed_date"": ""2026-07-31"", ""form_type"": ""10-Q""}, ""total_assets"": {""filed_date"": ""2026-07-31"", ""form_type"": ""10-Q""}, ""long_term_debt"": {""filed_date"": ""2026-07-31"", ""form_type"": ""10-Q""}, ""cash_and_equivalents"": {""filed_date"": ""2023-08-01"", ""form_type"": ""10-Q""}, ""ppe"": {""filed_date"": ""2026-07-31"", ""form_type"": ""10-Q""}, ""stockholders_equity"": {""filed_date"": ""2026-07-31"", ""form_type"": ""10-Q""}, ""operating_cash_flow"": {""filed_date"": ""2026-07-31"", ""form_type"": ""10-Q""}, ""total_debt"": {""filed_date"": ""2026-07-31"", ""form_type"": ""10-Q""}, ""shares_outstanding"": {""filed_date"": ""2020-07-31"", ""form_type"": ""10-Q""}}",584
ESS,"Essex Property Trust, Inc.",0.010665948097890789,0.012799137717468946,4,,0.1572470617281221,3,5,0,9,4,0.5557909437721105,0.5557909437721105,1.3872301379202518,287.52,18476534491.27945,330707500.0,0.0,973805000.0,390153000.0,264566000.0,Real Estate,0.03,2026-08-17T07:16:15.733055,True,True,2026-08-17T07:04:15.149357,"{""revenue"": {""filed_date"": ""2026-07-30"", ""form_type"": ""10-Q""}, ""operating_income"": {""filed_date"": ""2026-07-30"", ""form_type"": ""10-Q""}, ""net_income"": {""filed_date"": ""2019-02-21"", ""form_type"": ""10-K""}, ""total_assets"": {""filed_date"": ""2026-07-30"", ""form_type"": ""10-Q""}, ""long_term_debt"": {""filed_date"": ""2026-07-30"", ""form_type"": ""10-Q""}, ""cash_and_equivalents"": {""filed_date"": ""2026-07-30"", ""form_type"": ""10-Q""}, ""stockholders_equity"": {""filed_date"": ""2026-07-30"", ""form_type"": ""10-Q""}, ""operating_cash_flow"": {""filed_date"": ""2026-07-30"", ""form_type"": ""10-Q""}, ""total_debt"": {""filed_date"": ""2026-07-30"", ""form_type"": ""10-Q""}, ""shares_outstanding"": {""filed_date"": ""2026-07-30"", ""form_type"": ""10-Q""}}",585
ROST,"Ross Stores, Inc.",0.010636101369013854,0.11813088890619329,5,,0.24294178394030136,3,5,1,10,4,0.139091978738456,0.139091978738456,1.2862389301561317,245.36,78706845003.14923,1005032500.0,0.0,6010476000.0,649964000.0,804026000.0,Consumer Discretionary,0.08,2026-08-17T07:16:15.727012,True,True,2026-08-17T07:04:15.149357,"{""revenue"": {""filed_date"": ""2026-06-02"", ""form_type"": ""10-Q""}, ""operating_income"": {""filed_date"": ""2026-06-02"", ""form_type"": ""10-Q""}, ""net_income"": {""filed_date"": ""2026-06-02"", ""form_type"": ""10-Q""}, ""total_assets"": {""filed_date"": ""2026-06-02"", ""form_type"": ""10-Q""}, ""current_assets"": {""filed_date"": ""2026-06-02"", ""form_type"": ""10-Q""}, ""current_liabilities"": {""filed_date"": ""2026-06-02"", ""form_type"": ""10-Q""}, ""long_term_debt"": {""filed_date"": ""2026-06-02"", ""form_type"": ""10-Q""}, ""cash_and_equivalents"": {""filed_date"": ""2026-06-02"", ""form_type"": ""10-Q""}, ""ppe"": {""filed_date"": ""2026-06-02"", ""form_type"": ""10-Q""}, ""stockholders_equity"": {""filed_date"": ""2026-06-02"", ""form_type"": ""10-Q""}, ""operating_cash_flow"": {""filed_date"": ""2026-06-02"", ""form_type"": ""10-Q""}, ""capex"": {""filed_date"": ""2026-06-02"", ""form_type"": ""10-Q""}, ""total_debt"": {""filed_date"": ""2026-06-02"", ""form_type"": ""10-Q""}, ""shares_outstanding"": {""filed_date"": ""2026-06-02"", ""form_type"": ""10-Q""}}",586
WSM,"Williams-Sonoma, Inc.",0.010494780538426339,0.1730799469998736,4,,0.14886400809478045,3,2,0,5,3,0.08658366639785184,0.08658366639785184,0.675664110787424,241.58,28445226500.980484,364610000.0,0.0,1805456000.0,231362000.0,291688000.0,Consumer Discretionary,0.04,2026-08-17T07:16:15.730813,True,True,2026-08-17T07:04:15.149357,"{""revenue"": {""filed_date"": ""2026-05-22"", ""form_type"": ""10-Q""}, ""operating_income"": {""filed_date"": ""2026-05-22"", ""form_type"": ""10-Q""}, ""net_income"": {""filed_date"": ""2026-05-22"", ""form_type"": ""10-Q""}, ""total_assets"": {""filed_date"": ""2026-05-22"", ""form_type"": ""10-Q""}, ""current_assets"": {""filed_date"": ""2026-05-22"", ""form_type"": ""10-Q""}, ""current_liabilities"": {""filed_date"": ""2026-05-22"", ""form_type"": ""10-Q""}, ""long_term_debt"": {""filed_date"": ""2012-03-29"", ""form_type"": ""10-K""}, ""cash_and_equivalents"": {""filed_date"": ""2026-05-22"", ""form_type"": ""10-Q""}, ""ppe"": {""filed_date"": ""2026-05-22"", ""form_type"": ""10-Q""}, ""stockholders_equity"": {""filed_date"": ""2026-05-22"", ""form_type"": ""10-Q""}, ""operating_cash_flow"": {""filed_date"": ""2026-05-22"", ""form_type"": ""10-Q""}, ""capex"": {""filed_date"": ""2026-05-22"", ""form_type"": ""10-Q""}, ""total_debt"": {""filed_date"": ""2015-12-11"", ""form_type"": ""10-Q""}, ""shares_outstanding"": {""filed_date"": ""2026-05-22"", ""form_type"": ""10-Q""}}",587
PEGA,Pegasystems Inc.,0.010487558324310428,0.5616821746713034,5,,-0.2724672740993186,1,5,0,10,3,0.46948005742856064,0.46948005742856064,6.469369603887371,32.32,5313567772.227592,67231250.0,0.0,635224000.0,46098000.0,53785000.0,Information Technology,0.01,2026-08-17T07:16:15.745776,True,True,2026-08-17T07:04:15.149357,"{""revenue"": {""filed_date"": ""2018-11-07"", ""form_type"": ""10-Q""}, ""operating_income"": {""filed_date"": ""2026-07-21"", ""form_type"": ""10-Q""}, ""net_income"": {""filed_date"": ""2026-07-21"", ""form_type"": ""10-Q""}, ""total_assets"": {""filed_date"": ""2026-07-21"", ""form_type"": ""10-Q""}, ""current_assets"": {""filed_date"": ""2026-07-21"", ""form_type"": ""10-Q""}, ""current_liabilities"": {""filed_date"": ""2026-07-21"", ""form_type"": ""10-Q""}, ""cash_and_equivalents"": {""filed_date"": ""2026-07-21"", ""form_type"": ""10-Q""}, ""ppe"": {""filed_date"": ""2026-07-21"", ""form_type"": ""10-Q""}, ""stockholders_equity"": {""filed_date"": ""2026-07-21"", ""form_type"": ""10-Q""}, ""operating_cash_flow"": {""filed_date"": ""2026-07-21"", ""form_type"": ""10-Q""}, ""capex"": {""filed_date"": ""2026-07-21"", ""form_type"": ""10-Q""}, ""shares_outstanding"": {""filed_date"": ""2026-07-21"", ""form_type"": ""10-Q""}}",588
BIO,"Bio-Rad Laboratories, Inc.",0.010448039256020008,0.04105267207879651,3,,0.3447326449052242,3,4,0,7,3,0.1663582978038774,0.1663582978038774,,356.26,9525742486.61499,133375000.0,0.0,1243100000.0,-155700000.0,106700000.0,Health Care,0.01,2026-08-17T07:16:15.744248,True,True,2026-08-17T07:04:15.149357,"{""revenue"": {""filed_date"": ""2026-08-04"", ""form_type"": ""10-Q""}, ""operating_income"": {""filed_date"": ""2026-08-04"", ""form_type"": ""10-Q""}, ""net_income"": {""filed_date"": ""2026-08-04"", ""form_type"": ""10-Q""}, ""total_assets"": {""filed_date"": ""2026-08-04"", ""form_type"": ""10-Q""}, ""current_assets"": {""filed_date"": ""2026-08-04"", ""form_type"": ""10-Q""}, ""current_liabilities"": {""filed_date"": ""2026-08-04"", ""form_type"": ""10-Q""}, ""long_term_debt"": {""filed_date"": ""2026-08-04"", ""form_type"": ""10-Q""}, ""cash_and_equivalents"": {""filed_date"": ""2026-08-04"", ""form_type"": ""10-Q""}, ""ppe"": {""filed_date"": ""2026-02-13"", ""form_type"": ""10-K""}, ""stockholders_equity"": {""filed_date"": ""2026-08-04"", ""form_type"": ""10-Q""}, ""operating_cash_flow"": {""filed_date"": ""2026-08-04"", ""form_type"": ""10-Q""}, ""capex"": {""filed_date"": ""2026-08-04"", ""form_type"": ""10-Q""}, ""total_debt"": {""filed_date"": ""2026-08-04"", ""form_type"": ""10-Q""}, ""shares_outstanding"": {""filed_date"": ""2026-08-04"", ""form_type"": ""10-Q""}}",589
AVGO,Broadcom Inc.,0.010446981392202246,0.7403114120662612,5,,0.18613594324156985,3,5,2,10,4,0.8995107444359172,0.8995107444359172,3.18117048346056,392.99,1869681395551.276,24188750000.0,0.0,20848000000.0,5895000000.0,19351000000.0,Information Technology,2.27,2026-08-17T07:16:15.721422,True,True,2026-08-17T07:04:15.149357,"{""revenue"": {""filed_date"": ""2018-12-21"", ""form_type"": ""10-K""}, ""operating_income"": {""filed_date"": ""2026-06-09"", ""form_type"": ""10-Q""}, ""net_income"": {""filed_date"": ""2024-12-20"", ""form_type"": ""10-K""}, ""total_assets"": {""filed_date"": ""2026-06-09"", ""form_type"": ""10-Q""}, ""current_assets"": {""filed_date"": ""2026-06-09"", ""form_type"": ""10-Q""}, ""current_liabilities"": {""filed_date"": ""2026-06-09"", ""form_type"": ""10-Q""}, ""long_term_debt"": {""filed_date"": ""2026-06-09"", ""form_type"": ""10-Q""}, ""cash_and_equivalents"": {""filed_date"": ""2026-06-09"", ""form_type"": ""10-Q""}, ""ppe"": {""filed_date"": ""2026-06-09"", ""form_type"": ""10-Q""}, ""stockholders_equity"": {""filed_date"": ""2019-12-20"", ""form_type"": ""10-K""}, ""operating_cash_flow"": {""filed_date"": ""2026-06-09"", ""form_type"": ""10-Q""}, ""capex"": {""filed_date"": ""2026-06-09"", ""form_type"": ""10-Q""}, ""total_debt"": {""filed_date"": ""2026-06-09"", ""form_type"": ""10-Q""}, ""shares_outstanding"": {""filed_date"": ""2026-06-09"", ""form_type"": ""10-Q""}}",590
HR,Healthcare Realty Trust Incorporated,0.010408007330536324,0.012489608796643589,2,,0.07836739787688897,2,4,0,6,3,0.347805698248517,0.347805698248517,,19.25,6670540376.5,140748750.0,0.0,560839000.0,-43570000.0,112599000.0,Real Estate,0.01,2026-08-17T07:16:15.744776,True,True,2026-08-17T07:04:15.149357,"{""revenue"": {""filed_date"": ""2026-07-30"", ""form_type"": ""10-Q""}, ""operating_income"": {""filed_date"": ""2018-10-26"", ""form_type"": ""10-Q""}, ""net_income"": {""filed_date"": ""2026-07-30"", ""form_type"": ""10-Q""}, ""total_assets"": {""filed_date"": ""2026-07-30"", ""form_type"": ""10-Q""}, ""long_term_debt"": {""filed_date"": ""2026-07-30"", ""form_type"": ""10-Q""}, ""cash_and_equivalents"": {""filed_date"": ""2026-07-30"", ""form_type"": ""10-Q""}, ""stockholders_equity"": {""filed_date"": ""2026-07-30"", ""form_type"": ""10-Q""}, ""operating_cash_flow"": {""filed_date"": ""2026-07-30"", ""form_type"": ""10-Q""}, ""total_debt"": {""filed_date"": ""2026-07-30"", ""form_type"": ""10-Q""}, ""shares_outstanding"": {""filed_date"": ""2026-07-30"", ""form_type"": ""10-Q""}}",591
ZM,"Zoom Communications, Inc.",0.0102873936237701,0.04568274495805503,5,,0.19526223644272106,3,5,0,10,4,0.42099069738161077,0.42099069738161077,1.2253657115606433,105.96,31070885550.817886,388091250.0,0.0,1239006000.0,425677000.0,310473000.0,Information Technology,0.04,2026-08-17T07:16:15.731456,True,True,2026-08-17T07:04:15.149357,"{""revenue"": {""filed_date"": ""2026-05-22"", ""form_type"": ""10-Q""}, ""operating_income"": {""filed_date"": ""2026-05-22"", ""form_type"": ""10-Q""}, ""net_income"": {""filed_date"": ""2026-05-22"", ""form_type"": ""10-Q""}, ""total_assets"": {""filed_date"": ""2026-05-22"", ""form_type"": ""10-Q""}, ""current_assets"": {""filed_date"": ""2026-05-22"", ""form_type"": ""10-Q""}, ""current_liabilities"": {""filed_date"": ""2026-05-22"", ""form_type"": ""10-Q""}, ""cash_and_equivalents"": {""filed_date"": ""2026-05-22"", ""form_type"": ""10-Q""}, ""ppe"": {""filed_date"": ""2026-05-22"", ""form_type"": ""10-Q""}, ""stockholders_equity"": {""filed_date"": ""2026-05-22"", ""form_type"": ""10-Q""}, ""operating_cash_flow"": {""filed_date"": ""2026-05-22"", ""form_type"": ""10-Q""}, ""capex"": {""filed_date"": ""2026-05-22"", ""form_type"": ""10-Q""}, ""shares_outstanding"": {""filed_date"": ""2026-05-22"", ""form_type"": ""10-Q""}}",592
ADSK,"Autodesk, Inc.",0.010214135356515155,0.0,5,,0.11690038825531071,3,5,1,10,4,0.46173733195449845,0.46173733195449845,1.8187372708757636,251.66,53136814639.897,676250000.0,0.0,1934000000.0,491000000.0,541000000.0,Information Technology,0.1,2026-08-17T07:16:15.725792,True,True,2026-08-17T07:04:15.149357,"{""revenue"": {""filed_date"": ""2026-05-29"", ""form_type"": ""10-Q""}, ""operating_income"": {""filed_date"": ""2026-05-29"", ""form_type"": ""10-Q""}, ""net_income"": {""filed_date"": ""2026-05-29"", ""form_type"": ""10-Q""}, ""total_assets"": {""filed_date"": ""2026-05-29"", ""form_type"": ""10-Q""}, ""current_assets"": {""filed_date"": ""2026-05-29"", ""form_type"": ""10-Q""}, ""current_liabilities"": {""filed_date"": ""2026-05-29"", ""form_type"": ""10-Q""}, ""long_term_debt"": {""filed_date"": ""2026-05-29"", ""form_type"": ""10-Q""}, ""cash_and_equivalents"": {""filed_date"": ""2026-05-29"", ""form_type"": ""10-Q""}, ""ppe"": {""filed_date"": ""2026-05-29"", ""form_type"": ""10-Q""}, ""stockholders_equity"": {""filed_date"": ""2026-05-29"", ""form_type"": ""10-Q""}, ""operating_cash_flow"": {""filed_date"": ""2026-05-29"", ""form_type"": ""10-Q""}, ""capex"": {""filed_date"": ""2026-05-29"", ""form_type"": ""10-Q""}, ""total_debt"": {""filed_date"": ""2026-05-29"", ""form_type"": ""10-Q""}, ""shares_outstanding"": {""filed_date"": ""2026-03-03"", ""form_type"": ""10-K""}}",593
ANET,"Arista Networks, Inc.",0.01020580264847466,0.18567087680761488,5,,0.39444525719535156,3,5,1,10,4,0.4833150556164813,0.4833150556164813,1.2418373736470167,198.82,250756693752.8452,3169750000.0,0.0,5744700000.0,2235800000.0,2535800000.0,Information Technology,0.23,2026-08-17T07:16:15.723368,True,True,2026-08-17T07:04:15.149357,"{""revenue"": {""filed_date"": ""2026-08-05"", ""form_type"": ""10-Q""}, ""operating_income"": {""filed_date"": ""2026-08-05"", ""form_type"": ""10-Q""}, ""net_income"": {""filed_date"": ""2026-08-05"", ""form_type"": ""10-Q""}, ""total_assets"": {""filed_date"": ""2026-08-05"", ""form_type"": ""10-Q""}, ""current_assets"": {""filed_date"": ""2026-08-05"", ""form_type"": ""10-Q""}, ""current_liabilities"": {""filed_date"": ""2026-08-05"", ""form_type"": ""10-Q""}, ""long_term_debt"": {""filed_date"": ""2014-08-08"", ""form_type"": ""10-Q""}, ""cash_and_equivalents"": {""filed_date"": ""2026-08-05"", ""form_type"": ""10-Q""}, ""ppe"": {""filed_date"": ""2026-08-05"", ""form_type"": ""10-Q""}, ""stockholders_equity"": {""filed_date"": ""2026-08-05"", ""form_type"": ""10-Q""}, ""operating_cash_flow"": {""filed_date"": ""2026-08-05"", ""form_type"": ""10-Q""}, ""capex"": {""filed_date"": ""2026-08-05"", ""form_type"": ""10-Q""}, ""shares_outstanding"": {""filed_date"": ""2026-08-05"", ""form_type"": ""10-Q""}}",594
ESI,Element Solutions Inc,0.010204869898045327,0.08451559062286625,3,,0.20619505538476496,3,0,0,2,1,-0.07928571428571428,,-1.1914132379248659,38.81,9457456711.35189,139250000.0,0.0,840000000.0,55900000.0,111400000.0,Materials,0.01,2026-08-17T07:16:15.744142,True,True,2026-08-17T07:04:15.149357,"{""revenue"": {""filed_date"": ""2026-04-29"", ""form_type"": ""10-Q""}, ""operating_income"": {""filed_date"": ""2026-04-29"", ""form_type"": ""10-Q""}, ""net_income"": {""filed_date"": ""2026-04-29"", ""form_type"": ""10-Q""}, ""total_assets"": {""filed_date"": ""2026-04-29"", ""form_type"": ""10-Q""}, ""current_assets"": {""filed_date"": ""2026-04-29"", ""form_type"": ""10-Q""}, ""current_liabilities"": {""filed_date"": ""2026-04-29"", ""form_type"": ""10-Q""}, ""long_term_debt"": {""filed_date"": ""2026-02-18"", ""form_type"": ""10-K""}, ""cash_and_equivalents"": {""filed_date"": ""2026-04-29"", ""form_type"": ""10-Q""}, ""ppe"": {""filed_date"": ""2026-04-29"", ""form_type"": ""10-Q""}, ""stockholders_equity"": {""filed_date"": ""2026-04-29"", ""form_type"": ""10-Q""}, ""operating_cash_flow"": {""filed_date"": ""2026-04-29"", ""form_type"": ""10-Q""}, ""capex"": {""filed_date"": ""2026-04-29"", ""form_type"": ""10-Q""}, ""total_debt"": {""filed_date"": ""2026-02-18"", ""form_type"": ""10-K""}, ""shares_outstanding"": {""filed_date"": ""2017-05-09"", ""form_type"": ""10-Q""}}",595
MDLZ,"Mondelez International, Inc.",0.01018787521216705,0.0,4,,0.08083095550237926,2,2,2,7,3,0.04632936507936508,0.04632936507936508,0.8339285714285715,63.61,81652962398.73764,1010000000.0,0.0,10080000000.0,560000000.0,808000000.0,Consumer Staples,0.14,2026-08-17T07:16:15.724721,True,True,2026-08-17T07:04:15.149357,"{""revenue"": {""filed_date"": ""2026-04-28"", ""form_type"": ""10-Q""}, ""operating_income"": {""filed_date"": ""2026-04-28"", ""form_type"": ""10-Q""}, ""net_income"": {""filed_date"": ""2026-04-28"", ""form_type"": ""10-Q""}, ""total_assets"": {""filed_date"": ""2026-04-28"", ""form_type"": ""10-Q""}, ""current_assets"": {""filed_date"": ""2026-04-28"", ""form_type"": ""10-Q""}, ""current_liabilities"": {""filed_date"": ""2026-04-28"", ""form_type"": ""10-Q""}, ""long_term_debt"": {""filed_date"": ""2020-02-07"", ""form_type"": ""10-K""}, ""cash_and_equivalents"": {""filed_date"": ""2013-08-08"", ""form_type"": ""10-Q""}, ""ppe"": {""filed_date"": ""2019-10-30"", ""form_type"": ""10-Q""}, ""stockholders_equity"": {""filed_date"": ""2026-04-28"", ""form_type"": ""10-Q""}, ""operating_cash_flow"": {""filed_date"": ""2026-04-28"", ""form_type"": ""10-Q""}, ""capex"": {""filed_date"": ""2026-04-28"", ""form_type"": ""10-Q""}, ""total_debt"": {""filed_date"": ""2010-11-05"", ""form_type"": ""10-Q""}, ""shares_outstanding"": {""filed_date"": ""2010-08-19"", ""form_type"": ""10-Q/A""}}",596
EA,Electronic Arts Inc,0.010130803908833209,0.42643391521197005,4,,0.003829598253383558,2,0,1,3,2,-0.03213384676669765,,-0.6095717884130982,209.7,52925639877.0,641250000.0,0.0,7531000000.0,397000000.0,513000000.0,Communication,0.07,2026-08-17T07:16:15.727526,True,True,2026-08-17T07:04:15.149357,"{""revenue"": {""filed_date"": ""2026-05-11"", ""form_type"": ""10-K""}, ""operating_income"": {""filed_date"": ""2026-08-03"", ""form_type"": ""10-Q""}, ""net_income"": {""filed_date"": ""2026-08-03"", ""form_type"": ""10-Q""}, ""total_assets"": {""filed_date"": ""2026-08-03"", ""form_type"": ""10-Q""}, ""current_assets"": {""filed_date"": ""2026-08-03"", ""form_type"": ""10-Q""}, ""current_liabilities"": {""filed_date"": ""2026-08-03"", ""form_type"": ""10-Q""}, ""cash_and_equivalents"": {""filed_date"": ""2026-08-03"", ""form_type"": ""10-Q""}, ""ppe"": {""filed_date"": ""2026-08-03"", ""form_type"": ""10-Q""}, ""stockholders_equity"": {""filed_date"": ""2026-08-03"", ""form_type"": ""10-Q""}, ""operating_cash_flow"": {""filed_date"": ""2026-08-03"", ""form_type"": ""10-Q""}, ""capex"": {""filed_date"": ""2010-08-09"", ""form_type"": ""10-Q""}, ""shares_outstanding"": {""filed_date"": ""2026-08-03"", ""form_type"": ""10-Q""}}",597
PWR,"Quanta Services, Inc.",0.010007960231436333,0.4216236876434322,6,,0.30638026297079307,3,3,2,9,4,0.06282266204729944,0.06282266204729944,2.2130576215093316,685.78,103102496456.13159,1292016250.0,0.0,23672795000.0,672006000.0,1033613000.0,Industrials,0.09,2026-08-17T07:16:15.726225,True,True,2026-08-17T07:04:15.149357,"{""revenue"": {""filed_date"": ""2025-02-20"", ""form_type"": ""8-K""}, ""operating_income"": {""filed_date"": ""2026-07-30"", ""form_type"": ""10-Q""}, ""net_income"": {""filed_date"": ""2026-07-30"", ""form_type"": ""10-Q""}, ""total_assets"": {""filed_date"": ""2026-07-30"", ""form_type"": ""10-Q""}, ""current_assets"": {""filed_date"": ""2026-07-30"", ""form_type"": ""10-Q""}, ""current_liabilities"": {""filed_date"": ""2026-07-30"", ""form_type"": ""10-Q""}, ""long_term_debt"": {""filed_date"": ""2019-11-01"", ""form_type"": ""10-Q""}, ""cash_and_equivalents"": {""filed_date"": ""2026-07-30"", ""form_type"": ""10-Q""}, ""ppe"": {""filed_date"": ""2019-11-01"", ""form_type"": ""10-Q""}, ""stockholders_equity"": {""filed_date"": ""2026-07-30"", ""form_type"": ""10-Q""}, ""operating_cash_flow"": {""filed_date"": ""2026-07-30"", ""form_type"": ""10-Q""}, ""capex"": {""filed_date"": ""2026-07-30"", ""form_type"": ""10-Q""}, ""total_debt"": {""filed_date"": ""2026-07-30"", ""form_type"": ""10-Q""}, ""shares_outstanding"": {""filed_date"": ""2026-07-30"", ""form_type"": ""10-Q""}}",598
WTFC,Wintrust Financial Corporation,0.009888106132646068,0.011865727359175281,5,,0.06314454979402863,2,5,0,10,4,0.6523861629202417,0.6523861629202417,2.564178528284618,162.47,10961195740.845917,141581250.0,0.0,1812261000.0,461081000.0,113265000.0,Financials,0.01,2026-08-17T07:16:15.738599,True,True,2026-08-17T07:04:15.149357,"{""revenue"": {""filed_date"": ""2024-11-08"", ""form_type"": ""10-Q""}, ""operating_income"": {""filed_date"": ""2014-11-07"", ""form_type"": ""10-Q""}, ""net_income"": {""filed_date"": ""2026-08-05"", ""form_type"": ""10-Q""}, ""total_assets"": {""filed_date"": ""2026-08-05"", ""form_type"": ""10-Q""}, ""long_term_debt"": {""filed_date"": ""2014-08-08"", ""form_type"": ""10-Q""}, ""cash_and_equivalents"": {""filed_date"": ""2019-05-09"", ""form_type"": ""10-Q""}, ""ppe"": {""filed_date"": ""2026-08-05"", ""form_type"": ""10-Q""}, ""stockholders_equity"": {""filed_date"": ""2026-08-05"", ""form_type"": ""10-Q""}, ""operating_cash_flow"": {""filed_date"": ""2026-08-05"", ""form_type"": ""10-Q""}, ""capex"": {""filed_date"": ""2026-02-26"", ""form_type"": ""10-K""}, ""total_debt"": {""filed_date"": ""2014-08-08"", ""form_type"": ""10-Q""}, ""shares_outstanding"": {""filed_date"": ""2026-02-26"", ""form_type"": ""10-K""}}",599
DOCU,"DocuSign, Inc.",0.009851943671761423,0.0,5,,0.3722628217622535,3,5,0,10,4,0.3874661993291056,0.3874661993291056,4.11381510799647,62.04,11846203655.13501,139136250.0,0.0,830235000.0,78197000.0,111309000.0,Information Technology,0.03,2026-08-17T07:16:15.733901,True,True,2026-08-17T07:04:15.149357,"{""revenue"": {""filed_date"": ""2026-06-05"", ""form_type"": ""10-Q""}, ""operating_income"": {""filed_date"": ""2026-06-05"", ""form_type"": ""10-Q""}, ""net_income"": {""filed_date"": ""2026-06-05"", ""form_type"": ""10-Q""}, ""total_assets"": {""filed_date"": ""2026-06-05"", ""form_type"": ""10-Q""}, ""current_assets"": {""filed_date"": ""2026-06-05"", ""form_type"": ""10-Q""}, ""current_liabilities"": {""filed_date"": ""2026-06-05"", ""form_type"": ""10-Q""}, ""cash_and_equivalents"": {""filed_date"": ""2026-06-05"", ""form_type"": ""10-Q""}, ""ppe"": {""filed_date"": ""2026-06-05"", ""form_type"": ""10-Q""}, ""stockholders_equity"": {""filed_date"": ""2026-06-05"", ""form_type"": ""10-Q""}, ""operating_cash_flow"": {""filed_date"": ""2026-06-05"", ""form_type"": ""10-Q""}, ""capex"": {""filed_date"": ""2026-06-05"", ""form_type"": ""10-Q""}, ""shares_outstanding"": {""filed_date"": ""2026-06-05"", ""form_type"": ""10-Q""}}",600
NVDA,NVIDIA Corporation,0.009838710555677144,0.44794752079254313,4,,0.21876316082682143,3,4,2,9,4,0.61684739324879,0.61684739324879,0.8632225099020936,225.16,5453600448699.951,66920000000.0,0.0,81615000000.0,58321000000.0,53536000000.0,Information Technology,6.97,2026-08-17T07:16:15.721205,True,True,2026-08-17T07:04:15.149357,"{""revenue"": {""filed_date"": ""2026-05-20"", ""form_type"": ""10-Q""}, ""operating_income"": {""filed_date"": ""2026-05-20"", ""form_type"": ""10-Q""}, ""net_income"": {""filed_date"": ""2026-05-20"", ""form_type"": ""10-Q""}, ""total_assets"": {""filed_date"": ""2026-05-20"", ""form_type"": ""10-Q""}, ""current_assets"": {""filed_date"": ""2026-05-20"", ""form_type"": ""10-Q""}, ""current_liabilities"": {""filed_date"": ""2026-05-20"", ""form_type"": ""10-Q""}, ""long_term_debt"": {""filed_date"": ""2026-05-20"", ""form_type"": ""10-Q""}, ""cash_and_equivalents"": {""filed_date"": ""2026-05-20"", ""form_type"": ""10-Q""}, ""ppe"": {""filed_date"": ""2026-05-20"", ""form_type"": ""10-Q""}, ""stockholders_equity"": {""filed_date"": ""2026-05-20"", ""form_type"": ""10-Q""}, ""operating_cash_flow"": {""filed_date"": ""2026-05-20"", ""form_type"": ""10-Q""}, ""capex"": {""filed_date"": ""2020-08-19"", ""form_type"": ""10-Q""}, ""total_debt"": {""filed_date"": ""2026-05-20"", ""form_type"": ""10-Q""}, ""shares_outstanding"": {""filed_date"": ""2026-02-25"", ""form_type"": ""10-K""}}",601
VRT,Vertiv Holdings Co,0.009770145690497585,0.2745727312090879,5,,0.2071247390359036,3,3,1,8,3,,,2.102263768442392,293.84,113124923344.4512,1347500000.0,0.0,0.0,887900000.0,1078000000.0,Industrials,0.08,2026-08-17T07:16:15.726918,True,True,2026-08-17T07:04:15.149357,"{""revenue"": {""filed_date"": ""2020-03-12"", ""form_type"": ""10-K""}, ""operating_income"": {""filed_date"": ""2026-07-29"", ""form_type"": ""10-Q""}, ""net_income"": {""filed_date"": ""2026-07-29"", ""form_type"": ""10-Q""}, ""total_assets"": {""filed_date"": ""2026-07-29"", ""form_type"": ""10-Q""}, ""current_assets"": {""filed_date"": ""2026-07-29"", ""form_type"": ""10-Q""}, ""current_liabilities"": {""filed_date"": ""2026-07-29"", ""form_type"": ""10-Q""}, ""long_term_debt"": {""filed_date"": ""2026-07-29"", ""form_type"": ""10-Q""}, ""cash_and_equivalents"": {""filed_date"": ""2026-07-29"", ""form_type"": ""10-Q""}, ""ppe"": {""filed_date"": ""2026-07-29"", ""form_type"": ""10-Q""}, ""stockholders_equity"": {""filed_date"": ""2026-07-29"", ""form_type"": ""10-Q""}, ""operating_cash_flow"": {""filed_date"": ""2026-07-29"", ""form_type"": ""10-Q""}, ""capex"": {""filed_date"": ""2026-07-29"", ""form_type"": ""10-Q""}, ""total_debt"": {""filed_date"": ""2022-03-01"", ""form_type"": ""10-K""}, ""shares_outstanding"": {""filed_date"": ""2026-07-29"", ""form_type"": ""10-Q""}}",602
HUBB,Hubbell Incorporated,0.00975142758749817,0.14100919392773145,4,,-0.0189411968719421,1,2,0,5,2,0.0570976462055779,0.0570976462055779,0.47634763476347636,511.39,27018049257.604614,329750000.0,0.0,1516700000.0,181800000.0,263800000.0,Industrials,0.04,2026-08-17T07:16:15.730964,True,True,2026-08-17T07:04:15.149357,"{""revenue"": {""filed_date"": ""2026-05-01"", ""form_type"": ""10-Q""}, ""operating_income"": {""filed_date"": ""2026-05-01"", ""form_type"": ""10-Q""}, ""net_income"": {""filed_date"": ""2026-05-01"", ""form_type"": ""10-Q""}, ""total_assets"": {""filed_date"": ""2026-05-01"", ""form_type"": ""10-Q""}, ""current_assets"": {""filed_date"": ""2026-05-01"", ""form_type"": ""10-Q""}, ""current_liabilities"": {""filed_date"": ""2026-05-01"", ""form_type"": ""10-Q""}, ""long_term_debt"": {""filed_date"": ""2025-10-29"", ""form_type"": ""10-Q""}, ""cash_and_equivalents"": {""filed_date"": ""2026-05-01"", ""form_type"": ""10-Q""}, ""ppe"": {""filed_date"": ""2026-05-01"", ""form_type"": ""10-Q""}, ""stockholders_equity"": {""filed_date"": ""2026-05-01"", ""form_type"": ""10-Q""}, ""operating_cash_flow"": {""filed_date"": ""2026-05-01"", ""form_type"": ""10-Q""}, ""total_debt"": {""filed_date"": ""2026-05-01"", ""form_type"": ""10-Q""}, ""shares_outstanding"": {""filed_date"": ""2026-02-12"", ""form_type"": ""10-K""}}",603
JEF,Jefferies Financial Group Inc.,0.009739431174486952,0.07615634766423891,3,,0.06897934156980581,2,0,0,2,1,-0.023017760192818655,,-0.6766895888245891,55.14,12712652082.222061,154767500.0,0.0,5989462000.0,203733000.0,123814000.0,Financials,0.02,2026-08-17T07:16:15.737761,True,True,2026-08-17T07:04:15.149357,"{""revenue"": {""filed_date"": ""2026-07-09"", ""form_type"": ""10-Q""}, ""operating_income"": {""filed_date"": ""2010-08-06"", ""form_type"": ""10-Q""}, ""net_income"": {""filed_date"": ""2023-10-06"", ""form_type"": ""10-Q""}, ""total_assets"": {""filed_date"": ""2026-07-09"", ""form_type"": ""10-Q""}, ""current_assets"": {""filed_date"": ""2013-02-25"", ""form_type"": ""10-K""}, ""current_liabilities"": {""filed_date"": ""2013-02-25"", ""form_type"": ""10-K""}, ""long_term_debt"": {""filed_date"": ""2026-07-09"", ""form_type"": ""10-Q""}, ""cash_and_equivalents"": {""filed_date"": ""2026-07-09"", ""form_type"": ""10-Q""}, ""ppe"": {""filed_date"": ""2020-01-29"", ""form_type"": ""10-K""}, ""stockholders_equity"": {""filed_date"": ""2026-07-09"", ""form_type"": ""10-Q""}, ""operating_cash_flow"": {""filed_date"": ""2026-07-09"", ""form_type"": ""10-Q""}, ""capex"": {""filed_date"": ""2026-07-09"", ""form_type"": ""10-Q""}, ""total_debt"": {""filed_date"": ""2013-02-25"", ""form_type"": ""10-K""}, ""shares_outstanding"": {""filed_date"": ""2026-07-09"", ""form_type"": ""10-Q""}}",604
EQIX,"Equinix, Inc.",0.0097304872265022,0.04828176022391541,4,,0.16977159052488436,3,5,1,10,4,0.29740545415596614,0.29740545415596614,1.9955257270693512,1102.1,108746062731.62329,1552500000.0,0.0,5998545000.0,894000000.0,1242000000.0,Real Estate,0.13,2026-08-17T07:16:15.725072,True,True,2026-08-17T07:04:15.149357,"{""revenue"": {""filed_date"": ""2021-02-19"", ""form_type"": ""10-K""}, ""operating_income"": {""filed_date"": ""2026-07-29"", ""form_type"": ""10-Q""}, ""net_income"": {""filed_date"": ""2026-07-29"", ""form_type"": ""10-Q""}, ""total_assets"": {""filed_date"": ""2026-07-29"", ""form_type"": ""10-Q""}, ""current_assets"": {""filed_date"": ""2026-07-29"", ""form_type"": ""10-Q""}, ""current_liabilities"": {""filed_date"": ""2026-07-29"", ""form_type"": ""10-Q""}, ""long_term_debt"": {""filed_date"": ""2026-07-29"", ""form_type"": ""10-Q""}, ""cash_and_equivalents"": {""filed_date"": ""2026-07-29"", ""form_type"": ""10-Q""}, ""ppe"": {""filed_date"": ""2026-07-29"", ""form_type"": ""10-Q""}, ""stockholders_equity"": {""filed_date"": ""2026-07-29"", ""form_type"": ""10-Q""}, ""operating_cash_flow"": {""filed_date"": ""2026-07-29"", ""form_type"": ""10-Q""}, ""capex"": {""filed_date"": ""2018-11-02"", ""form_type"": ""10-Q""}, ""total_debt"": {""filed_date"": ""2026-07-29"", ""form_type"": ""10-Q""}, ""shares_outstanding"": {""filed_date"": ""2026-07-29"", ""form_type"": ""10-Q""}}",605
JNJ,Johnson & Johnson,0.009467175064943304,0.20473630582200203,5,,0.08182017789550657,2,5,2,10,4,0.19847709399575583,0.19847709399575583,1.033522146903148,260.35,627417114437.8037,7283750000.0,0.0,56077000000.0,10769000000.0,5827000000.0,Health Care,0.72,2026-08-17T07:16:15.721669,True,True,2026-08-17T07:04:15.149357,"{""revenue"": {""filed_date"": ""2014-10-30"", ""form_type"": ""10-Q""}, ""operating_income"": {""filed_date"": ""2015-05-01"", ""form_type"": ""10-Q""}, ""net_income"": {""filed_date"": ""2026-07-23"", ""form_type"": ""10-Q""}, ""total_assets"": {""filed_date"": ""2026-07-23"", ""form_type"": ""10-Q""}, ""current_assets"": {""filed_date"": ""2026-07-23"", ""form_type"": ""10-Q""}, ""current_liabilities"": {""filed_date"": ""2026-07-23"", ""form_type"": ""10-Q""}, ""long_term_debt"": {""filed_date"": ""2026-02-11"", ""form_type"": ""10-K""}, ""cash_and_equivalents"": {""filed_date"": ""2026-07-23"", ""form_type"": ""10-Q""}, ""ppe"": {""filed_date"": ""2026-07-23"", ""form_type"": ""10-Q""}, ""stockholders_equity"": {""filed_date"": ""2026-07-23"", ""form_type"": ""10-Q""}, ""operating_cash_flow"": {""filed_date"": ""2026-07-23"", ""form_type"": ""10-Q""}, ""capex"": {""filed_date"": ""2026-07-23"", ""form_type"": ""10-Q""}, ""total_debt"": {""filed_date"": ""2026-02-11"", ""form_type"": ""10-K""}, ""shares_outstanding"": {""filed_date"": ""2026-07-23"", ""form_type"": ""10-Q""}}",606
HLI,"Houlihan Lokey, Inc.",0.009306162019622949,0.011167394423547538,3,,-0.21588512007554425,1,0,0,2,0,-0.6575342465753424,,-4.3076923076923075,128.68,8992994308.135986,97500000.0,0.0,511000000.0,78000000.0,78000000.0,Financials,0.02,2026-08-17T07:16:15.736912,True,True,2026-08-17T07:04:15.149357,"{""revenue"": {""filed_date"": ""2026-07-31"", ""form_type"": ""10-Q""}, ""operating_income"": {""filed_date"": ""2026-07-31"", ""form_type"": ""10-Q""}, ""net_income"": {""filed_date"": ""2026-07-31"", ""form_type"": ""10-Q""}, ""total_assets"": {""filed_date"": ""2026-07-31"", ""form_type"": ""10-Q""}, ""long_term_debt"": {""filed_date"": ""2022-02-08"", ""form_type"": ""10-Q""}, ""cash_and_equivalents"": {""filed_date"": ""2026-07-31"", ""form_type"": ""10-Q""}, ""ppe"": {""filed_date"": ""2026-07-31"", ""form_type"": ""10-Q""}, ""stockholders_equity"": {""filed_date"": ""2026-07-31"", ""form_type"": ""10-Q""}, ""operating_cash_flow"": {""filed_date"": ""2026-07-31"", ""form_type"": ""10-Q""}, ""capex"": {""filed_date"": ""2026-07-31"", ""form_type"": ""10-Q""}, ""total_debt"": {""filed_date"": ""2022-02-08"", ""form_type"": ""10-Q""}, ""shares_outstanding"": {""filed_date"": ""2015-11-13"", ""form_type"": ""10-Q""}}",607
ROKU,"Roku, Inc.",0.009249476459080941,0.07907865479157196,6,,0.7800856786672727,3,5,0,10,5,0.18581570144674484,0.18581570144674484,1.935786424238544,157.68,23402701944.867004,247433750.0,0.0,2603569000.0,249916000.0,197947000.0,Communication,0.02,2026-08-17T07:16:15.735858,True,True,2026-08-17T07:04:15.149357,"{""revenue"": {""filed_date"": ""2026-08-06"", ""form_type"": ""10-Q""}, ""operating_income"": {""filed_date"": ""2026-08-06"", ""form_type"": ""10-Q""}, ""net_income"": {""filed_date"": ""2026-08-06"", ""form_type"": ""10-Q""}, ""total_assets"": {""filed_date"": ""2026-08-06"", ""form_type"": ""10-Q""}, ""current_assets"": {""filed_date"": ""2026-08-06"", ""form_type"": ""10-Q""}, ""current_liabilities"": {""filed_date"": ""2026-08-06"", ""form_type"": ""10-Q""}, ""long_term_debt"": {""filed_date"": ""2019-11-08"", ""form_type"": ""10-Q""}, ""cash_and_equivalents"": {""filed_date"": ""2026-08-06"", ""form_type"": ""10-Q""}, ""ppe"": {""filed_date"": ""2026-08-06"", ""form_type"": ""10-Q""}, ""stockholders_equity"": {""filed_date"": ""2026-08-06"", ""form_type"": ""10-Q""}, ""operating_cash_flow"": {""filed_date"": ""2026-08-06"", ""form_type"": ""10-Q""}, ""capex"": {""filed_date"": ""2026-08-06"", ""form_type"": ""10-Q""}, ""total_debt"": {""filed_date"": ""2019-11-08"", ""form_type"": ""10-Q""}, ""shares_outstanding"": {""filed_date"": ""2026-02-13"", ""form_type"": ""10-K""}}",608
FLEX,Flex Ltd.,0.008944581574132431,0.051094890510948905,5,,0.9583981255517454,3,2,1,7,3,0.009623456128284854,0.009623456128284854,0.31363636363636366,126.16,46603881057.27411,490000000.0,0.0,28679925000.0,880000000.0,392000000.0,Information Technology,0.03,2026-08-17T07:16:15.732109,True,True,2026-08-17T07:04:15.149357,"{""revenue"": {""filed_date"": ""2011-05-23"", ""form_type"": ""10-K""}, ""operating_income"": {""filed_date"": ""2026-07-31"", ""form_type"": ""10-Q""}, ""net_income"": {""filed_date"": ""2026-05-20"", ""form_type"": ""10-K""}, ""total_assets"": {""filed_date"": ""2026-07-31"", ""form_type"": ""10-Q""}, ""current_assets"": {""filed_date"": ""2026-07-31"", ""form_type"": ""10-Q""}, ""current_liabilities"": {""filed_date"": ""2026-07-31"", ""form_type"": ""10-Q""}, ""long_term_debt"": {""filed_date"": ""2026-07-31"", ""form_type"": ""10-Q""}, ""cash_and_equivalents"": {""filed_date"": ""2026-07-31"", ""form_type"": ""10-Q""}, ""ppe"": {""filed_date"": ""2026-07-31"", ""form_type"": ""10-Q""}, ""stockholders_equity"": {""filed_date"": ""2026-07-31"", ""form_type"": ""10-Q""}, ""operating_cash_flow"": {""filed_date"": ""2026-07-31"", ""form_type"": ""10-Q""}, ""capex"": {""filed_date"": ""2026-07-31"", ""form_type"": ""10-Q""}, ""total_debt"": {""filed_date"": ""2017-05-16"", ""form_type"": ""10-K""}, ""shares_outstanding"": {""filed_date"": ""2026-07-31"", ""form_type"": ""10-Q""}}",609
FTV,Fortive Corporation,0.008746022172772712,0.0,6,,0.08692367935746985,2,3,0,8,4,0.036387868644133466,0.036387868644133466,1.721407624633431,61.62,18785535788.3933,239625000.0,0.0,6452700000.0,136400000.0,191700000.0,Industrials,0.03,2026-08-17T07:16:15.733164,True,True,2026-08-17T07:04:15.149357,"{""revenue"": {""filed_date"": ""2019-02-28"", ""form_type"": ""10-K""}, ""operating_income"": {""filed_date"": ""2026-04-30"", ""form_type"": ""10-Q""}, ""net_income"": {""filed_date"": ""2026-04-30"", ""form_type"": ""10-Q""}, ""total_assets"": {""filed_date"": ""2026-04-30"", ""form_type"": ""10-Q""}, ""current_assets"": {""filed_date"": ""2026-04-30"", ""form_type"": ""10-Q""}, ""current_liabilities"": {""filed_date"": ""2026-04-30"", ""form_type"": ""10-Q""}, ""long_term_debt"": {""filed_date"": ""2026-04-30"", ""form_type"": ""10-Q""}, ""cash_and_equivalents"": {""filed_date"": ""2026-04-30"", ""form_type"": ""10-Q""}, ""ppe"": {""filed_date"": ""2026-04-30"", ""form_type"": ""10-Q""}, ""stockholders_equity"": {""filed_date"": ""2026-04-30"", ""form_type"": ""10-Q""}, ""operating_cash_flow"": {""filed_date"": ""2026-04-30"", ""form_type"": ""10-Q""}, ""capex"": {""filed_date"": ""2026-04-30"", ""form_type"": ""10-Q""}, ""total_debt"": {""filed_date"": ""2026-04-30"", ""form_type"": ""10-Q""}, ""shares_outstanding"": {""filed_date"": ""2026-04-30"", ""form_type"": ""10-Q""}}",610
LSTR,"Landstar System, Inc.",0.008725483968997774,0.0658357025991227,6,,0.32602236652850713,3,3,0,8,4,0.0667733295995615,0.0667733295995615,1.9830375253549695,190.19,6454463848.603821,66545000.0,0.0,1171291000.0,39440000.0,53236000.0,Industrials,0.01,2026-08-17T07:16:15.745723,True,True,2026-08-17T07:04:15.149357,"{""revenue"": {""filed_date"": ""2026-04-29"", ""form_type"": ""10-Q""}, ""operating_income"": {""filed_date"": ""2026-04-29"", ""form_type"": ""10-Q""}, ""net_income"": {""filed_date"": ""2026-04-29"", ""form_type"": ""10-Q""}, ""total_assets"": {""filed_date"": ""2026-04-29"", ""form_type"": ""10-Q""}, ""current_assets"": {""filed_date"": ""2026-04-29"", ""form_type"": ""10-Q""}, ""current_liabilities"": {""filed_date"": ""2026-04-29"", ""form_type"": ""10-Q""}, ""long_term_debt"": {""filed_date"": ""2026-04-29"", ""form_type"": ""10-Q""}, ""cash_and_equivalents"": {""filed_date"": ""2026-04-29"", ""form_type"": ""10-Q""}, ""ppe"": {""filed_date"": ""2026-04-29"", ""form_type"": ""10-Q""}, ""stockholders_equity"": {""filed_date"": ""2026-04-29"", ""form_type"": ""10-Q""}, ""operating_cash_flow"": {""filed_date"": ""2026-04-29"", ""form_type"": ""10-Q""}, ""capex"": {""filed_date"": ""2026-04-29"", ""form_type"": ""10-Q""}, ""total_debt"": {""filed_date"": ""2026-04-29"", ""form_type"": ""10-Q""}, ""shares_outstanding"": {""filed_date"": ""2026-04-29"", ""form_type"": ""10-Q""}}",611
EGP,"EastGroup Properties, Inc.",0.008683905042997748,0.010420686051597298,5,,0.07003546270369505,2,5,0,10,4,0.787148678135599,0.787148678135599,1.1727738116508324,203.06,10919209618.737488,135695000.0,0.0,383587000.0,257458000.0,108556000.0,Real Estate,0.01,2026-08-17T07:16:15.738627,True,True,2026-08-17T07:04:15.149357,"{""revenue"": {""filed_date"": ""2026-07-22"", ""form_type"": ""10-Q""}, ""operating_income"": {""filed_date"": ""2019-02-14"", ""form_type"": ""10-K""}, ""net_income"": {""filed_date"": ""2026-04-10"", ""form_type"": ""DEF 14A""}, ""total_assets"": {""filed_date"": ""2026-07-22"", ""form_type"": ""10-Q""}, ""long_term_debt"": {""filed_date"": ""2026-07-22"", ""form_type"": ""10-Q""}, ""cash_and_equivalents"": {""filed_date"": ""2026-07-22"", ""form_type"": ""10-Q""}, ""stockholders_equity"": {""filed_date"": ""2026-07-22"", ""form_type"": ""10-Q""}, ""operating_cash_flow"": {""filed_date"": ""2026-07-22"", ""form_type"": ""10-Q""}, ""total_debt"": {""filed_date"": ""2026-07-22"", ""form_type"": ""10-Q""}, ""shares_outstanding"": {""filed_date"": ""2026-07-22"", ""form_type"": ""10-Q""}}",612
INVH,Invitation Homes Inc.,0.008648700112850925,0.01037844013542111,4,,0.14123185066776434,3,5,0,9,4,0.456691877094776,0.456691877094776,1.783719734813038,30.29,17993531391.101654,285887500.0,0.0,1481662000.0,379355000.0,228710000.0,Real Estate,0.03,2026-08-17T07:16:15.732234,True,True,2026-08-17T07:04:15.149357,"{""revenue"": {""filed_date"": ""2026-07-30"", ""form_type"": ""10-Q""}, ""operating_income"": {""filed_date"": ""2018-11-05"", ""form_type"": ""10-Q""}, ""net_income"": {""filed_date"": ""2026-07-30"", ""form_type"": ""10-Q""}, ""total_assets"": {""filed_date"": ""2026-07-30"", ""form_type"": ""10-Q""}, ""long_term_debt"": {""filed_date"": ""2026-07-30"", ""form_type"": ""10-Q""}, ""cash_and_equivalents"": {""filed_date"": ""2026-07-30"", ""form_type"": ""10-Q""}, ""ppe"": {""filed_date"": ""2026-07-30"", ""form_type"": ""10-Q""}, ""stockholders_equity"": {""filed_date"": ""2026-07-30"", ""form_type"": ""10-Q""}, ""operating_cash_flow"": {""filed_date"": ""2026-07-30"", ""form_type"": ""10-Q""}, ""capex"": {""filed_date"": ""2019-02-28"", ""form_type"": ""10-K""}, ""total_debt"": {""filed_date"": ""2026-07-30"", ""form_type"": ""10-Q""}, ""shares_outstanding"": {""filed_date"": ""2026-07-30"", ""form_type"": ""10-Q""}}",613
LFUS,"Littelfuse, Inc.",0.008594032835303824,0.07317678307150803,5,,0.3133675946178191,3,4,0,8,4,0.10590180417574384,0.10590180417574384,1.0680133604801256,457.57,11621704850.815979,126456250.0,0.0,757853000.0,75147000.0,101165000.0,Information Technology,0.01,2026-08-17T07:16:15.743242,True,True,2026-08-17T07:04:15.149357,"{""revenue"": {""filed_date"": ""2014-02-25"", ""form_type"": ""10-K""}, ""operating_income"": {""filed_date"": ""2026-05-06"", ""form_type"": ""10-Q""}, ""net_income"": {""filed_date"": ""2026-05-06"", ""form_type"": ""10-Q""}, ""total_assets"": {""filed_date"": ""2026-05-06"", ""form_type"": ""10-Q""}, ""current_assets"": {""filed_date"": ""2026-05-06"", ""form_type"": ""10-Q""}, ""current_liabilities"": {""filed_date"": ""2026-05-06"", ""form_type"": ""10-Q""}, ""long_term_debt"": {""filed_date"": ""2026-05-06"", ""form_type"": ""10-Q""}, ""cash_and_equivalents"": {""filed_date"": ""2026-05-06"", ""form_type"": ""10-Q""}, ""ppe"": {""filed_date"": ""2026-05-06"", ""form_type"": ""10-Q""}, ""stockholders_equity"": {""filed_date"": ""2026-05-06"", ""form_type"": ""10-Q""}, ""operating_cash_flow"": {""filed_date"": ""2026-05-06"", ""form_type"": ""10-Q""}, ""capex"": {""filed_date"": ""2026-05-06"", ""form_type"": ""10-Q""}, ""total_debt"": {""filed_date"": ""2026-05-06"", ""form_type"": ""10-Q""}, ""shares_outstanding"": {""filed_date"": ""2018-02-23"", ""form_type"": ""10-K""}}",614
OSK,Oshkosh Corporation,0.008422964125929498,0.025388568951637873,3,,-0.08508588860030673,1,0,0,2,0,-0.04243989877688739,,-0.7015250544662309,152.89,9439390186.927048,102500000.0,0.0,3793600000.0,229500000.0,82000000.0,Industrials,0.02,2026-08-17T07:16:15.738172,True,True,2026-08-17T07:04:15.149357,"{""revenue"": {""filed_date"": ""2019-04-30"", ""form_type"": ""10-Q""}, ""operating_income"": {""filed_date"": ""2026-05-08"", ""form_type"": ""10-Q""}, ""net_income"": {""filed_date"": ""2015-11-13"", ""form_type"": ""10-K""}, ""total_assets"": {""filed_date"": ""2026-05-08"", ""form_type"": ""10-Q""}, ""current_assets"": {""filed_date"": ""2026-05-08"", ""form_type"": ""10-Q""}, ""current_liabilities"": {""filed_date"": ""2026-05-08"", ""form_type"": ""10-Q""}, ""long_term_debt"": {""filed_date"": ""2024-10-30"", ""form_type"": ""10-Q""}, ""cash_and_equivalents"": {""filed_date"": ""2026-05-08"", ""form_type"": ""10-Q""}, ""ppe"": {""filed_date"": ""2026-05-08"", ""form_type"": ""10-Q""}, ""stockholders_equity"": {""filed_date"": ""2026-05-08"", ""form_type"": ""10-Q""}, ""operating_cash_flow"": {""filed_date"": ""2026-05-08"", ""form_type"": ""10-Q""}, ""capex"": {""filed_date"": ""2026-05-08"", ""form_type"": ""10-Q""}, ""total_debt"": {""filed_date"": ""2026-05-08"", ""form_type"": ""10-Q""}, ""shares_outstanding"": {""filed_date"": ""2026-05-08"", ""form_type"": ""10-Q""}}",615
WPC,W. P. Carey Inc.,0.00839386098544313,0.010072633182531755,4,,-0.008156310908056814,1,5,0,9,3,0.6732068333164041,0.6732068333164041,1.70413419189308,71.62,16315555942.311302,262348750.0,0.0,915573000.0,361691000.0,209879000.0,Real Estate,0.02,2026-08-17T07:16:15.734493,True,True,2026-08-17T07:04:15.149357,"{""revenue"": {""filed_date"": ""2026-07-29"", ""form_type"": ""10-Q""}, ""operating_income"": {""filed_date"": ""2016-02-26"", ""form_type"": ""10-K""}, ""net_income"": {""filed_date"": ""2026-07-29"", ""form_type"": ""10-Q""}, ""total_assets"": {""filed_date"": ""2026-07-29"", ""form_type"": ""10-Q""}, ""long_term_debt"": {""filed_date"": ""2026-07-29"", ""form_type"": ""10-Q""}, ""cash_and_equivalents"": {""filed_date"": ""2026-07-29"", ""form_type"": ""10-Q""}, ""stockholders_equity"": {""filed_date"": ""2026-07-29"", ""form_type"": ""10-Q""}, ""operating_cash_flow"": {""filed_date"": ""2026-07-29"", ""form_type"": ""10-Q""}, ""total_debt"": {""filed_date"": ""2026-07-29"", ""form_type"": ""10-Q""}, ""shares_outstanding"": {""filed_date"": ""2026-07-29"", ""form_type"": ""10-Q""}}",616
ARE,"Alexandria Real Estate Equities, Inc.",0.008197617184962386,0.009837140621954864,5,,-0.0894637981826091,1,3,0,7,2,,,1.8471700072697061,48.14,8284666529.741379,211366250.0,0.0,0.0,288870000.0,169093000.0,Real Estate,0.02,2026-08-17T07:16:15.734701,True,True,2026-08-17T07:04:15.149357,"{""operating_income"": {""filed_date"": ""2018-01-30"", ""form_type"": ""10-K""}, ""net_income"": {""filed_date"": ""2026-08-03"", ""form_type"": ""10-Q""}, ""total_assets"": {""filed_date"": ""2026-08-03"", ""form_type"": ""10-Q""}, ""long_term_debt"": {""filed_date"": ""2026-08-03"", ""form_type"": ""10-Q""}, ""cash_and_equivalents"": {""filed_date"": ""2026-08-03"", ""form_type"": ""10-Q""}, ""ppe"": {""filed_date"": ""2026-08-03"", ""form_type"": ""10-Q""}, ""stockholders_equity"": {""filed_date"": ""2026-08-03"", ""form_type"": ""10-Q""}, ""operating_cash_flow"": {""filed_date"": ""2026-08-03"", ""form_type"": ""10-Q""}, ""total_debt"": {""filed_date"": ""2026-08-03"", ""form_type"": ""10-Q""}, ""shares_outstanding"": {""filed_date"": ""2026-01-26"", ""form_type"": ""10-K""}}",617
JCI,Johnson Controls International plc,0.00813296477707377,0.3037872683319903,4,,0.08670300323907927,2,2,1,6,3,0.07993292342090554,0.07993292342090554,0.5030782761653474,153.64,93066119081.08475,942500000.0,0.0,7156000000.0,1137000000.0,754000000.0,Industrials,0.12,2026-08-17T07:16:15.725288,True,True,2026-08-17T07:04:15.149357,"{""revenue"": {""filed_date"": ""2016-07-29"", ""form_type"": ""10-Q""}, ""operating_income"": {""filed_date"": ""2016-07-29"", ""form_type"": ""10-Q""}, ""net_income"": {""filed_date"": ""2026-05-06"", ""form_type"": ""10-Q""}, ""total_assets"": {""filed_date"": ""2026-05-06"", ""form_type"": ""10-Q""}, ""current_assets"": {""filed_date"": ""2026-05-06"", ""form_type"": ""10-Q""}, ""current_liabilities"": {""filed_date"": ""2026-05-06"", ""form_type"": ""10-Q""}, ""long_term_debt"": {""filed_date"": ""2025-11-14"", ""form_type"": ""10-K""}, ""cash_and_equivalents"": {""filed_date"": ""2026-05-06"", ""form_type"": ""10-Q""}, ""ppe"": {""filed_date"": ""2026-05-06"", ""form_type"": ""10-Q""}, ""stockholders_equity"": {""filed_date"": ""2026-05-06"", ""form_type"": ""10-Q""}, ""operating_cash_flow"": {""filed_date"": ""2024-07-31"", ""form_type"": ""10-Q""}, ""total_debt"": {""filed_date"": ""2016-07-29"", ""form_type"": ""10-Q""}, ""shares_outstanding"": {""filed_date"": ""2016-11-23"", ""form_type"": ""10-K""}}",618
DOCS,"Doximity, Inc.",0.008113055798103622,0.042975865354891944,5,,0.008950338243993035,2,5,0,10,4,0.26808540525354685,0.26808540525354685,1.7267941599835492,24.8,4420500168.0091095,42055000.0,0.0,156618000.0,24315000.0,33644000.0,Health Care,0.01,2026-08-17T07:16:15.738654,True,True,2026-08-17T07:04:15.149357,"{""revenue"": {""filed_date"": ""2026-08-06"", ""form_type"": ""10-Q""}, ""operating_income"": {""filed_date"": ""2026-08-06"", ""form_type"": ""10-Q""}, ""net_income"": {""filed_date"": ""2026-08-06"", ""form_type"": ""10-Q""}, ""total_assets"": {""filed_date"": ""2026-08-06"", ""form_type"": ""10-Q""}, ""current_assets"": {""filed_date"": ""2026-08-06"", ""form_type"": ""10-Q""}, ""current_liabilities"": {""filed_date"": ""2026-08-06"", ""form_type"": ""10-Q""}, ""cash_and_equivalents"": {""filed_date"": ""2026-08-06"", ""form_type"": ""10-Q""}, ""ppe"": {""filed_date"": ""2026-08-06"", ""form_type"": ""10-Q""}, ""stockholders_equity"": {""filed_date"": ""2026-08-06"", ""form_type"": ""10-Q""}, ""operating_cash_flow"": {""filed_date"": ""2026-08-06"", ""form_type"": ""10-Q""}, ""capex"": {""filed_date"": ""2026-08-06"", ""form_type"": ""10-Q""}, ""shares_outstanding"": {""filed_date"": ""2026-08-06"", ""form_type"": ""10-Q""}}",619
AFRM,"Affirm Holdings, Inc.",0.008077796199489168,0.009693355439387001,4,,0.5184108680432599,3,5,0,9,4,0.3020271898813682,0.3020271898813682,2.9849000574749347,78.35,26239302056.735344,337145000.0,0.0,3095122000.0,313180000.0,269716000.0,Financials,0.04,2026-08-17T07:16:15.731698,True,True,2026-08-17T07:04:15.149357,"{""revenue"": {""filed_date"": ""2026-05-07"", ""form_type"": ""10-Q""}, ""operating_income"": {""filed_date"": ""2026-05-07"", ""form_type"": ""10-Q""}, ""net_income"": {""filed_date"": ""2026-05-07"", ""form_type"": ""10-Q""}, ""total_assets"": {""filed_date"": ""2026-05-07"", ""form_type"": ""10-Q""}, ""long_term_debt"": {""filed_date"": ""2026-05-07"", ""form_type"": ""10-Q""}, ""cash_and_equivalents"": {""filed_date"": ""2026-05-07"", ""form_type"": ""10-Q""}, ""ppe"": {""filed_date"": ""2026-05-07"", ""form_type"": ""10-Q""}, ""stockholders_equity"": {""filed_date"": ""2026-05-07"", ""form_type"": ""10-Q""}, ""operating_cash_flow"": {""filed_date"": ""2026-05-07"", ""form_type"": ""10-Q""}, ""capex"": {""filed_date"": ""2026-05-07"", ""form_type"": ""10-Q""}, ""total_debt"": {""filed_date"": ""2026-05-07"", ""form_type"": ""10-Q""}, ""shares_outstanding"": {""filed_date"": ""2021-02-17"", ""form_type"": ""10-Q""}}",620
MPWR,"Monolithic Power Systems, Inc.",0.008027968447226664,0.19791060351829937,5,,0.19926736224303015,3,5,1,10,4,1.6774742410900658,1.6774742410900658,1.0613396844563219,1402.01,68898977909.91211,681307500.0,0.0,285047000.0,450524000.0,545046000.0,Information Technology,0.07,2026-08-17T07:16:15.728162,True,True,2026-08-17T07:04:15.149357,"{""revenue"": {""filed_date"": ""2016-11-03"", ""form_type"": ""10-Q""}, ""operating_income"": {""filed_date"": ""2026-08-05"", ""form_type"": ""10-Q""}, ""net_income"": {""filed_date"": ""2026-08-05"", ""form_type"": ""10-Q""}, ""total_assets"": {""filed_date"": ""2026-08-05"", ""form_type"": ""10-Q""}, ""current_assets"": {""filed_date"": ""2026-08-05"", ""form_type"": ""10-Q""}, ""current_liabilities"": {""filed_date"": ""2026-08-05"", ""form_type"": ""10-Q""}, ""cash_and_equivalents"": {""filed_date"": ""2026-08-05"", ""form_type"": ""10-Q""}, ""ppe"": {""filed_date"": ""2026-08-05"", ""form_type"": ""10-Q""}, ""stockholders_equity"": {""filed_date"": ""2026-08-05"", ""form_type"": ""10-Q""}, ""operating_cash_flow"": {""filed_date"": ""2026-08-05"", ""form_type"": ""10-Q""}, ""capex"": {""filed_date"": ""2026-08-05"", ""form_type"": ""10-Q""}, ""shares_outstanding"": {""filed_date"": ""2026-08-05"", ""form_type"": ""10-Q""}}",621
ABNB,"Airbnb, Inc.",0.00797223010289638,0.11262343207899653,5,,0.48160663756692146,3,5,1,10,4,0.4737511931275851,0.4737511931275851,3.0512295081967213,184.06,110212491167.0409,1055000000.0,0.0,6286000000.0,976000000.0,844000000.0,Consumer Discretionary,0.09,2026-08-17T07:16:15.726292,True,True,2026-08-17T07:04:15.149357,"{""revenue"": {""filed_date"": ""2026-08-06"", ""form_type"": ""10-Q""}, ""operating_income"": {""filed_date"": ""2026-08-06"", ""form_type"": ""10-Q""}, ""net_income"": {""filed_date"": ""2026-08-06"", ""form_type"": ""10-Q""}, ""total_assets"": {""filed_date"": ""2026-08-06"", ""form_type"": ""10-Q""}, ""current_assets"": {""filed_date"": ""2026-08-06"", ""form_type"": ""10-Q""}, ""current_liabilities"": {""filed_date"": ""2026-08-06"", ""form_type"": ""10-Q""}, ""long_term_debt"": {""filed_date"": ""2026-08-06"", ""form_type"": ""10-Q""}, ""cash_and_equivalents"": {""filed_date"": ""2026-08-06"", ""form_type"": ""10-Q""}, ""ppe"": {""filed_date"": ""2026-02-12"", ""form_type"": ""10-K""}, ""stockholders_equity"": {""filed_date"": ""2026-08-06"", ""form_type"": ""10-Q""}, ""operating_cash_flow"": {""filed_date"": ""2026-08-06"", ""form_type"": ""10-Q""}, ""capex"": {""filed_date"": ""2023-11-01"", ""form_type"": ""10-Q""}, ""total_debt"": {""filed_date"": ""2026-08-06"", ""form_type"": ""10-Q""}, ""shares_outstanding"": {""filed_date"": ""2026-08-06"", ""form_type"": ""10-Q""}}",622
WMT,Walmart Inc.,0.007931074842344458,0.0671415770609319,5,,-0.10184708845011518,1,2,2,7,2,0.026655264949282987,0.026655264949282987,0.8889305816135085,115.27,917327757482.1067,9366250000.0,0.0,177751000000.0,5330000000.0,7493000000.0,Consumer Staples,0.7,2026-08-17T07:16:15.721733,True,True,2026-08-17T07:04:15.149357,"{""revenue"": {""filed_date"": ""2026-05-29"", ""form_type"": ""10-Q""}, ""operating_income"": {""filed_date"": ""2026-05-29"", ""form_type"": ""10-Q""}, ""net_income"": {""filed_date"": ""2026-05-29"", ""form_type"": ""10-Q""}, ""total_assets"": {""filed_date"": ""2026-05-29"", ""form_type"": ""10-Q""}, ""current_assets"": {""filed_date"": ""2026-05-29"", ""form_type"": ""10-Q""}, ""current_liabilities"": {""filed_date"": ""2026-05-29"", ""form_type"": ""10-Q""}, ""long_term_debt"": {""filed_date"": ""2026-03-13"", ""form_type"": ""10-K""}, ""cash_and_equivalents"": {""filed_date"": ""2026-05-29"", ""form_type"": ""10-Q""}, ""ppe"": {""filed_date"": ""2026-05-29"", ""form_type"": ""10-Q""}, ""stockholders_equity"": {""filed_date"": ""2026-05-29"", ""form_type"": ""10-Q""}, ""operating_cash_flow"": {""filed_date"": ""2026-05-29"", ""form_type"": ""10-Q""}, ""capex"": {""filed_date"": ""2026-05-29"", ""form_type"": ""10-Q""}, ""total_debt"": {""filed_date"": ""2026-03-13"", ""form_type"": ""10-K""}, ""shares_outstanding"": {""filed_date"": ""2012-03-27"", ""form_type"": ""10-K""}}",623
AVTR,"Avantor, Inc.",0.007788002493764334,0.05517968056787933,5,,0.5093922165213692,3,3,0,7,3,0.03711900847350449,0.03711900847350449,1.3556581986143188,13.66,9239061651.195831,124375000.0,0.0,1581400000.0,43300000.0,99500000.0,Health Care,0.01,2026-08-17T07:16:15.738749,True,True,2026-08-17T07:04:15.149357,"{""revenue"": {""filed_date"": ""2026-04-29"", ""form_type"": ""10-Q""}, ""operating_income"": {""filed_date"": ""2026-04-29"", ""form_type"": ""10-Q""}, ""net_income"": {""filed_date"": ""2026-04-29"", ""form_type"": ""10-Q""}, ""total_assets"": {""filed_date"": ""2026-04-29"", ""form_type"": ""10-Q""}, ""current_assets"": {""filed_date"": ""2026-04-29"", ""form_type"": ""10-Q""}, ""current_liabilities"": {""filed_date"": ""2026-04-29"", ""form_type"": ""10-Q""}, ""long_term_debt"": {""filed_date"": ""2026-04-29"", ""form_type"": ""10-Q""}, ""cash_and_equivalents"": {""filed_date"": ""2026-04-29"", ""form_type"": ""10-Q""}, ""ppe"": {""filed_date"": ""2026-04-29"", ""form_type"": ""10-Q""}, ""stockholders_equity"": {""filed_date"": ""2026-04-29"", ""form_type"": ""10-Q""}, ""operating_cash_flow"": {""filed_date"": ""2026-04-29"", ""form_type"": ""10-Q""}, ""capex"": {""filed_date"": ""2026-04-29"", ""form_type"": ""10-Q""}, ""total_debt"": {""filed_date"": ""2026-04-29"", ""form_type"": ""10-Q""}, ""shares_outstanding"": {""filed_date"": ""2026-04-29"", ""form_type"": ""10-Q""}}",624
RBC,RBC Bearings Incorporated,0.00777332373160631,0.11770606921919412,5,,0.013672612552646728,2,5,0,10,4,0.33070259865255053,0.33070259865255053,1.6926108374384237,560.49,17744689920.877686,176000000.0,0.0,519500000.0,101500000.0,140800000.0,Industrials,0.02,2026-08-17T07:16:15.735523,True,True,2026-08-17T07:04:15.149357,"{""revenue"": {""filed_date"": ""2026-07-31"", ""form_type"": ""10-Q""}, ""operating_income"": {""filed_date"": ""2026-07-31"", ""form_type"": ""10-Q""}, ""net_income"": {""filed_date"": ""2026-07-31"", ""form_type"": ""10-Q""}, ""total_assets"": {""filed_date"": ""2026-07-31"", ""form_type"": ""10-Q""}, ""current_assets"": {""filed_date"": ""2026-07-31"", ""form_type"": ""10-Q""}, ""current_liabilities"": {""filed_date"": ""2026-07-31"", ""form_type"": ""10-Q""}, ""long_term_debt"": {""filed_date"": ""2026-07-31"", ""form_type"": ""10-Q""}, ""cash_and_equivalents"": {""filed_date"": ""2026-07-31"", ""form_type"": ""10-Q""}, ""ppe"": {""filed_date"": ""2026-07-31"", ""form_type"": ""10-Q""}, ""stockholders_equity"": {""filed_date"": ""2026-07-31"", ""form_type"": ""10-Q""}, ""operating_cash_flow"": {""filed_date"": ""2026-07-31"", ""form_type"": ""10-Q""}, ""capex"": {""filed_date"": ""2023-05-19"", ""form_type"": ""10-K""}, ""total_debt"": {""filed_date"": ""2023-02-09"", ""form_type"": ""10-Q""}, ""shares_outstanding"": {""filed_date"": ""2026-07-31"", ""form_type"": ""10-Q""}}",625
SRE,Sempra,0.007754507866733956,0.006906916509449045,5,,-0.05708782248168882,1,5,2,10,3,0.13202452196759598,0.13202452196759598,1.7444551591128254,86.41,56503531465.334595,540000000.0,0.0,13702000000.0,1037000000.0,432000000.0,Utilities,0.09,2026-08-17T07:16:15.726357,True,True,2026-08-17T07:04:15.149357,"{""revenue"": {""filed_date"": ""2026-02-26"", ""form_type"": ""10-K""}, ""operating_income"": {""filed_date"": ""2021-02-25"", ""form_type"": ""10-K""}, ""net_income"": {""filed_date"": ""2026-05-07"", ""form_type"": ""10-Q""}, ""total_assets"": {""filed_date"": ""2026-05-07"", ""form_type"": ""10-Q""}, ""current_assets"": {""filed_date"": ""2026-05-07"", ""form_type"": ""10-Q""}, ""current_liabilities"": {""filed_date"": ""2026-05-07"", ""form_type"": ""10-Q""}, ""cash_and_equivalents"": {""filed_date"": ""2026-05-07"", ""form_type"": ""10-Q""}, ""ppe"": {""filed_date"": ""2023-02-28"", ""form_type"": ""10-K""}, ""stockholders_equity"": {""filed_date"": ""2026-05-07"", ""form_type"": ""10-Q""}, ""operating_cash_flow"": {""filed_date"": ""2026-05-07"", ""form_type"": ""10-Q""}, ""capex"": {""filed_date"": ""2023-11-03"", ""form_type"": ""10-Q""}, ""shares_outstanding"": {""filed_date"": ""2026-05-07"", ""form_type"": ""10-Q""}}",626
GPN,Global Payments Inc.,0.007703822388107458,0.0,3,,0.3431775939310234,3,4,0,7,3,0.47019976678570574,0.47019976678570574,,93.05,24622741997.05124,401843750.0,0.0,794977000.0,-1786907000.0,321475000.0,Financials,0.04,2026-08-17T07:16:15.731362,True,True,2026-08-17T07:04:15.149357,"{""revenue"": {""filed_date"": ""2018-05-03"", ""form_type"": ""10-Q""}, ""operating_income"": {""filed_date"": ""2026-08-05"", ""form_type"": ""10-Q""}, ""net_income"": {""filed_date"": ""2026-08-05"", ""form_type"": ""10-Q""}, ""total_assets"": {""filed_date"": ""2026-08-05"", ""form_type"": ""10-Q""}, ""current_assets"": {""filed_date"": ""2026-08-05"", ""form_type"": ""10-Q""}, ""current_liabilities"": {""filed_date"": ""2026-08-05"", ""form_type"": ""10-Q""}, ""long_term_debt"": {""filed_date"": ""2026-08-05"", ""form_type"": ""10-Q""}, ""cash_and_equivalents"": {""filed_date"": ""2026-08-05"", ""form_type"": ""10-Q""}, ""ppe"": {""filed_date"": ""2021-11-02"", ""form_type"": ""10-Q""}, ""stockholders_equity"": {""filed_date"": ""2026-08-05"", ""form_type"": ""10-Q""}, ""operating_cash_flow"": {""filed_date"": ""2026-08-05"", ""form_type"": ""10-Q""}, ""capex"": {""filed_date"": ""2011-07-25"", ""form_type"": ""10-K""}, ""total_debt"": {""filed_date"": ""2026-08-05"", ""form_type"": ""10-Q""}, ""shares_outstanding"": {""filed_date"": ""2026-08-05"", ""form_type"": ""10-Q""}}",627
NOV,NOV Inc.,0.007579487034103089,0.00866838804869052,3,,0.12373673442509396,3,0,0,2,1,-0.012670565302144249,,-1.368421052631579,21.14,7535947344.923019,58750000.0,0.0,2052000000.0,19000000.0,47000000.0,Energy,0.01,2026-08-17T07:16:15.745621,True,True,2026-08-17T07:04:15.149357,"{""revenue"": {""filed_date"": ""2026-04-28"", ""form_type"": ""10-Q""}, ""operating_income"": {""filed_date"": ""2026-04-28"", ""form_type"": ""10-Q""}, ""net_income"": {""filed_date"": ""2026-04-28"", ""form_type"": ""10-Q""}, ""total_assets"": {""filed_date"": ""2026-04-28"", ""form_type"": ""10-Q""}, ""current_assets"": {""filed_date"": ""2026-04-28"", ""form_type"": ""10-Q""}, ""current_liabilities"": {""filed_date"": ""2026-04-28"", ""form_type"": ""10-Q""}, ""long_term_debt"": {""filed_date"": ""2026-04-28"", ""form_type"": ""10-Q""}, ""cash_and_equivalents"": {""filed_date"": ""2026-04-28"", ""form_type"": ""10-Q""}, ""ppe"": {""filed_date"": ""2026-04-28"", ""form_type"": ""10-Q""}, ""stockholders_equity"": {""filed_date"": ""2026-04-28"", ""form_type"": ""10-Q""}, ""operating_cash_flow"": {""filed_date"": ""2026-04-28"", ""form_type"": ""10-Q""}, ""capex"": {""filed_date"": ""2026-04-28"", ""form_type"": ""10-Q""}, ""total_debt"": {""filed_date"": ""2019-02-14"", ""form_type"": ""10-K""}, ""shares_outstanding"": {""filed_date"": ""2026-04-28"", ""form_type"": ""10-Q""}}",628
GRMN,Garmin Ltd.,0.007502918803228276,0.07187595638405819,5,,0.4414607252332992,3,5,1,10,4,0.30566943961439164,0.30566943961439164,1.3231723273048648,310.2,59822859021.35693,539581250.0,0.0,1753489000.0,405078000.0,431665000.0,Consumer Discretionary,0.06,2026-08-17T07:16:15.728309,True,True,2026-08-17T07:04:15.149357,"{""revenue"": {""filed_date"": ""2026-04-29"", ""form_type"": ""10-Q""}, ""operating_income"": {""filed_date"": ""2026-04-29"", ""form_type"": ""10-Q""}, ""net_income"": {""filed_date"": ""2026-04-29"", ""form_type"": ""10-Q""}, ""total_assets"": {""filed_date"": ""2026-04-29"", ""form_type"": ""10-Q""}, ""current_assets"": {""filed_date"": ""2026-04-29"", ""form_type"": ""10-Q""}, ""current_liabilities"": {""filed_date"": ""2026-04-29"", ""form_type"": ""10-Q""}, ""cash_and_equivalents"": {""filed_date"": ""2026-04-29"", ""form_type"": ""10-Q""}, ""ppe"": {""filed_date"": ""2026-04-29"", ""form_type"": ""10-Q""}, ""stockholders_equity"": {""filed_date"": ""2026-04-29"", ""form_type"": ""10-Q""}, ""operating_cash_flow"": {""filed_date"": ""2026-04-29"", ""form_type"": ""10-Q""}, ""capex"": {""filed_date"": ""2026-04-29"", ""form_type"": ""10-Q""}, ""shares_outstanding"": {""filed_date"": ""2026-04-29"", ""form_type"": ""10-Q""}}",629
OGE,OGE Energy Corp.,0.007454629460417908,0.009057129586623316,5,,0.030557344855551696,2,5,0,10,4,0.23319160244485782,0.23319160244485782,3.49601593625498,47.5,9802780247.5,141375000.0,0.0,752600000.0,50200000.0,113100000.0,Utilities,0.02,2026-08-17T07:16:15.738111,True,True,2026-08-17T07:04:15.149357,"{""revenue"": {""filed_date"": ""2026-04-29"", ""form_type"": ""10-Q""}, ""operating_income"": {""filed_date"": ""2026-04-29"", ""form_type"": ""10-Q""}, ""net_income"": {""filed_date"": ""2026-04-29"", ""form_type"": ""10-Q""}, ""total_assets"": {""filed_date"": ""2026-04-29"", ""form_type"": ""10-Q""}, ""current_assets"": {""filed_date"": ""2026-04-29"", ""form_type"": ""10-Q""}, ""current_liabilities"": {""filed_date"": ""2026-04-29"", ""form_type"": ""10-Q""}, ""long_term_debt"": {""filed_date"": ""2026-02-18"", ""form_type"": ""10-K""}, ""cash_and_equivalents"": {""filed_date"": ""2026-04-29"", ""form_type"": ""10-Q""}, ""ppe"": {""filed_date"": ""2026-04-29"", ""form_type"": ""10-Q""}, ""stockholders_equity"": {""filed_date"": ""2026-04-29"", ""form_type"": ""10-Q""}, ""operating_cash_flow"": {""filed_date"": ""2026-04-29"", ""form_type"": ""10-Q""}, ""total_debt"": {""filed_date"": ""2026-02-18"", ""form_type"": ""10-K""}, ""shares_outstanding"": {""filed_date"": ""2026-02-18"", ""form_type"": ""10-K""}}",630
VEEV,Veeva Systems Inc.,0.007244547641429738,0.042441812128252245,5,,0.37852047225095864,3,5,0,10,4,1.6316357093121054,1.6316357093121054,4.3195112977894965,243.75,39595552181.25,341390000.0,0.0,690789000.0,260936000.0,273112000.0,Health Care,0.07,2026-08-17T07:16:15.727810,True,True,2026-08-17T07:04:15.149357,"{""revenue"": {""filed_date"": ""2020-09-08"", ""form_type"": ""10-Q""}, ""operating_income"": {""filed_date"": ""2026-06-05"", ""form_type"": ""10-Q""}, ""net_income"": {""filed_date"": ""2026-06-05"", ""form_type"": ""10-Q""}, ""total_assets"": {""filed_date"": ""2026-06-05"", ""form_type"": ""10-Q""}, ""current_assets"": {""filed_date"": ""2026-06-05"", ""form_type"": ""10-Q""}, ""current_liabilities"": {""filed_date"": ""2026-06-05"", ""form_type"": ""10-Q""}, ""cash_and_equivalents"": {""filed_date"": ""2026-06-05"", ""form_type"": ""10-Q""}, ""ppe"": {""filed_date"": ""2026-06-05"", ""form_type"": ""10-Q""}, ""stockholders_equity"": {""filed_date"": ""2026-06-05"", ""form_type"": ""10-Q""}, ""operating_cash_flow"": {""filed_date"": ""2026-06-05"", ""form_type"": ""10-Q""}, ""capex"": {""filed_date"": ""2020-06-04"", ""form_type"": ""10-Q""}, ""shares_outstanding"": {""filed_date"": ""2026-06-05"", ""form_type"": ""10-Q""}}",631
PLD,"Prologis, Inc.",0.007215792223776251,0.008658950668531501,5,,0.01006122413072018,2,5,1,10,4,0.5606141384318302,0.5606141384318302,1.311779513959608,141.03,134025514293.08508,1513818750.0,0.0,2297723000.0,981976000.0,1211055000.0,Real Estate,0.17,2026-08-17T07:16:15.724009,True,True,2026-08-17T07:04:15.149357,"{""revenue"": {""filed_date"": ""2026-04-30"", ""form_type"": ""10-Q""}, ""operating_income"": {""filed_date"": ""2026-04-30"", ""form_type"": ""10-Q""}, ""net_income"": {""filed_date"": ""2026-04-30"", ""form_type"": ""10-Q""}, ""total_assets"": {""filed_date"": ""2026-04-30"", ""form_type"": ""10-Q""}, ""long_term_debt"": {""filed_date"": ""2026-04-30"", ""form_type"": ""10-Q""}, ""cash_and_equivalents"": {""filed_date"": ""2026-04-30"", ""form_type"": ""10-Q""}, ""ppe"": {""filed_date"": ""2026-02-13"", ""form_type"": ""10-K""}, ""stockholders_equity"": {""filed_date"": ""2026-04-30"", ""form_type"": ""10-Q""}, ""operating_cash_flow"": {""filed_date"": ""2026-04-30"", ""form_type"": ""10-Q""}, ""total_debt"": {""filed_date"": ""2026-04-30"", ""form_type"": ""10-Q""}, ""shares_outstanding"": {""filed_date"": ""2026-04-30"", ""form_type"": ""10-Q""}}",632
ETR,Entergy Corporation,0.007204414891923762,4.40872774340681,3,,0.04438725869775701,2,4,1,8,3,0.26005685736030515,0.26005685736030515,0.3517722623376006,107.84,50321539035.46442,715277500.0,0.0,3187626000.0,2356536000.0,572222000.0,Utilities,0.06,2026-08-17T07:16:15.728279,True,True,2026-08-17T07:04:15.149357,"{""revenue"": {""filed_date"": ""2026-05-01"", ""form_type"": ""10-Q""}, ""operating_income"": {""filed_date"": ""2026-05-01"", ""form_type"": ""10-Q""}, ""net_income"": {""filed_date"": ""2024-02-23"", ""form_type"": ""10-K""}, ""total_assets"": {""filed_date"": ""2026-05-01"", ""form_type"": ""10-Q""}, ""current_assets"": {""filed_date"": ""2026-05-01"", ""form_type"": ""10-Q""}, ""current_liabilities"": {""filed_date"": ""2026-05-01"", ""form_type"": ""10-Q""}, ""long_term_debt"": {""filed_date"": ""2026-05-01"", ""form_type"": ""10-Q""}, ""cash_and_equivalents"": {""filed_date"": ""2026-05-01"", ""form_type"": ""10-Q""}, ""ppe"": {""filed_date"": ""2026-05-01"", ""form_type"": ""10-Q""}, ""stockholders_equity"": {""filed_date"": ""2026-05-01"", ""form_type"": ""10-Q""}, ""operating_cash_flow"": {""filed_date"": ""2026-05-01"", ""form_type"": ""10-Q""}, ""capex"": {""filed_date"": ""2026-05-01"", ""form_type"": ""10-Q""}, ""total_debt"": {""filed_date"": ""2026-05-01"", ""form_type"": ""10-Q""}, ""shares_outstanding"": {""filed_date"": ""2026-05-01"", ""form_type"": ""10-Q""}}",633
CIEN,Ciena Corporation,0.007082922613681824,0.1677944383335814,5,,0.4182185296104706,3,5,1,10,4,0.16256924705307024,0.16256924705307024,1.3225048371383679,428.77,60693644810.79315,534103750.0,0.0,2997781000.0,368503000.0,427283000.0,Information Technology,0.02,2026-08-17T07:16:15.735211,True,True,2026-08-17T07:04:15.149357,"{""revenue"": {""filed_date"": ""2026-06-04"", ""form_type"": ""10-Q""}, ""operating_income"": {""filed_date"": ""2026-06-04"", ""form_type"": ""10-Q""}, ""net_income"": {""filed_date"": ""2026-06-04"", ""form_type"": ""10-Q""}, ""total_assets"": {""filed_date"": ""2026-06-04"", ""form_type"": ""10-Q""}, ""current_assets"": {""filed_date"": ""2026-06-04"", ""form_type"": ""10-Q""}, ""current_liabilities"": {""filed_date"": ""2026-06-04"", ""form_type"": ""10-Q""}, ""long_term_debt"": {""filed_date"": ""2022-12-16"", ""form_type"": ""10-K""}, ""cash_and_equivalents"": {""filed_date"": ""2026-06-04"", ""form_type"": ""10-Q""}, ""ppe"": {""filed_date"": ""2020-06-10"", ""form_type"": ""10-Q""}, ""stockholders_equity"": {""filed_date"": ""2026-06-04"", ""form_type"": ""10-Q""}, ""operating_cash_flow"": {""filed_date"": ""2026-06-04"", ""form_type"": ""10-Q""}, ""capex"": {""filed_date"": ""2026-06-04"", ""form_type"": ""10-Q""}, ""total_debt"": {""filed_date"": ""2022-12-16"", ""form_type"": ""10-K""}, ""shares_outstanding"": {""filed_date"": ""2026-06-04"", ""form_type"": ""10-Q""}}",634
VICI,VICI Properties Inc.,0.0070294633960203455,0.008435356075224415,4,,-0.0877711170345587,1,4,0,8,3,0.6548025879310129,0.6548025879310129,0.9722148156673298,26.36,29024405206.36441,401272500.0,0.0,2077026000.0,1398911000.0,321018000.0,Real Estate,0.06,2026-08-17T07:16:15.728644,True,True,2026-08-17T07:04:15.149357,"{""revenue"": {""filed_date"": ""2026-07-29"", ""form_type"": ""10-Q""}, ""operating_income"": {""filed_date"": ""2021-02-18"", ""form_type"": ""10-K""}, ""net_income"": {""filed_date"": ""2026-07-29"", ""form_type"": ""10-Q""}, ""total_assets"": {""filed_date"": ""2026-07-29"", ""form_type"": ""10-Q""}, ""long_term_debt"": {""filed_date"": ""2026-07-29"", ""form_type"": ""10-Q""}, ""cash_and_equivalents"": {""filed_date"": ""2026-07-29"", ""form_type"": ""10-Q""}, ""ppe"": {""filed_date"": ""2026-07-29"", ""form_type"": ""10-Q""}, ""stockholders_equity"": {""filed_date"": ""2026-07-29"", ""form_type"": ""10-Q""}, ""operating_cash_flow"": {""filed_date"": ""2026-07-29"", ""form_type"": ""10-Q""}, ""capex"": {""filed_date"": ""2020-02-20"", ""form_type"": ""10-K""}, ""total_debt"": {""filed_date"": ""2026-07-29"", ""form_type"": ""10-Q""}, ""shares_outstanding"": {""filed_date"": ""2026-07-29"", ""form_type"": ""10-Q""}}",635
MCHP,Microchip Technology Incorporated,0.0070051378046486566,0.14796590809243476,5,,0.013882026468484417,2,5,0,10,4,0.3867382428549826,0.3867382428549826,2.2258485639686683,79.17,42989997072.19139,421000000.0,0.0,1322600000.0,229800000.0,336800000.0,Information Technology,0.06,2026-08-17T07:16:15.728456,True,True,2026-08-17T07:04:15.149357,"{""revenue"": {""filed_date"": ""2019-08-07"", ""form_type"": ""10-Q""}, ""operating_income"": {""filed_date"": ""2026-08-06"", ""form_type"": ""10-Q""}, ""net_income"": {""filed_date"": ""2026-08-06"", ""form_type"": ""10-Q""}, ""total_assets"": {""filed_date"": ""2026-08-06"", ""form_type"": ""10-Q""}, ""current_assets"": {""filed_date"": ""2026-08-06"", ""form_type"": ""10-Q""}, ""current_liabilities"": {""filed_date"": ""2026-08-06"", ""form_type"": ""10-Q""}, ""long_term_debt"": {""filed_date"": ""2026-08-06"", ""form_type"": ""10-Q""}, ""cash_and_equivalents"": {""filed_date"": ""2026-08-06"", ""form_type"": ""10-Q""}, ""ppe"": {""filed_date"": ""2026-08-06"", ""form_type"": ""10-Q""}, ""stockholders_equity"": {""filed_date"": ""2026-08-06"", ""form_type"": ""10-Q""}, ""operating_cash_flow"": {""filed_date"": ""2026-08-06"", ""form_type"": ""10-Q""}, ""capex"": {""filed_date"": ""2026-08-06"", ""form_type"": ""10-Q""}, ""total_debt"": {""filed_date"": ""2026-08-06"", ""form_type"": ""10-Q""}, ""shares_outstanding"": {""filed_date"": ""2026-08-06"", ""form_type"": ""10-Q""}}",636
ELS,"Equity LifeStyle Properties, Inc.",0.0070049160338854005,0.008405899240662481,4,,-0.01666987024864103,1,5,0,9,3,0.48848403760355313,0.48848403760355313,1.7421316518822147,65.61,12732579771.037643,140460000.0,0.0,397622000.0,111491000.0,112368000.0,Real Estate,0.02,2026-08-17T07:16:15.736360,True,True,2026-08-17T07:04:15.149357,"{""revenue"": {""filed_date"": ""2026-04-28"", ""form_type"": ""10-Q""}, ""operating_income"": {""filed_date"": ""2026-04-28"", ""form_type"": ""10-Q""}, ""net_income"": {""filed_date"": ""2026-04-28"", ""form_type"": ""10-Q""}, ""total_assets"": {""filed_date"": ""2026-04-28"", ""form_type"": ""10-Q""}, ""long_term_debt"": {""filed_date"": ""2026-02-18"", ""form_type"": ""10-K""}, ""cash_and_equivalents"": {""filed_date"": ""2013-02-28"", ""form_type"": ""10-K""}, ""stockholders_equity"": {""filed_date"": ""2026-04-28"", ""form_type"": ""10-Q""}, ""operating_cash_flow"": {""filed_date"": ""2026-04-28"", ""form_type"": ""10-Q""}, ""total_debt"": {""filed_date"": ""2026-02-18"", ""form_type"": ""10-K""}, ""shares_outstanding"": {""filed_date"": ""2026-04-28"", ""form_type"": ""10-Q""}}",637
ON,ON Semiconductor Corporation,0.006997106431032596,0.025318329878590465,5,,0.14869378423804813,3,5,0,10,4,0.48316393555970405,0.48316393555970405,3.6132368148914167,82.66,32180508283.562103,256500000.0,0.0,1446300000.0,193400000.0,205200000.0,Information Technology,0.04,2026-08-17T07:16:15.731545,True,True,2026-08-17T07:04:15.149357,"{""revenue"": {""filed_date"": ""2021-02-16"", ""form_type"": ""10-K""}, ""operating_income"": {""filed_date"": ""2026-08-03"", ""form_type"": ""10-Q""}, ""net_income"": {""filed_date"": ""2026-08-03"", ""form_type"": ""10-Q""}, ""total_assets"": {""filed_date"": ""2026-08-03"", ""form_type"": ""10-Q""}, ""current_assets"": {""filed_date"": ""2026-08-03"", ""form_type"": ""10-Q""}, ""current_liabilities"": {""filed_date"": ""2026-08-03"", ""form_type"": ""10-Q""}, ""long_term_debt"": {""filed_date"": ""2026-08-03"", ""form_type"": ""10-Q""}, ""cash_and_equivalents"": {""filed_date"": ""2026-08-03"", ""form_type"": ""10-Q""}, ""ppe"": {""filed_date"": ""2026-08-03"", ""form_type"": ""10-Q""}, ""stockholders_equity"": {""filed_date"": ""2026-08-03"", ""form_type"": ""10-Q""}, ""operating_cash_flow"": {""filed_date"": ""2026-08-03"", ""form_type"": ""10-Q""}, ""capex"": {""filed_date"": ""2026-08-03"", ""form_type"": ""10-Q""}, ""total_debt"": {""filed_date"": ""2019-10-28"", ""form_type"": ""10-Q""}, ""shares_outstanding"": {""filed_date"": ""2026-08-03"", ""form_type"": ""10-Q""}}",638
HUBS,"HubSpot, Inc.",0.006973785909173903,0.09617476456663797,5,,-0.09368807730247855,1,5,0,10,3,2.927191679049034,2.927191679049034,5.554999209402836,224.14,11177010261.704086,89078750.0,0.0,144022000.0,75892000.0,71263000.0,Information Technology,0.04,2026-08-17T07:16:15.730784,True,True,2026-08-17T07:04:15.149357,"{""revenue"": {""filed_date"": ""2019-02-12"", ""form_type"": ""10-K""}, ""operating_income"": {""filed_date"": ""2026-08-05"", ""form_type"": ""10-Q""}, ""net_income"": {""filed_date"": ""2026-08-05"", ""form_type"": ""10-Q""}, ""total_assets"": {""filed_date"": ""2026-08-05"", ""form_type"": ""10-Q""}, ""current_assets"": {""filed_date"": ""2026-08-05"", ""form_type"": ""10-Q""}, ""current_liabilities"": {""filed_date"": ""2026-08-05"", ""form_type"": ""10-Q""}, ""cash_and_equivalents"": {""filed_date"": ""2026-08-05"", ""form_type"": ""10-Q""}, ""ppe"": {""filed_date"": ""2026-08-05"", ""form_type"": ""10-Q""}, ""stockholders_equity"": {""filed_date"": ""2026-08-05"", ""form_type"": ""10-Q""}, ""operating_cash_flow"": {""filed_date"": ""2026-08-05"", ""form_type"": ""10-Q""}, ""capex"": {""filed_date"": ""2026-08-05"", ""form_type"": ""10-Q""}, ""shares_outstanding"": {""filed_date"": ""2026-08-05"", ""form_type"": ""10-Q""}}",639
MTSI,"MACOM Technology Solutions Holdings, Inc.",0.006969771074997602,0.186727366900199,5,,0.28848897414387314,3,5,0,10,4,0.22324890009348652,0.22324890009348652,1.0293351582688988,316.44,24166817592.09247,214053750.0,0.0,902804000.0,195806000.0,171243000.0,Information Technology,0.01,2026-08-17T07:16:15.739675,True,True,2026-08-17T07:04:15.149357,"{""revenue"": {""filed_date"": ""2026-08-06"", ""form_type"": ""10-Q""}, ""operating_income"": {""filed_date"": ""2026-08-06"", ""form_type"": ""10-Q""}, ""net_income"": {""filed_date"": ""2026-08-06"", ""form_type"": ""10-Q""}, ""total_assets"": {""filed_date"": ""2026-08-06"", ""form_type"": ""10-Q""}, ""current_assets"": {""filed_date"": ""2026-08-06"", ""form_type"": ""10-Q""}, ""current_liabilities"": {""filed_date"": ""2026-08-06"", ""form_type"": ""10-Q""}, ""long_term_debt"": {""filed_date"": ""2021-04-29"", ""form_type"": ""10-Q""}, ""cash_and_equivalents"": {""filed_date"": ""2026-08-06"", ""form_type"": ""10-Q""}, ""ppe"": {""filed_date"": ""2026-08-06"", ""form_type"": ""10-Q""}, ""stockholders_equity"": {""filed_date"": ""2026-08-06"", ""form_type"": ""10-Q""}, ""operating_cash_flow"": {""filed_date"": ""2026-08-06"", ""form_type"": ""10-Q""}, ""capex"": {""filed_date"": ""2026-08-06"", ""form_type"": ""10-Q""}, ""total_debt"": {""filed_date"": ""2021-04-29"", ""form_type"": ""10-Q""}, ""shares_outstanding"": {""filed_date"": ""2025-11-14"", ""form_type"": ""10-K""}}",640
ABT,Abbott Laboratories,0.006771345060115651,0.06894607340578224,5,,0.0043327111079152665,2,4,2,10,4,0.1177893228233608,0.1177893228233608,1.2209842154131847,111.25,192505141680.0,1681250000.0,0.0,11164000000.0,1077000000.0,1345000000.0,Health Care,0.38,2026-08-17T07:16:15.722183,True,True,2026-08-17T07:04:15.149357,"{""revenue"": {""filed_date"": ""2026-04-29"", ""form_type"": ""10-Q""}, ""operating_income"": {""filed_date"": ""2026-04-29"", ""form_type"": ""10-Q""}, ""net_income"": {""filed_date"": ""2026-04-29"", ""form_type"": ""10-Q""}, ""total_assets"": {""filed_date"": ""2026-04-29"", ""form_type"": ""10-Q""}, ""current_assets"": {""filed_date"": ""2026-04-29"", ""form_type"": ""10-Q""}, ""current_liabilities"": {""filed_date"": ""2026-04-29"", ""form_type"": ""10-Q""}, ""long_term_debt"": {""filed_date"": ""2026-02-20"", ""form_type"": ""10-K""}, ""cash_and_equivalents"": {""filed_date"": ""2026-04-29"", ""form_type"": ""10-Q""}, ""ppe"": {""filed_date"": ""2026-04-29"", ""form_type"": ""10-Q""}, ""stockholders_equity"": {""filed_date"": ""2026-04-29"", ""form_type"": ""10-Q""}, ""operating_cash_flow"": {""filed_date"": ""2026-04-29"", ""form_type"": ""10-Q""}, ""capex"": {""filed_date"": ""2026-04-29"", ""form_type"": ""10-Q""}, ""total_debt"": {""filed_date"": ""2026-02-20"", ""form_type"": ""10-K""}, ""shares_outstanding"": {""filed_date"": ""2026-04-29"", ""form_type"": ""10-Q""}}",641
MAA,"Mid-America Apartment Communities, Inc.",0.006588700121453236,0.007906440145743883,5,,0.016969523234270534,2,5,0,10,4,0.27024967267145245,0.27024967267145245,1.2033226384901776,133.49,15487771677.257645,126966250.0,0.0,553725000.0,124359000.0,101573000.0,Real Estate,0.03,2026-08-17T07:16:15.733199,True,True,2026-08-17T07:04:15.149357,"{""revenue"": {""filed_date"": ""2026-04-30"", ""form_type"": ""10-Q""}, ""operating_income"": {""filed_date"": ""2013-11-07"", ""form_type"": ""10-Q""}, ""net_income"": {""filed_date"": ""2026-04-30"", ""form_type"": ""10-Q""}, ""total_assets"": {""filed_date"": ""2026-04-30"", ""form_type"": ""10-Q""}, ""cash_and_equivalents"": {""filed_date"": ""2026-04-30"", ""form_type"": ""10-Q""}, ""stockholders_equity"": {""filed_date"": ""2026-04-30"", ""form_type"": ""10-Q""}, ""operating_cash_flow"": {""filed_date"": ""2026-04-30"", ""form_type"": ""10-Q""}, ""shares_outstanding"": {""filed_date"": ""2026-04-30"", ""form_type"": ""10-Q""}}",642
WDAY,"Workday, Inc.",0.006563401320934317,0.2869269949066214,5,,0.3882056976951466,3,5,0,10,4,1.1250430377455172,1.1250430377455172,3.135135135135135,198.68,49068688998.832214,422500000.0,0.0,618643000.0,222000000.0,338000000.0,Information Technology,0.08,2026-08-17T07:16:15.726949,True,True,2026-08-17T07:04:15.149357,"{""revenue"": {""filed_date"": ""2018-06-01"", ""form_type"": ""10-Q""}, ""operating_income"": {""filed_date"": ""2026-05-22"", ""form_type"": ""10-Q""}, ""net_income"": {""filed_date"": ""2026-05-22"", ""form_type"": ""10-Q""}, ""total_assets"": {""filed_date"": ""2026-05-22"", ""form_type"": ""10-Q""}, ""current_assets"": {""filed_date"": ""2026-05-22"", ""form_type"": ""10-Q""}, ""current_liabilities"": {""filed_date"": ""2026-05-22"", ""form_type"": ""10-Q""}, ""long_term_debt"": {""filed_date"": ""2026-05-22"", ""form_type"": ""10-Q""}, ""cash_and_equivalents"": {""filed_date"": ""2026-05-22"", ""form_type"": ""10-Q""}, ""ppe"": {""filed_date"": ""2026-05-22"", ""form_type"": ""10-Q""}, ""stockholders_equity"": {""filed_date"": ""2026-05-22"", ""form_type"": ""10-Q""}, ""operating_cash_flow"": {""filed_date"": ""2026-05-22"", ""form_type"": ""10-Q""}, ""capex"": {""filed_date"": ""2026-05-22"", ""form_type"": ""10-Q""}, ""total_debt"": {""filed_date"": ""2026-05-22"", ""form_type"": ""10-Q""}, ""shares_outstanding"": {""filed_date"": ""2012-12-07"", ""form_type"": ""10-Q""}}",643
CLH,"Clean Harbors, Inc.",0.006554906456419345,0.04046088016149652,4,,0.19659590848037808,3,2,0,5,3,0.0025785195440479686,0.0025785195440479686,0.09963449945412256,321.98,16996438690.978027,148668750.0,0.0,2442099000.0,63201000.0,118935000.0,Industrials,0.02,2026-08-17T07:16:15.735303,True,True,2026-08-17T07:04:15.149357,"{""revenue"": {""filed_date"": ""2018-10-31"", ""form_type"": ""10-Q""}, ""operating_income"": {""filed_date"": ""2026-05-06"", ""form_type"": ""10-Q""}, ""net_income"": {""filed_date"": ""2026-05-06"", ""form_type"": ""10-Q""}, ""total_assets"": {""filed_date"": ""2026-05-06"", ""form_type"": ""10-Q""}, ""current_assets"": {""filed_date"": ""2026-05-06"", ""form_type"": ""10-Q""}, ""current_liabilities"": {""filed_date"": ""2026-05-06"", ""form_type"": ""10-Q""}, ""long_term_debt"": {""filed_date"": ""2018-10-31"", ""form_type"": ""10-Q""}, ""cash_and_equivalents"": {""filed_date"": ""2020-11-04"", ""form_type"": ""10-Q""}, ""ppe"": {""filed_date"": ""2020-11-04"", ""form_type"": ""10-Q""}, ""stockholders_equity"": {""filed_date"": ""2026-05-06"", ""form_type"": ""10-Q""}, ""operating_cash_flow"": {""filed_date"": ""2026-05-06"", ""form_type"": ""10-Q""}, ""capex"": {""filed_date"": ""2026-05-06"", ""form_type"": ""10-Q""}, ""total_debt"": {""filed_date"": ""2018-10-31"", ""form_type"": ""10-Q""}, ""shares_outstanding"": {""filed_date"": ""2026-05-06"", ""form_type"": ""10-Q""}}",644
VMC,Vulcan Materials Company,0.006510645946574897,0.027402069093687406,5,,-0.06153804124120717,1,3,0,7,2,0.03098215088860047,0.03098215088860047,1.456797583081571,282.0,36541204398.0,331750000.0,0.0,7781900000.0,165500000.0,265400000.0,Materials,0.06,2026-08-17T07:16:15.728248,True,True,2026-08-17T07:04:15.149357,"{""revenue"": {""filed_date"": ""2024-02-22"", ""form_type"": ""10-K""}, ""operating_income"": {""filed_date"": ""2026-04-29"", ""form_type"": ""10-Q""}, ""net_income"": {""filed_date"": ""2026-04-29"", ""form_type"": ""10-Q""}, ""total_assets"": {""filed_date"": ""2026-04-29"", ""form_type"": ""10-Q""}, ""current_assets"": {""filed_date"": ""2026-04-29"", ""form_type"": ""10-Q""}, ""current_liabilities"": {""filed_date"": ""2026-04-29"", ""form_type"": ""10-Q""}, ""long_term_debt"": {""filed_date"": ""2026-04-29"", ""form_type"": ""10-Q""}, ""cash_and_equivalents"": {""filed_date"": ""2026-04-29"", ""form_type"": ""10-Q""}, ""ppe"": {""filed_date"": ""2026-04-29"", ""form_type"": ""10-Q""}, ""stockholders_equity"": {""filed_date"": ""2026-04-29"", ""form_type"": ""10-Q""}, ""operating_cash_flow"": {""filed_date"": ""2026-04-29"", ""form_type"": ""10-Q""}, ""capex"": {""filed_date"": ""2026-04-29"", ""form_type"": ""10-Q""}, ""total_debt"": {""filed_date"": ""2026-04-29"", ""form_type"": ""10-Q""}, ""shares_outstanding"": {""filed_date"": ""2026-04-29"", ""form_type"": ""10-Q""}}",645
LYFT,"Lyft, Inc.",0.006474490983072962,0.0,5,,0.3142856610192656,3,5,0,10,4,0.18820772442618602,0.18820772442618602,10.188460585027268,17.48,6616883379.238026,52790000.0,0.0,3494033000.0,64544000.0,42232000.0,Industrials,0.01,2026-08-17T07:16:15.742682,True,True,2026-08-17T07:04:15.149357,"{""revenue"": {""filed_date"": ""2026-08-07"", ""form_type"": ""10-Q""}, ""operating_income"": {""filed_date"": ""2026-08-07"", ""form_type"": ""10-Q""}, ""net_income"": {""filed_date"": ""2026-08-07"", ""form_type"": ""10-Q""}, ""total_assets"": {""filed_date"": ""2026-08-07"", ""form_type"": ""10-Q""}, ""current_assets"": {""filed_date"": ""2026-08-07"", ""form_type"": ""10-Q""}, ""current_liabilities"": {""filed_date"": ""2026-08-07"", ""form_type"": ""10-Q""}, ""long_term_debt"": {""filed_date"": ""2026-08-07"", ""form_type"": ""10-Q""}, ""cash_and_equivalents"": {""filed_date"": ""2026-08-07"", ""form_type"": ""10-Q""}, ""ppe"": {""filed_date"": ""2020-11-12"", ""form_type"": ""10-Q""}, ""stockholders_equity"": {""filed_date"": ""2026-08-07"", ""form_type"": ""10-Q""}, ""operating_cash_flow"": {""filed_date"": ""2026-08-07"", ""form_type"": ""10-Q""}, ""total_debt"": {""filed_date"": ""2026-08-07"", ""form_type"": ""10-Q""}, ""shares_outstanding"": {""filed_date"": ""2020-02-28"", ""form_type"": ""10-K""}}",646
FBIN,"Fortune Brands Innovations, Inc.",0.006366419455162344,0.030217186024551465,3,,-0.07863513354166521,1,2,0,5,1,0.03861075189358951,0.03861075189358951,0.12174166302606669,47.84,5706997087.482731,64000000.0,0.0,2165200000.0,686700000.0,51200000.0,Industrials,0.01,2026-08-17T07:16:15.740217,True,True,2026-08-17T07:04:15.149357,"{""revenue"": {""filed_date"": ""2026-08-05"", ""form_type"": ""10-Q""}, ""operating_income"": {""filed_date"": ""2026-08-05"", ""form_type"": ""10-Q""}, ""net_income"": {""filed_date"": ""2023-02-28"", ""form_type"": ""10-K""}, ""total_assets"": {""filed_date"": ""2026-08-05"", ""form_type"": ""10-Q""}, ""current_assets"": {""filed_date"": ""2026-08-05"", ""form_type"": ""10-Q""}, ""current_liabilities"": {""filed_date"": ""2026-08-05"", ""form_type"": ""10-Q""}, ""long_term_debt"": {""filed_date"": ""2026-02-23"", ""form_type"": ""10-K""}, ""cash_and_equivalents"": {""filed_date"": ""2026-08-05"", ""form_type"": ""10-Q""}, ""ppe"": {""filed_date"": ""2026-08-05"", ""form_type"": ""10-Q""}, ""stockholders_equity"": {""filed_date"": ""2021-02-24"", ""form_type"": ""10-K""}, ""operating_cash_flow"": {""filed_date"": ""2026-08-05"", ""form_type"": ""10-Q""}, ""capex"": {""filed_date"": ""2026-08-05"", ""form_type"": ""10-Q""}, ""total_debt"": {""filed_date"": ""2026-02-23"", ""form_type"": ""10-K""}, ""shares_outstanding"": {""filed_date"": ""2026-02-23"", ""form_type"": ""10-K""}}",647
PEN,"Penumbra, Inc.",0.006253857061740139,0.0630620238905895,5,,-0.041081458568962455,1,5,0,10,3,0.17397267796716545,0.17397267796716545,1.9742562504636842,327.02,12881128349.694885,99091250.0,0.0,764804000.0,67395000.0,79273000.0,Health Care,0.02,2026-08-17T07:16:15.737576,True,True,2026-08-17T07:04:15.149357,"{""revenue"": {""filed_date"": ""2026-07-30"", ""form_type"": ""10-Q""}, ""operating_income"": {""filed_date"": ""2026-07-30"", ""form_type"": ""10-Q""}, ""net_income"": {""filed_date"": ""2026-07-30"", ""form_type"": ""10-Q""}, ""total_assets"": {""filed_date"": ""2026-07-30"", ""form_type"": ""10-Q""}, ""current_assets"": {""filed_date"": ""2026-07-30"", ""form_type"": ""10-Q""}, ""current_liabilities"": {""filed_date"": ""2026-07-30"", ""form_type"": ""10-Q""}, ""cash_and_equivalents"": {""filed_date"": ""2026-07-30"", ""form_type"": ""10-Q""}, ""ppe"": {""filed_date"": ""2026-07-30"", ""form_type"": ""10-Q""}, ""stockholders_equity"": {""filed_date"": ""2026-07-30"", ""form_type"": ""10-Q""}, ""operating_cash_flow"": {""filed_date"": ""2026-07-30"", ""form_type"": ""10-Q""}, ""capex"": {""filed_date"": ""2026-07-30"", ""form_type"": ""10-Q""}, ""shares_outstanding"": {""filed_date"": ""2026-02-25"", ""form_type"": ""10-K""}}",648
CAVA,"CAVA Group, Inc.",0.006225004312212792,0.06563884588105313,6,,0.17548565083970036,3,5,0,10,5,0.166752199686131,0.166752199686131,2.887748749543825,74.42,8692717041.281464,65128750.0,0.0,806706000.0,46583000.0,52103000.0,Consumer Discretionary,0.01,2026-08-17T07:16:15.741752,True,True,2026-08-17T07:04:15.149357,"{""revenue"": {""filed_date"": ""2026-08-12"", ""form_type"": ""10-Q""}, ""operating_income"": {""filed_date"": ""2026-08-12"", ""form_type"": ""10-Q""}, ""net_income"": {""filed_date"": ""2026-08-12"", ""form_type"": ""10-Q""}, ""total_assets"": {""filed_date"": ""2026-08-12"", ""form_type"": ""10-Q""}, ""current_assets"": {""filed_date"": ""2026-08-12"", ""form_type"": ""10-Q""}, ""current_liabilities"": {""filed_date"": ""2026-08-12"", ""form_type"": ""10-Q""}, ""cash_and_equivalents"": {""filed_date"": ""2026-08-12"", ""form_type"": ""10-Q""}, ""ppe"": {""filed_date"": ""2026-08-12"", ""form_type"": ""10-Q""}, ""stockholders_equity"": {""filed_date"": ""2026-08-12"", ""form_type"": ""10-Q""}, ""operating_cash_flow"": {""filed_date"": ""2026-08-12"", ""form_type"": ""10-Q""}, ""capex"": {""filed_date"": ""2026-08-12"", ""form_type"": ""10-Q""}, ""shares_outstanding"": {""filed_date"": ""2026-08-12"", ""form_type"": ""10-Q""}}",649
FWONK,Formula One Group,0.006164925054789755,0.056526589810338417,6,,0.19783265027352445,3,5,0,10,5,0.14266169154228855,0.14266169154228855,18.5,103.9,26048611974.05079,190000000.0,0.0,8040000000.0,62000000.0,152000000.0,Communication,0.04,2026-08-17T07:16:15.731604,True,True,2026-08-17T07:04:15.149357,"{""revenue"": {""filed_date"": ""2019-02-28"", ""form_type"": ""10-K""}, ""operating_income"": {""filed_date"": ""2026-08-06"", ""form_type"": ""10-Q""}, ""net_income"": {""filed_date"": ""2026-08-06"", ""form_type"": ""10-Q""}, ""total_assets"": {""filed_date"": ""2026-08-06"", ""form_type"": ""10-Q""}, ""current_assets"": {""filed_date"": ""2026-08-06"", ""form_type"": ""10-Q""}, ""current_liabilities"": {""filed_date"": ""2026-08-06"", ""form_type"": ""10-Q""}, ""long_term_debt"": {""filed_date"": ""2026-08-06"", ""form_type"": ""10-Q""}, ""cash_and_equivalents"": {""filed_date"": ""2026-08-06"", ""form_type"": ""10-Q""}, ""ppe"": {""filed_date"": ""2020-08-10"", ""form_type"": ""10-Q""}, ""stockholders_equity"": {""filed_date"": ""2026-02-26"", ""form_type"": ""10-K""}, ""operating_cash_flow"": {""filed_date"": ""2024-08-09"", ""form_type"": ""10-Q""}, ""capex"": {""filed_date"": ""2015-05-08"", ""form_type"": ""10-Q""}, ""total_debt"": {""filed_date"": ""2026-08-06"", ""form_type"": ""10-Q""}, ""shares_outstanding"": {""filed_date"": ""2016-05-09"", ""form_type"": ""10-Q""}}",650
CSGP,"CoStar Group, Inc.",0.006145804147230137,0.04519450800915332,5,,-0.2920857044183517,1,5,0,10,3,0.9754564917177533,0.9754564917177533,4.603448275862069,32.38,13120298332.237717,98750000.0,0.0,273718000.0,58000000.0,79000000.0,Real Estate,0.06,2026-08-17T07:16:15.728369,True,True,2026-08-17T07:04:15.149357,"{""revenue"": {""filed_date"": ""2018-04-25"", ""form_type"": ""10-Q""}, ""operating_income"": {""filed_date"": ""2026-07-29"", ""form_type"": ""10-Q""}, ""net_income"": {""filed_date"": ""2026-07-29"", ""form_type"": ""10-Q""}, ""total_assets"": {""filed_date"": ""2026-07-29"", ""form_type"": ""10-Q""}, ""current_assets"": {""filed_date"": ""2026-07-29"", ""form_type"": ""10-Q""}, ""current_liabilities"": {""filed_date"": ""2026-07-29"", ""form_type"": ""10-Q""}, ""long_term_debt"": {""filed_date"": ""2026-07-29"", ""form_type"": ""10-Q""}, ""cash_and_equivalents"": {""filed_date"": ""2026-07-29"", ""form_type"": ""10-Q""}, ""ppe"": {""filed_date"": ""2026-07-29"", ""form_type"": ""10-Q""}, ""stockholders_equity"": {""filed_date"": ""2026-07-29"", ""form_type"": ""10-Q""}, ""operating_cash_flow"": {""filed_date"": ""2026-07-29"", ""form_type"": ""10-Q""}, ""capex"": {""filed_date"": ""2026-07-29"", ""form_type"": ""10-Q""}, ""total_debt"": {""filed_date"": ""2026-07-29"", ""form_type"": ""10-Q""}, ""shares_outstanding"": {""filed_date"": ""2026-02-26"", ""form_type"": ""10-K""}}",651
W,Wayfair Inc.,0.006124140745924027,0.0,3,,0.19242043001926282,3,2,1,5,2,0.02940529228430908,0.02940529228430908,,101.63,13414803830.830788,116250000.0,0.0,10474305000.0,-106000000.0,93000000.0,Consumer Discretionary,0.01,2026-08-17T07:16:15.740322,True,True,2026-08-17T07:04:15.149357,"{""revenue"": {""filed_date"": ""2020-11-03"", ""form_type"": ""10-Q""}, ""operating_income"": {""filed_date"": ""2026-08-04"", ""form_type"": ""10-Q""}, ""net_income"": {""filed_date"": ""2026-08-04"", ""form_type"": ""10-Q""}, ""total_assets"": {""filed_date"": ""2026-08-04"", ""form_type"": ""10-Q""}, ""current_assets"": {""filed_date"": ""2026-08-04"", ""form_type"": ""10-Q""}, ""current_liabilities"": {""filed_date"": ""2026-08-04"", ""form_type"": ""10-Q""}, ""long_term_debt"": {""filed_date"": ""2026-08-04"", ""form_type"": ""10-Q""}, ""cash_and_equivalents"": {""filed_date"": ""2026-08-04"", ""form_type"": ""10-Q""}, ""ppe"": {""filed_date"": ""2026-08-04"", ""form_type"": ""10-Q""}, ""stockholders_equity"": {""filed_date"": ""2026-08-04"", ""form_type"": ""10-Q""}, ""operating_cash_flow"": {""filed_date"": ""2026-08-04"", ""form_type"": ""10-Q""}, ""capex"": {""filed_date"": ""2026-08-04"", ""form_type"": ""10-Q""}, ""total_debt"": {""filed_date"": ""2026-08-04"", ""form_type"": ""10-Q""}, ""shares_outstanding"": {""filed_date"": ""2026-08-04"", ""form_type"": ""10-Q""}}",652
GWRE,"Guidewire Software, Inc.",0.0059467833728991245,0.11155307422007385,5,,0.435849170196512,3,5,0,10,4,0.14708539375189364,0.14708539375189364,7.189049656952653,175.59,14618984649.866089,109445000.0,0.0,719514000.0,14721000.0,87556000.0,Information Technology,0.03,2026-08-17T07:16:15.732743,True,True,2026-08-17T07:04:15.149357,"{""revenue"": {""filed_date"": ""2019-09-30"", ""form_type"": ""10-K""}, ""operating_income"": {""filed_date"": ""2026-06-05"", ""form_type"": ""10-Q""}, ""net_income"": {""filed_date"": ""2014-09-17"", ""form_type"": ""10-K""}, ""total_assets"": {""filed_date"": ""2026-06-05"", ""form_type"": ""10-Q""}, ""current_assets"": {""filed_date"": ""2026-06-05"", ""form_type"": ""10-Q""}, ""current_liabilities"": {""filed_date"": ""2026-06-05"", ""form_type"": ""10-Q""}, ""long_term_debt"": {""filed_date"": ""2024-09-16"", ""form_type"": ""10-K""}, ""cash_and_equivalents"": {""filed_date"": ""2026-06-05"", ""form_type"": ""10-Q""}, ""ppe"": {""filed_date"": ""2026-06-05"", ""form_type"": ""10-Q""}, ""stockholders_equity"": {""filed_date"": ""2026-06-05"", ""form_type"": ""10-Q""}, ""operating_cash_flow"": {""filed_date"": ""2026-06-05"", ""form_type"": ""10-Q""}, ""capex"": {""filed_date"": ""2026-06-05"", ""form_type"": ""10-Q""}, ""total_debt"": {""filed_date"": ""2024-09-16"", ""form_type"": ""10-K""}, ""shares_outstanding"": {""filed_date"": ""2025-09-11"", ""form_type"": ""10-K""}}",653
XYZ,"Block, Inc.",0.0055998389533079476,0.02121038552699837,3,,0.6311748674146856,3,4,1,8,3,0.15664607471959127,0.15664607471959127,,82.88,49793887949.86725,343600000.0,0.0,12674534000.0,-220164000.0,274880000.0,Financials,0.07,2026-08-17T07:16:15.727648,True,True,2026-08-17T07:04:15.149357,"{""revenue"": {""filed_date"": ""2026-08-05"", ""form_type"": ""10-Q""}, ""operating_income"": {""filed_date"": ""2026-08-05"", ""form_type"": ""10-Q""}, ""net_income"": {""filed_date"": ""2026-08-05"", ""form_type"": ""10-Q""}, ""total_assets"": {""filed_date"": ""2026-08-05"", ""form_type"": ""10-Q""}, ""current_assets"": {""filed_date"": ""2026-08-05"", ""form_type"": ""10-Q""}, ""current_liabilities"": {""filed_date"": ""2026-08-05"", ""form_type"": ""10-Q""}, ""long_term_debt"": {""filed_date"": ""2026-08-05"", ""form_type"": ""10-Q""}, ""cash_and_equivalents"": {""filed_date"": ""2026-08-05"", ""form_type"": ""10-Q""}, ""ppe"": {""filed_date"": ""2026-08-05"", ""form_type"": ""10-Q""}, ""stockholders_equity"": {""filed_date"": ""2026-08-05"", ""form_type"": ""10-Q""}, ""operating_cash_flow"": {""filed_date"": ""2026-08-05"", ""form_type"": ""10-Q""}, ""capex"": {""filed_date"": ""2026-08-05"", ""form_type"": ""10-Q""}, ""total_debt"": {""filed_date"": ""2026-08-05"", ""form_type"": ""10-Q""}, ""shares_outstanding"": {""filed_date"": ""2026-08-05"", ""form_type"": ""10-Q""}}",654
FHN,First Horizon Corporation,0.005425434228516926,0.0065105210742203105,5,,0.07359096969799679,2,5,0,10,4,0.49342481417953116,0.49342481417953116,1.6161048689138577,26.22,12422436757.443043,99598750.0,0.0,1749000000.0,534000000.0,79679000.0,Financials,0.02,2026-08-17T07:16:15.736535,True,True,2026-08-17T07:04:15.149357,"{""revenue"": {""filed_date"": ""2026-08-06"", ""form_type"": ""10-Q""}, ""operating_income"": {""filed_date"": ""2016-02-25"", ""form_type"": ""10-K""}, ""net_income"": {""filed_date"": ""2026-08-06"", ""form_type"": ""10-Q""}, ""total_assets"": {""filed_date"": ""2026-08-06"", ""form_type"": ""10-Q""}, ""long_term_debt"": {""filed_date"": ""2011-02-25"", ""form_type"": ""10-K""}, ""cash_and_equivalents"": {""filed_date"": ""2012-05-08"", ""form_type"": ""10-Q""}, ""ppe"": {""filed_date"": ""2026-08-06"", ""form_type"": ""10-Q""}, ""stockholders_equity"": {""filed_date"": ""2026-08-06"", ""form_type"": ""10-Q""}, ""operating_cash_flow"": {""filed_date"": ""2026-08-06"", ""form_type"": ""10-Q""}, ""capex"": {""filed_date"": ""2026-08-06"", ""form_type"": ""10-Q""}, ""total_debt"": {""filed_date"": ""2011-02-25"", ""form_type"": ""10-K""}, ""shares_outstanding"": {""filed_date"": ""2017-02-27"", ""form_type"": ""10-K""}}",655
DT,"Dynatrace, Inc.",0.005350508060565789,0.19422245530704246,5,,0.34152328574247826,3,5,0,10,4,0.5522335307313343,0.5522335307313343,8.355570107227633,49.14,14201564393.5271,89345000.0,0.0,554548000.0,36651000.0,71476000.0,Information Technology,0.02,2026-08-17T07:16:15.734276,True,True,2026-08-17T07:04:15.149357,"{""revenue"": {""filed_date"": ""2026-08-05"", ""form_type"": ""10-Q""}, ""operating_income"": {""filed_date"": ""2026-08-05"", ""form_type"": ""10-Q""}, ""net_income"": {""filed_date"": ""2026-08-05"", ""form_type"": ""10-Q""}, ""total_assets"": {""filed_date"": ""2026-08-05"", ""form_type"": ""10-Q""}, ""current_assets"": {""filed_date"": ""2026-08-05"", ""form_type"": ""10-Q""}, ""current_liabilities"": {""filed_date"": ""2026-08-05"", ""form_type"": ""10-Q""}, ""long_term_debt"": {""filed_date"": ""2022-11-02"", ""form_type"": ""10-Q""}, ""cash_and_equivalents"": {""filed_date"": ""2026-08-05"", ""form_type"": ""10-Q""}, ""ppe"": {""filed_date"": ""2026-08-05"", ""form_type"": ""10-Q""}, ""stockholders_equity"": {""filed_date"": ""2026-08-05"", ""form_type"": ""10-Q""}, ""operating_cash_flow"": {""filed_date"": ""2026-08-05"", ""form_type"": ""10-Q""}, ""capex"": {""filed_date"": ""2026-08-05"", ""form_type"": ""10-Q""}, ""total_debt"": {""filed_date"": ""2022-11-02"", ""form_type"": ""10-Q""}, ""shares_outstanding"": {""filed_date"": ""2026-08-05"", ""form_type"": ""10-Q""}}",656
TWLO,Twilio Inc.,0.00523004247983035,0.06246764283868787,4,,1.1955940790721464,3,4,0,8,4,4.070688373245764,4.070688373245764,0.4541339337865534,238.2,36581616935.32562,240265000.0,0.0,129116000.0,1157348000.0,192212000.0,Information Technology,0.03,2026-08-17T07:16:15.733932,True,True,2026-08-17T07:04:15.149357,"{""revenue"": {""filed_date"": ""2018-05-10"", ""form_type"": ""10-Q""}, ""operating_income"": {""filed_date"": ""2026-08-07"", ""form_type"": ""10-Q""}, ""net_income"": {""filed_date"": ""2026-08-07"", ""form_type"": ""10-Q""}, ""total_assets"": {""filed_date"": ""2026-08-07"", ""form_type"": ""10-Q""}, ""current_assets"": {""filed_date"": ""2026-08-07"", ""form_type"": ""10-Q""}, ""current_liabilities"": {""filed_date"": ""2026-08-07"", ""form_type"": ""10-Q""}, ""long_term_debt"": {""filed_date"": ""2026-08-07"", ""form_type"": ""10-Q""}, ""cash_and_equivalents"": {""filed_date"": ""2026-08-07"", ""form_type"": ""10-Q""}, ""ppe"": {""filed_date"": ""2021-02-26"", ""form_type"": ""10-K""}, ""stockholders_equity"": {""filed_date"": ""2026-08-07"", ""form_type"": ""10-Q""}, ""operating_cash_flow"": {""filed_date"": ""2026-08-07"", ""form_type"": ""10-Q""}, ""capex"": {""filed_date"": ""2022-11-04"", ""form_type"": ""10-Q""}, ""total_debt"": {""filed_date"": ""2026-08-07"", ""form_type"": ""10-Q""}, ""shares_outstanding"": {""filed_date"": ""2026-02-24"", ""form_type"": ""10-K""}}",657
TLN,Talen Energy Corporation,0.005164396620616452,0.011855670103092783,2,,-0.06577729634597823,1,2,0,4,1,0.014392324093816631,0.014392324093816631,,362.74,17380417841.747314,172500000.0,0.0,1876000000.0,-29000000.0,138000000.0,Utilities,0.03,2026-08-17T07:16:15.733557,True,True,2026-08-17T07:04:15.149357,"{""revenue"": {""filed_date"": ""2026-08-05"", ""form_type"": ""10-Q""}, ""operating_income"": {""filed_date"": ""2026-08-05"", ""form_type"": ""10-Q""}, ""net_income"": {""filed_date"": ""2026-08-05"", ""form_type"": ""10-Q""}, ""total_assets"": {""filed_date"": ""2026-08-05"", ""form_type"": ""10-Q""}, ""current_assets"": {""filed_date"": ""2026-08-05"", ""form_type"": ""10-Q""}, ""current_liabilities"": {""filed_date"": ""2026-08-05"", ""form_type"": ""10-Q""}, ""long_term_debt"": {""filed_date"": ""2026-08-05"", ""form_type"": ""10-Q""}, ""cash_and_equivalents"": {""filed_date"": ""2026-08-05"", ""form_type"": ""10-Q""}, ""ppe"": {""filed_date"": ""2026-08-05"", ""form_type"": ""10-Q""}, ""stockholders_equity"": {""filed_date"": ""2026-08-05"", ""form_type"": ""10-Q""}, ""operating_cash_flow"": {""filed_date"": ""2026-08-05"", ""form_type"": ""10-Q""}, ""capex"": {""filed_date"": ""2026-08-05"", ""form_type"": ""10-Q""}, ""total_debt"": {""filed_date"": ""2026-08-05"", ""form_type"": ""10-Q""}, ""shares_outstanding"": {""filed_date"": ""2026-08-05"", ""form_type"": ""10-Q""}}",658
ONTO,Onto Innovation Inc.,0.005102709902028657,0.03891880274882288,4,,0.5057878322426694,3,4,0,8,4,0.1382963982376968,0.1382963982376968,0.935824489621958,331.71,20275254433.265015,121330000.0,0.0,635078000.0,93852000.0,97064000.0,Information Technology,0.01,2026-08-17T07:16:15.744989,True,True,2026-08-17T07:04:15.149357,"{""revenue"": {""filed_date"": ""2026-08-06"", ""form_type"": ""10-Q""}, ""operating_income"": {""filed_date"": ""2026-08-06"", ""form_type"": ""10-Q""}, ""net_income"": {""filed_date"": ""2026-08-06"", ""form_type"": ""10-Q""}, ""total_assets"": {""filed_date"": ""2026-08-06"", ""form_type"": ""10-Q""}, ""current_assets"": {""filed_date"": ""2026-08-06"", ""form_type"": ""10-Q""}, ""current_liabilities"": {""filed_date"": ""2026-08-06"", ""form_type"": ""10-Q""}, ""long_term_debt"": {""filed_date"": ""2014-03-07"", ""form_type"": ""10-K""}, ""cash_and_equivalents"": {""filed_date"": ""2026-08-06"", ""form_type"": ""10-Q""}, ""ppe"": {""filed_date"": ""2026-08-06"", ""form_type"": ""10-Q""}, ""stockholders_equity"": {""filed_date"": ""2026-08-06"", ""form_type"": ""10-Q""}, ""operating_cash_flow"": {""filed_date"": ""2026-08-06"", ""form_type"": ""10-Q""}, ""capex"": {""filed_date"": ""2026-08-06"", ""form_type"": ""10-Q""}, ""total_debt"": {""filed_date"": ""2014-03-07"", ""form_type"": ""10-K""}, ""shares_outstanding"": {""filed_date"": ""2026-08-06"", ""form_type"": ""10-Q""}}",659
NOW,"ServiceNow, Inc.",0.005071268944659324,0.0,5,,0.17080536032841764,3,5,1,10,4,1.8495785386608625,1.8495785386608625,2.9426336375488917,124.0,128198888000.0,831250000.0,0.0,1220278000.0,767000000.0,665000000.0,Information Technology,0.31,2026-08-17T07:16:15.722661,True,True,2026-08-17T07:04:15.149357,"{""revenue"": {""filed_date"": ""2018-08-08"", ""form_type"": ""10-Q""}, ""operating_income"": {""filed_date"": ""2026-07-23"", ""form_type"": ""10-Q""}, ""net_income"": {""filed_date"": ""2026-07-23"", ""form_type"": ""10-Q""}, ""total_assets"": {""filed_date"": ""2026-07-23"", ""form_type"": ""10-Q""}, ""current_assets"": {""filed_date"": ""2026-07-23"", ""form_type"": ""10-Q""}, ""current_liabilities"": {""filed_date"": ""2026-07-23"", ""form_type"": ""10-Q""}, ""long_term_debt"": {""filed_date"": ""2026-07-23"", ""form_type"": ""10-Q""}, ""cash_and_equivalents"": {""filed_date"": ""2026-07-23"", ""form_type"": ""10-Q""}, ""ppe"": {""filed_date"": ""2026-07-23"", ""form_type"": ""10-Q""}, ""stockholders_equity"": {""filed_date"": ""2026-07-23"", ""form_type"": ""10-Q""}, ""operating_cash_flow"": {""filed_date"": ""2026-07-23"", ""form_type"": ""10-Q""}, ""capex"": {""filed_date"": ""2026-07-23"", ""form_type"": ""10-Q""}, ""total_debt"": {""filed_date"": ""2026-07-23"", ""form_type"": ""10-Q""}, ""shares_outstanding"": {""filed_date"": ""2026-07-23"", ""form_type"": ""10-Q""}}",660
O,Realty Income Corporation,0.004984905030503075,0.00598188603660369,5,,-0.03181453739721769,1,5,1,10,3,0.6522284638026016,0.6522284638026016,1.9078066106802445,62.74,59364715068.16864,395596250.0,0.0,3096438000.0,1058590000.0,316477000.0,Real Estate,0.09,2026-08-17T07:16:15.726567,True,True,2026-08-17T07:04:15.149357,"{""revenue"": {""filed_date"": ""2026-08-06"", ""form_type"": ""10-Q""}, ""operating_income"": {""filed_date"": ""2017-02-23"", ""form_type"": ""10-K""}, ""net_income"": {""filed_date"": ""2026-02-25"", ""form_type"": ""10-K""}, ""total_assets"": {""filed_date"": ""2026-08-06"", ""form_type"": ""10-Q""}, ""long_term_debt"": {""filed_date"": ""2017-04-26"", ""form_type"": ""10-Q""}, ""cash_and_equivalents"": {""filed_date"": ""2026-08-06"", ""form_type"": ""10-Q""}, ""stockholders_equity"": {""filed_date"": ""2026-08-06"", ""form_type"": ""10-Q""}, ""operating_cash_flow"": {""filed_date"": ""2026-08-06"", ""form_type"": ""10-Q""}, ""total_debt"": {""filed_date"": ""2017-04-26"", ""form_type"": ""10-Q""}, ""shares_outstanding"": {""filed_date"": ""2026-08-06"", ""form_type"": ""10-Q""}}",661
CARR,Carrier Global Corporation,0.004932502987132357,0.07285513361462728,4,,-0.04816843533266506,1,2,1,6,2,0.014791237595955813,0.014791237595955813,0.3319327731092437,62.78,52143837942.04788,323750000.0,0.0,5341000000.0,238000000.0,259000000.0,Industrials,0.09,2026-08-17T07:16:15.726323,True,True,2026-08-17T07:04:15.149357,"{""revenue"": {""filed_date"": ""2026-04-30"", ""form_type"": ""10-Q""}, ""operating_income"": {""filed_date"": ""2026-04-30"", ""form_type"": ""10-Q""}, ""net_income"": {""filed_date"": ""2026-04-30"", ""form_type"": ""10-Q""}, ""total_assets"": {""filed_date"": ""2026-04-30"", ""form_type"": ""10-Q""}, ""current_assets"": {""filed_date"": ""2026-04-30"", ""form_type"": ""10-Q""}, ""current_liabilities"": {""filed_date"": ""2026-04-30"", ""form_type"": ""10-Q""}, ""long_term_debt"": {""filed_date"": ""2021-02-09"", ""form_type"": ""10-K""}, ""cash_and_equivalents"": {""filed_date"": ""2026-04-30"", ""form_type"": ""10-Q""}, ""ppe"": {""filed_date"": ""2026-04-30"", ""form_type"": ""10-Q""}, ""stockholders_equity"": {""filed_date"": ""2020-05-11"", ""form_type"": ""10-Q""}, ""operating_cash_flow"": {""filed_date"": ""2026-04-30"", ""form_type"": ""10-Q""}, ""total_debt"": {""filed_date"": ""2026-04-30"", ""form_type"": ""10-Q""}, ""shares_outstanding"": {""filed_date"": ""2026-02-05"", ""form_type"": ""10-K""}}",662
CDNS,"Cadence Design Systems, Inc.",0.004898877950053179,0.2774185664348033,5,,0.1459113000632939,3,5,1,10,4,0.24133575721398434,0.24133575721398434,1.059947565989394,324.82,89453156277.03857,539161250.0,0.0,1474220000.0,335660000.0,431329000.0,Information Technology,0.16,2026-08-17T07:16:15.724344,True,True,2026-08-17T07:04:15.149357,"{""revenue"": {""filed_date"": ""2026-05-01"", ""form_type"": ""10-Q""}, ""operating_income"": {""filed_date"": ""2026-05-01"", ""form_type"": ""10-Q""}, ""net_income"": {""filed_date"": ""2026-05-01"", ""form_type"": ""10-Q""}, ""total_assets"": {""filed_date"": ""2026-05-01"", ""form_type"": ""10-Q""}, ""current_assets"": {""filed_date"": ""2026-05-01"", ""form_type"": ""10-Q""}, ""current_liabilities"": {""filed_date"": ""2026-05-01"", ""form_type"": ""10-Q""}, ""cash_and_equivalents"": {""filed_date"": ""2026-05-01"", ""form_type"": ""10-Q""}, ""ppe"": {""filed_date"": ""2026-05-01"", ""form_type"": ""10-Q""}, ""stockholders_equity"": {""filed_date"": ""2026-05-01"", ""form_type"": ""10-Q""}, ""operating_cash_flow"": {""filed_date"": ""2026-05-01"", ""form_type"": ""10-Q""}, ""capex"": {""filed_date"": ""2026-05-01"", ""form_type"": ""10-Q""}, ""shares_outstanding"": {""filed_date"": ""2026-02-19"", ""form_type"": ""10-K""}}",663
GLW,Corning Incorporated,0.004493946233704966,0.034737700462082084,4,,0.27608560852988434,3,2,1,6,3,0.08735521235521236,0.08735521235521236,0.9757412398921833,165.99,142691287293.8816,798750000.0,0.0,4144000000.0,371000000.0,639000000.0,Information Technology,0.09,2026-08-17T07:16:15.726768,True,True,2026-08-17T07:04:15.149357,"{""revenue"": {""filed_date"": ""2026-05-01"", ""form_type"": ""10-Q""}, ""operating_income"": {""filed_date"": ""2026-05-01"", ""form_type"": ""10-Q""}, ""net_income"": {""filed_date"": ""2026-05-01"", ""form_type"": ""10-Q""}, ""total_assets"": {""filed_date"": ""2026-05-01"", ""form_type"": ""10-Q""}, ""current_assets"": {""filed_date"": ""2026-05-01"", ""form_type"": ""10-Q""}, ""current_liabilities"": {""filed_date"": ""2026-05-01"", ""form_type"": ""10-Q""}, ""long_term_debt"": {""filed_date"": ""2013-02-13"", ""form_type"": ""10-K""}, ""cash_and_equivalents"": {""filed_date"": ""2026-05-01"", ""form_type"": ""10-Q""}, ""ppe"": {""filed_date"": ""2026-05-01"", ""form_type"": ""10-Q""}, ""stockholders_equity"": {""filed_date"": ""2026-05-01"", ""form_type"": ""10-Q""}, ""operating_cash_flow"": {""filed_date"": ""2026-05-01"", ""form_type"": ""10-Q""}, ""total_debt"": {""filed_date"": ""2026-05-01"", ""form_type"": ""10-Q""}, ""shares_outstanding"": {""filed_date"": ""2026-05-01"", ""form_type"": ""10-Q""}}",664
MS,Morgan Stanley,0.004248191262042492,0.00509782951445099,3,,0.28093185558941425,3,0,2,3,1,-0.5010178117048346,,-0.8831180480803732,217.36,341689920959.47266,2998750000.0,0.0,19650000000.0,11148000000.0,2399000000.0,Financials,0.29,2026-08-17T07:16:15.722879,True,True,2026-08-17T07:04:15.149357,"{""revenue"": {""filed_date"": ""2015-08-04"", ""form_type"": ""10-Q""}, ""operating_income"": {""filed_date"": ""2015-05-04"", ""form_type"": ""10-Q""}, ""net_income"": {""filed_date"": ""2026-08-04"", ""form_type"": ""10-Q""}, ""total_assets"": {""filed_date"": ""2026-08-04"", ""form_type"": ""10-Q""}, ""long_term_debt"": {""filed_date"": ""2026-08-04"", ""form_type"": ""10-Q""}, ""cash_and_equivalents"": {""filed_date"": ""2026-08-04"", ""form_type"": ""10-Q""}, ""ppe"": {""filed_date"": ""2016-02-23"", ""form_type"": ""10-K""}, ""stockholders_equity"": {""filed_date"": ""2026-08-04"", ""form_type"": ""10-Q""}, ""operating_cash_flow"": {""filed_date"": ""2026-08-04"", ""form_type"": ""10-Q""}, ""total_debt"": {""filed_date"": ""2026-08-04"", ""form_type"": ""10-Q""}, ""shares_outstanding"": {""filed_date"": ""2026-08-04"", ""form_type"": ""10-Q""}}",665
AMD,"Advanced Micro Devices, Inc.",0.004152674350814496,0.151486013986014,5,,1.5329427319799136,3,5,1,10,4,1.3598262202913365,1.3598262202913365,1.4459239130434782,514.39,839728860767.5886,4332500000.0,0.0,3913000000.0,3680000000.0,3466000000.0,Information Technology,0.45,2026-08-17T07:16:15.722029,True,True,2026-08-17T07:04:15.149357,"{""revenue"": {""filed_date"": ""2018-10-31"", ""form_type"": ""10-Q""}, ""operating_income"": {""filed_date"": ""2026-08-05"", ""form_type"": ""10-Q""}, ""net_income"": {""filed_date"": ""2026-08-05"", ""form_type"": ""10-Q""}, ""total_assets"": {""filed_date"": ""2026-08-05"", ""form_type"": ""10-Q""}, ""current_assets"": {""filed_date"": ""2026-08-05"", ""form_type"": ""10-Q""}, ""current_liabilities"": {""filed_date"": ""2026-08-05"", ""form_type"": ""10-Q""}, ""long_term_debt"": {""filed_date"": ""2022-02-03"", ""form_type"": ""10-K""}, ""cash_and_equivalents"": {""filed_date"": ""2026-08-05"", ""form_type"": ""10-Q""}, ""ppe"": {""filed_date"": ""2026-08-05"", ""form_type"": ""10-Q""}, ""stockholders_equity"": {""filed_date"": ""2026-08-05"", ""form_type"": ""10-Q""}, ""operating_cash_flow"": {""filed_date"": ""2026-08-05"", ""form_type"": ""10-Q""}, ""capex"": {""filed_date"": ""2026-08-05"", ""form_type"": ""10-Q""}, ""total_debt"": {""filed_date"": ""2020-02-04"", ""form_type"": ""10-K""}, ""shares_outstanding"": {""filed_date"": ""2026-08-05"", ""form_type"": ""10-Q""}}",666
LYV,"Live Nation Entertainment, Inc.",0.004142605502481871,0.11162079848892684,3,,0.19634360549893712,3,4,1,8,3,0.24067497349668457,0.24067497349668457,,188.46,43903549876.35918,189251250.0,0.0,11459887000.0,-94658000.0,151401000.0,Communication,0.04,2026-08-17T07:16:15.730028,True,True,2026-08-17T07:04:15.149357,"{""revenue"": {""filed_date"": ""2026-07-30"", ""form_type"": ""10-Q""}, ""operating_income"": {""filed_date"": ""2026-07-30"", ""form_type"": ""10-Q""}, ""net_income"": {""filed_date"": ""2026-07-30"", ""form_type"": ""10-Q""}, ""total_assets"": {""filed_date"": ""2026-07-30"", ""form_type"": ""10-Q""}, ""current_assets"": {""filed_date"": ""2026-07-30"", ""form_type"": ""10-Q""}, ""current_liabilities"": {""filed_date"": ""2026-07-30"", ""form_type"": ""10-Q""}, ""long_term_debt"": {""filed_date"": ""2012-02-24"", ""form_type"": ""10-K""}, ""cash_and_equivalents"": {""filed_date"": ""2026-07-30"", ""form_type"": ""10-Q""}, ""ppe"": {""filed_date"": ""2026-07-30"", ""form_type"": ""10-Q""}, ""stockholders_equity"": {""filed_date"": ""2026-07-30"", ""form_type"": ""10-Q""}, ""operating_cash_flow"": {""filed_date"": ""2026-07-30"", ""form_type"": ""10-Q""}, ""capex"": {""filed_date"": ""2026-07-30"", ""form_type"": ""10-Q""}, ""total_debt"": {""filed_date"": ""2012-02-24"", ""form_type"": ""10-K""}, ""shares_outstanding"": {""filed_date"": ""2026-02-19"", ""form_type"": ""10-K""}}",667
SNPS,"Synopsys, Inc.",0.004131395444314291,0.13698720636251605,5,,-0.0010665059699309831,1,5,1,10,3,0.29238487057668716,0.29238487057668716,18.10518747791331,421.5,80708535487.5,404340000.0,0.0,5081542000.0,82063000.0,323472000.0,Information Technology,0.19,2026-08-17T07:16:15.723909,True,True,2026-08-17T07:04:15.149357,"{""revenue"": {""filed_date"": ""2022-12-12"", ""form_type"": ""10-K""}, ""operating_income"": {""filed_date"": ""2026-05-27"", ""form_type"": ""10-Q""}, ""net_income"": {""filed_date"": ""2026-05-27"", ""form_type"": ""10-Q""}, ""total_assets"": {""filed_date"": ""2026-05-27"", ""form_type"": ""10-Q""}, ""current_assets"": {""filed_date"": ""2026-05-27"", ""form_type"": ""10-Q""}, ""current_liabilities"": {""filed_date"": ""2026-05-27"", ""form_type"": ""10-Q""}, ""long_term_debt"": {""filed_date"": ""2026-05-27"", ""form_type"": ""10-Q""}, ""cash_and_equivalents"": {""filed_date"": ""2026-05-27"", ""form_type"": ""10-Q""}, ""ppe"": {""filed_date"": ""2026-05-27"", ""form_type"": ""10-Q""}, ""stockholders_equity"": {""filed_date"": ""2026-05-27"", ""form_type"": ""10-Q""}, ""operating_cash_flow"": {""filed_date"": ""2026-05-27"", ""form_type"": ""10-Q""}, ""capex"": {""filed_date"": ""2026-05-27"", ""form_type"": ""10-Q""}, ""total_debt"": {""filed_date"": ""2022-12-12"", ""form_type"": ""10-K""}, ""shares_outstanding"": {""filed_date"": ""2026-05-27"", ""form_type"": ""10-Q""}}",668
AMH,American Homes 4 Rent,0.004005674868285288,0.004806809841942345,5,,0.10548368348052091,3,5,0,10,4,0.419068239383989,0.419068239383989,2.0534437475662197,34.08,12262496506.360977,86667500.0,0.0,1182836000.0,241394000.0,69334000.0,Real Estate,0.02,2026-08-17T07:16:15.735676,True,True,2026-08-17T07:04:15.149357,"{""revenue"": {""filed_date"": ""2021-02-26"", ""form_type"": ""10-K""}, ""operating_income"": {""filed_date"": ""2020-08-07"", ""form_type"": ""10-Q""}, ""net_income"": {""filed_date"": ""2026-07-31"", ""form_type"": ""10-Q""}, ""total_assets"": {""filed_date"": ""2026-07-31"", ""form_type"": ""10-Q""}, ""long_term_debt"": {""filed_date"": ""2026-07-31"", ""form_type"": ""10-Q""}, ""cash_and_equivalents"": {""filed_date"": ""2026-07-31"", ""form_type"": ""10-Q""}, ""stockholders_equity"": {""filed_date"": ""2026-07-31"", ""form_type"": ""10-Q""}, ""operating_cash_flow"": {""filed_date"": ""2026-07-31"", ""form_type"": ""10-Q""}, ""capex"": {""filed_date"": ""2014-03-26"", ""form_type"": ""10-K""}, ""total_debt"": {""filed_date"": ""2026-07-31"", ""form_type"": ""10-Q""}, ""shares_outstanding"": {""filed_date"": ""2026-07-31"", ""form_type"": ""10-Q""}}",669
PLTR,Palantir Technologies Inc.,0.004002905012557921,0.17308511060499304,5,,0.30837458800295814,3,5,1,10,4,0.5928542981636733,0.5928542981636733,1.0946560706100184,174.04,418228281725.3845,2082502500.0,0.0,3568047000.0,1932417000.0,1666002000.0,Information Technology,0.58,2026-08-17T07:16:15.721893,True,True,2026-08-17T07:04:15.149357,"{""revenue"": {""filed_date"": ""2026-08-04"", ""form_type"": ""10-Q""}, ""operating_income"": {""filed_date"": ""2026-08-04"", ""form_type"": ""10-Q""}, ""net_income"": {""filed_date"": ""2026-08-04"", ""form_type"": ""10-Q""}, ""total_assets"": {""filed_date"": ""2026-08-04"", ""form_type"": ""10-Q""}, ""current_assets"": {""filed_date"": ""2026-08-04"", ""form_type"": ""10-Q""}, ""current_liabilities"": {""filed_date"": ""2026-08-04"", ""form_type"": ""10-Q""}, ""long_term_debt"": {""filed_date"": ""2022-02-24"", ""form_type"": ""10-K""}, ""cash_and_equivalents"": {""filed_date"": ""2026-08-04"", ""form_type"": ""10-Q""}, ""ppe"": {""filed_date"": ""2026-08-04"", ""form_type"": ""10-Q""}, ""stockholders_equity"": {""filed_date"": ""2026-08-04"", ""form_type"": ""10-Q""}, ""operating_cash_flow"": {""filed_date"": ""2026-08-04"", ""form_type"": ""10-Q""}, ""capex"": {""filed_date"": ""2026-08-04"", ""form_type"": ""10-Q""}, ""shares_outstanding"": {""filed_date"": ""2026-08-04"", ""form_type"": ""10-Q""}}",670
CPT,Camden Property Trust,0.0038517260687561832,0.0046220712825074195,4,,0.03895048167732855,2,5,0,9,4,68.20288206295032,68.20288206295032,5.873740590146802,110.36,11095522727.36435,76548750.0,0.0,5274000.0,61239000.0,61239000.0,Real Estate,0.02,2026-08-17T07:16:15.736388,True,True,2026-08-17T07:04:15.149357,"{""revenue"": {""filed_date"": ""2026-07-31"", ""form_type"": ""10-Q""}, ""operating_income"": {""filed_date"": ""2026-07-31"", ""form_type"": ""10-Q""}, ""net_income"": {""filed_date"": ""2026-07-31"", ""form_type"": ""10-Q""}, ""total_assets"": {""filed_date"": ""2026-07-31"", ""form_type"": ""10-Q""}, ""long_term_debt"": {""filed_date"": ""2026-07-31"", ""form_type"": ""10-Q""}, ""cash_and_equivalents"": {""filed_date"": ""2026-07-31"", ""form_type"": ""10-Q""}, ""stockholders_equity"": {""filed_date"": ""2026-07-31"", ""form_type"": ""10-Q""}, ""operating_cash_flow"": {""filed_date"": ""2026-07-31"", ""form_type"": ""10-Q""}, ""total_debt"": {""filed_date"": ""2026-07-31"", ""form_type"": ""10-Q""}, ""shares_outstanding"": {""filed_date"": ""2026-07-31"", ""form_type"": ""10-Q""}}",671
Z,"Zillow Group, Inc.",0.0035866270881626536,0.0218303946263644,5,,-0.20900619027227066,1,5,0,10,3,0.7036171255739815,0.7036171255739815,5.023809523809524,34.78,7821150625.614441,32500000.0,0.0,299879000.0,42000000.0,26000000.0,Real Estate,0.02,2026-08-17T07:16:15.734672,True,True,2026-08-17T07:04:15.149357,"{""revenue"": {""filed_date"": ""2018-05-08"", ""form_type"": ""10-Q""}, ""operating_income"": {""filed_date"": ""2026-08-05"", ""form_type"": ""10-Q""}, ""net_income"": {""filed_date"": ""2026-08-05"", ""form_type"": ""10-Q""}, ""total_assets"": {""filed_date"": ""2026-08-05"", ""form_type"": ""10-Q""}, ""current_assets"": {""filed_date"": ""2026-08-05"", ""form_type"": ""10-Q""}, ""current_liabilities"": {""filed_date"": ""2026-08-05"", ""form_type"": ""10-Q""}, ""long_term_debt"": {""filed_date"": ""2022-02-10"", ""form_type"": ""10-K""}, ""cash_and_equivalents"": {""filed_date"": ""2026-08-05"", ""form_type"": ""10-Q""}, ""ppe"": {""filed_date"": ""2026-08-05"", ""form_type"": ""10-Q""}, ""stockholders_equity"": {""filed_date"": ""2026-08-05"", ""form_type"": ""10-Q""}, ""operating_cash_flow"": {""filed_date"": ""2026-08-05"", ""form_type"": ""10-Q""}, ""capex"": {""filed_date"": ""2026-08-05"", ""form_type"": ""10-Q""}, ""shares_outstanding"": {""filed_date"": ""2026-08-05"", ""form_type"": ""10-Q""}}",672
DLR,"Digital Realty Trust, Inc.",0.0035751342922762377,0.004290161150731485,5,,0.12766880433508013,3,5,1,10,4,0.3256053029251339,0.3256053029251339,2.969872931936589,200.15,74062738367.87842,334757500.0,0.0,1635173000.0,179274000.0,267806000.0,Real Estate,0.09,2026-08-17T07:16:15.726196,True,True,2026-08-17T07:04:15.149357,"{""revenue"": {""filed_date"": ""2026-05-01"", ""form_type"": ""10-Q""}, ""operating_income"": {""filed_date"": ""2026-05-01"", ""form_type"": ""10-Q""}, ""net_income"": {""filed_date"": ""2026-05-01"", ""form_type"": ""10-Q""}, ""total_assets"": {""filed_date"": ""2026-05-01"", ""form_type"": ""10-Q""}, ""long_term_debt"": {""filed_date"": ""2012-05-07"", ""form_type"": ""10-Q""}, ""cash_and_equivalents"": {""filed_date"": ""2026-05-01"", ""form_type"": ""10-Q""}, ""stockholders_equity"": {""filed_date"": ""2026-05-01"", ""form_type"": ""10-Q""}, ""operating_cash_flow"": {""filed_date"": ""2026-05-01"", ""form_type"": ""10-Q""}, ""total_debt"": {""filed_date"": ""2012-05-07"", ""form_type"": ""10-Q""}, ""shares_outstanding"": {""filed_date"": ""2026-05-01"", ""form_type"": ""10-Q""}}",673
DASH,"DoorDash, Inc.",0.0034059764536353196,0.004087171744362383,5,,0.3368240062095396,3,5,1,10,4,0.18115429917550058,0.18115429917550058,4.005208333333333,217.02,94559678910.03122,383750000.0,0.0,8490000000.0,384000000.0,307000000.0,Consumer Discretionary,0.15,2026-08-17T07:16:15.724505,True,True,2026-08-17T07:04:15.149357,"{""revenue"": {""filed_date"": ""2026-08-05"", ""form_type"": ""10-Q""}, ""operating_income"": {""filed_date"": ""2026-08-05"", ""form_type"": ""10-Q""}, ""net_income"": {""filed_date"": ""2026-08-05"", ""form_type"": ""10-Q""}, ""total_assets"": {""filed_date"": ""2026-08-05"", ""form_type"": ""10-Q""}, ""current_assets"": {""filed_date"": ""2026-08-05"", ""form_type"": ""10-Q""}, ""current_liabilities"": {""filed_date"": ""2026-08-05"", ""form_type"": ""10-Q""}, ""cash_and_equivalents"": {""filed_date"": ""2026-08-05"", ""form_type"": ""10-Q""}, ""stockholders_equity"": {""filed_date"": ""2026-08-05"", ""form_type"": ""10-Q""}, ""operating_cash_flow"": {""filed_date"": ""2026-08-05"", ""form_type"": ""10-Q""}, ""capex"": {""filed_date"": ""2026-08-05"", ""form_type"": ""10-Q""}, ""shares_outstanding"": {""filed_date"": ""2026-08-05"", ""form_type"": ""10-Q""}}",674
BA,The Boeing Company,0.0033475396656513848,0.019243022811265453,3,,-0.05068839312203999,1,2,2,6,1,0.025332962780853837,0.025332962780853837,,231.67,183105021086.18927,755000000.0,0.0,46777000000.0,-448000000.0,604000000.0,Industrials,0.28,2026-08-17T07:16:15.722939,True,True,2026-08-17T07:04:15.149357,"{""revenue"": {""filed_date"": ""2026-07-28"", ""form_type"": ""10-Q""}, ""operating_income"": {""filed_date"": ""2026-07-28"", ""form_type"": ""10-Q""}, ""net_income"": {""filed_date"": ""2026-07-28"", ""form_type"": ""10-Q""}, ""total_assets"": {""filed_date"": ""2026-07-28"", ""form_type"": ""10-Q""}, ""current_assets"": {""filed_date"": ""2026-07-28"", ""form_type"": ""10-Q""}, ""current_liabilities"": {""filed_date"": ""2026-07-28"", ""form_type"": ""10-Q""}, ""long_term_debt"": {""filed_date"": ""2026-07-28"", ""form_type"": ""10-Q""}, ""cash_and_equivalents"": {""filed_date"": ""2026-07-28"", ""form_type"": ""10-Q""}, ""ppe"": {""filed_date"": ""2026-07-28"", ""form_type"": ""10-Q""}, ""stockholders_equity"": {""filed_date"": ""2026-07-28"", ""form_type"": ""10-Q""}, ""operating_cash_flow"": {""filed_date"": ""2026-07-28"", ""form_type"": ""10-Q""}, ""capex"": {""filed_date"": ""2026-07-28"", ""form_type"": ""10-Q""}, ""total_debt"": {""filed_date"": ""2026-07-28"", ""form_type"": ""10-Q""}, ""shares_outstanding"": {""filed_date"": ""2026-01-30"", ""form_type"": ""10-K""}}",675
RGEN,Repligen Corporation,0.0031963526774690574,0.024215423045448034,5,,0.2320360188996679,3,5,0,10,4,1.36205665848762,1.36205665848762,4.576943257626865,166.83,9415154754.766708,37395000.0,0.0,44830000.0,13341000.0,29916000.0,Health Care,0.01,2026-08-17T07:16:15.742632,True,True,2026-08-17T07:04:15.149357,"{""revenue"": {""filed_date"": ""2018-05-08"", ""form_type"": ""10-Q""}, ""operating_income"": {""filed_date"": ""2026-07-29"", ""form_type"": ""10-Q""}, ""net_income"": {""filed_date"": ""2026-07-29"", ""form_type"": ""10-Q""}, ""total_assets"": {""filed_date"": ""2026-07-29"", ""form_type"": ""10-Q""}, ""current_assets"": {""filed_date"": ""2026-07-29"", ""form_type"": ""10-Q""}, ""current_liabilities"": {""filed_date"": ""2026-07-29"", ""form_type"": ""10-Q""}, ""long_term_debt"": {""filed_date"": ""2026-07-29"", ""form_type"": ""10-Q""}, ""cash_and_equivalents"": {""filed_date"": ""2026-07-29"", ""form_type"": ""10-Q""}, ""ppe"": {""filed_date"": ""2026-07-29"", ""form_type"": ""10-Q""}, ""stockholders_equity"": {""filed_date"": ""2026-07-29"", ""form_type"": ""10-Q""}, ""operating_cash_flow"": {""filed_date"": ""2026-07-29"", ""form_type"": ""10-Q""}, ""capex"": {""filed_date"": ""2026-07-29"", ""form_type"": ""10-Q""}, ""total_debt"": {""filed_date"": ""2026-07-29"", ""form_type"": ""10-Q""}, ""shares_outstanding"": {""filed_date"": ""2026-07-29"", ""form_type"": ""10-Q""}}",676
LITE,Lumentum Holdings Inc.,0.0029996381386402583,0.22135064466684698,5,,0.542486994119615,3,5,1,10,4,0.9599604547701434,0.9599604547701434,1.7140335392762578,926.14,82056005297.85156,306875000.0,0.0,404600000.0,226600000.0,245500000.0,Information Technology,0.01,2026-08-17T07:16:15.739231,True,True,2026-08-17T07:04:15.149357,"{""revenue"": {""filed_date"": ""2019-08-27"", ""form_type"": ""10-K""}, ""operating_income"": {""filed_date"": ""2026-05-06"", ""form_type"": ""10-Q""}, ""net_income"": {""filed_date"": ""2026-05-06"", ""form_type"": ""10-Q""}, ""total_assets"": {""filed_date"": ""2026-05-06"", ""form_type"": ""10-Q""}, ""current_assets"": {""filed_date"": ""2026-05-06"", ""form_type"": ""10-Q""}, ""current_liabilities"": {""filed_date"": ""2026-05-06"", ""form_type"": ""10-Q""}, ""long_term_debt"": {""filed_date"": ""2023-05-09"", ""form_type"": ""10-Q""}, ""cash_and_equivalents"": {""filed_date"": ""2026-05-06"", ""form_type"": ""10-Q""}, ""ppe"": {""filed_date"": ""2024-05-07"", ""form_type"": ""10-Q""}, ""stockholders_equity"": {""filed_date"": ""2026-05-06"", ""form_type"": ""10-Q""}, ""operating_cash_flow"": {""filed_date"": ""2026-05-06"", ""form_type"": ""10-Q""}, ""capex"": {""filed_date"": ""2026-05-06"", ""form_type"": ""10-Q""}, ""total_debt"": {""filed_date"": ""2023-05-09"", ""form_type"": ""10-Q""}, ""shares_outstanding"": {""filed_date"": ""2026-05-06"", ""form_type"": ""10-Q""}}",677
REXR,"Rexford Industrial Realty, Inc.",0.0029720545625823856,0.0035664654750988626,3,,-0.010041574706368083,1,4,0,7,2,0.5054221091596954,0.5054221091596954,,36.23,8078859630.444138,42018750.0,0.0,490584000.0,-412959000.0,33615000.0,Real Estate,0.02,2026-08-17T07:16:15.737793,True,True,2026-08-17T07:04:15.149357,"{""revenue"": {""filed_date"": ""2026-07-28"", ""form_type"": ""10-Q""}, ""operating_income"": {""filed_date"": ""2018-02-21"", ""form_type"": ""10-K""}, ""net_income"": {""filed_date"": ""2026-07-28"", ""form_type"": ""10-Q""}, ""total_assets"": {""filed_date"": ""2026-07-28"", ""form_type"": ""10-Q""}, ""long_term_debt"": {""filed_date"": ""2026-07-28"", ""form_type"": ""10-Q""}, ""cash_and_equivalents"": {""filed_date"": ""2026-07-28"", ""form_type"": ""10-Q""}, ""stockholders_equity"": {""filed_date"": ""2026-07-28"", ""form_type"": ""10-Q""}, ""operating_cash_flow"": {""filed_date"": ""2026-07-28"", ""form_type"": ""10-Q""}, ""total_debt"": {""filed_date"": ""2026-07-28"", ""form_type"": ""10-Q""}, ""shares_outstanding"": {""filed_date"": ""2026-07-28"", ""form_type"": ""10-Q""}}",678
GEV,GE Vernova Inc.,0.0029416004382989873,0.0035299205259587845,5,,0.2994403323946238,3,5,2,10,4,0.5224537716466099,0.5224537716466099,1.973027895806392,1063.25,283179179998.25,1041250000.0,0.0,20442000000.0,5413000000.0,833000000.0,Industrials,0.28,2026-08-17T07:16:15.722970,True,True,2026-08-17T07:04:15.149357,"{""revenue"": {""filed_date"": ""2026-07-22"", ""form_type"": ""10-Q""}, ""operating_income"": {""filed_date"": ""2026-07-22"", ""form_type"": ""10-Q""}, ""net_income"": {""filed_date"": ""2026-07-22"", ""form_type"": ""10-Q""}, ""total_assets"": {""filed_date"": ""2026-07-22"", ""form_type"": ""10-Q""}, ""current_assets"": {""filed_date"": ""2026-07-22"", ""form_type"": ""10-Q""}, ""current_liabilities"": {""filed_date"": ""2026-07-22"", ""form_type"": ""10-Q""}, ""stockholders_equity"": {""filed_date"": ""2026-07-22"", ""form_type"": ""10-Q""}, ""operating_cash_flow"": {""filed_date"": ""2026-07-22"", ""form_type"": ""10-Q""}, ""shares_outstanding"": {""filed_date"": ""2026-07-22"", ""form_type"": ""10-Q""}}",679
ALAB,"Astera Labs, Inc.",0.002713229516803735,0.0940218013631453,4,,1.6001291858969267,3,4,1,8,4,0.2315711062687564,0.2315711062687564,0.695275880684496,321.61,55794541756.1543,188851250.0,0.0,700761000.0,233398000.0,151081000.0,Information Technology,0.04,2026-08-17T07:16:15.730266,True,True,2026-08-17T07:04:15.149357,"{""revenue"": {""filed_date"": ""2026-08-05"", ""form_type"": ""10-Q""}, ""operating_income"": {""filed_date"": ""2026-08-05"", ""form_type"": ""10-Q""}, ""net_income"": {""filed_date"": ""2026-08-05"", ""form_type"": ""10-Q""}, ""total_assets"": {""filed_date"": ""2026-08-05"", ""form_type"": ""10-Q""}, ""current_assets"": {""filed_date"": ""2026-08-05"", ""form_type"": ""10-Q""}, ""current_liabilities"": {""filed_date"": ""2026-08-05"", ""form_type"": ""10-Q""}, ""cash_and_equivalents"": {""filed_date"": ""2026-08-05"", ""form_type"": ""10-Q""}, ""ppe"": {""filed_date"": ""2026-08-05"", ""form_type"": ""10-Q""}, ""stockholders_equity"": {""filed_date"": ""2026-08-05"", ""form_type"": ""10-Q""}, ""operating_cash_flow"": {""filed_date"": ""2026-08-05"", ""form_type"": ""10-Q""}, ""capex"": {""filed_date"": ""2026-08-05"", ""form_type"": ""10-Q""}, ""shares_outstanding"": {""filed_date"": ""2026-08-05"", ""form_type"": ""10-Q""}}",680
SCHW,The Charles Schwab Corporation,0.002663601793689193,0.0031963221524270316,5,,0.2012646255953198,3,5,2,10,4,0.8589346318429983,0.8589346318429983,2.205341920818337,111.09,192111898135.24347,567500000.0,0.0,13554000000.0,5279000000.0,454000000.0,Financials,0.27,2026-08-17T07:16:15.722997,True,True,2026-08-17T07:04:15.149357,"{""revenue"": {""filed_date"": ""2026-08-07"", ""form_type"": ""10-Q""}, ""operating_income"": {""filed_date"": ""2011-02-25"", ""form_type"": ""10-K""}, ""net_income"": {""filed_date"": ""2026-08-07"", ""form_type"": ""10-Q""}, ""total_assets"": {""filed_date"": ""2026-08-07"", ""form_type"": ""10-Q""}, ""long_term_debt"": {""filed_date"": ""2022-02-24"", ""form_type"": ""10-K""}, ""cash_and_equivalents"": {""filed_date"": ""2026-08-07"", ""form_type"": ""10-Q""}, ""ppe"": {""filed_date"": ""2023-11-08"", ""form_type"": ""10-Q""}, ""stockholders_equity"": {""filed_date"": ""2026-08-07"", ""form_type"": ""10-Q""}, ""operating_cash_flow"": {""filed_date"": ""2026-08-07"", ""form_type"": ""10-Q""}, ""capex"": {""filed_date"": ""2026-08-07"", ""form_type"": ""10-Q""}, ""total_debt"": {""filed_date"": ""2022-02-24"", ""form_type"": ""10-K""}, ""shares_outstanding"": {""filed_date"": ""2026-08-07"", ""form_type"": ""10-Q""}}",681
LSCC,Lattice Semiconductor Corporation,0.00262170227774276,0.12952956219805148,5,,0.3380513509114583,3,5,0,10,4,0.45755262167213745,0.45755262167213745,3.364994171361958,130.46,18492602757.825363,60526250.0,0.0,302822000.0,41176000.0,48421000.0,Information Technology,0.01,2026-08-17T07:16:15.738716,True,True,2026-08-17T07:04:15.149357,"{""revenue"": {""filed_date"": ""2018-10-29"", ""form_type"": ""10-Q""}, ""operating_income"": {""filed_date"": ""2026-08-04"", ""form_type"": ""10-Q""}, ""net_income"": {""filed_date"": ""2026-08-04"", ""form_type"": ""10-Q""}, ""total_assets"": {""filed_date"": ""2026-08-04"", ""form_type"": ""10-Q""}, ""current_assets"": {""filed_date"": ""2026-08-04"", ""form_type"": ""10-Q""}, ""current_liabilities"": {""filed_date"": ""2026-08-04"", ""form_type"": ""10-Q""}, ""long_term_debt"": {""filed_date"": ""2022-08-02"", ""form_type"": ""10-Q""}, ""cash_and_equivalents"": {""filed_date"": ""2026-08-04"", ""form_type"": ""10-Q""}, ""ppe"": {""filed_date"": ""2026-08-04"", ""form_type"": ""10-Q""}, ""stockholders_equity"": {""filed_date"": ""2026-08-04"", ""form_type"": ""10-Q""}, ""operating_cash_flow"": {""filed_date"": ""2026-08-04"", ""form_type"": ""10-Q""}, ""capex"": {""filed_date"": ""2026-08-04"", ""form_type"": ""10-Q""}, ""total_debt"": {""filed_date"": ""2022-08-02"", ""form_type"": ""10-Q""}, ""shares_outstanding"": {""filed_date"": ""2026-08-04"", ""form_type"": ""10-Q""}}",682
OKTA,"Okta, Inc.",0.002232025018147654,0.05442176870748299,5,,0.7878970932894728,3,5,0,10,4,0.36209150326797385,0.36209150326797385,3.7432432432432434,147.43,25851324512.35431,70000000.0,0.0,765000000.0,74000000.0,56000000.0,Information Technology,0.03,2026-08-17T07:16:15.733863,True,True,2026-08-17T07:04:15.149357,"{""revenue"": {""filed_date"": ""2026-05-29"", ""form_type"": ""10-Q""}, ""operating_income"": {""filed_date"": ""2026-05-29"", ""form_type"": ""10-Q""}, ""net_income"": {""filed_date"": ""2026-05-29"", ""form_type"": ""10-Q""}, ""total_assets"": {""filed_date"": ""2026-05-29"", ""form_type"": ""10-Q""}, ""current_assets"": {""filed_date"": ""2026-05-29"", ""form_type"": ""10-Q""}, ""current_liabilities"": {""filed_date"": ""2026-05-29"", ""form_type"": ""10-Q""}, ""cash_and_equivalents"": {""filed_date"": ""2026-05-29"", ""form_type"": ""10-Q""}, ""ppe"": {""filed_date"": ""2026-05-29"", ""form_type"": ""10-Q""}, ""stockholders_equity"": {""filed_date"": ""2026-05-29"", ""form_type"": ""10-Q""}, ""operating_cash_flow"": {""filed_date"": ""2026-05-29"", ""form_type"": ""10-Q""}, ""capex"": {""filed_date"": ""2026-05-29"", ""form_type"": ""10-Q""}, ""shares_outstanding"": {""filed_date"": ""2026-05-29"", ""form_type"": ""10-Q""}}",683
KNX,Knight-Swift Transportation Holdings Inc.,0.0021464822084311637,0.006716791956392549,3,,0.21649307098552925,3,2,0,5,2,0.07703936228227624,0.07703936228227624,,72.42,11786789221.984863,35730000.0,0.0,1850223000.0,-1317000.0,28584000.0,Industrials,0.01,2026-08-17T07:16:15.741169,True,True,2026-08-17T07:04:15.149357,"{""revenue"": {""filed_date"": ""2026-04-29"", ""form_type"": ""10-Q""}, ""operating_income"": {""filed_date"": ""2026-04-29"", ""form_type"": ""10-Q""}, ""net_income"": {""filed_date"": ""2026-04-29"", ""form_type"": ""10-Q""}, ""total_assets"": {""filed_date"": ""2026-04-29"", ""form_type"": ""10-Q""}, ""current_assets"": {""filed_date"": ""2026-04-29"", ""form_type"": ""10-Q""}, ""current_liabilities"": {""filed_date"": ""2026-04-29"", ""form_type"": ""10-Q""}, ""long_term_debt"": {""filed_date"": ""2026-04-29"", ""form_type"": ""10-Q""}, ""cash_and_equivalents"": {""filed_date"": ""2026-04-29"", ""form_type"": ""10-Q""}, ""ppe"": {""filed_date"": ""2026-04-29"", ""form_type"": ""10-Q""}, ""stockholders_equity"": {""filed_date"": ""2026-04-29"", ""form_type"": ""10-Q""}, ""operating_cash_flow"": {""filed_date"": ""2026-04-29"", ""form_type"": ""10-Q""}, ""total_debt"": {""filed_date"": ""2026-04-29"", ""form_type"": ""10-Q""}, ""shares_outstanding"": {""filed_date"": ""2026-04-29"", ""form_type"": ""10-Q""}}",684
KLAC,KLA Corporation,0.0016968958495836195,0.04851781348662684,4,,0.3874398755865654,3,4,1,8,4,2.859921072377472,2.859921072377472,0.8576434279331394,203.72,266169712227.66574,573566250.0,0.0,1448669000.0,4830771000.0,458853000.0,Information Technology,0.19,2026-08-17T07:16:15.723815,True,True,2026-08-17T07:04:15.149357,"{""revenue"": {""filed_date"": ""2011-01-28"", ""form_type"": ""10-Q""}, ""operating_income"": {""filed_date"": ""2015-04-24"", ""form_type"": ""10-Q""}, ""net_income"": {""filed_date"": ""2026-08-06"", ""form_type"": ""10-K""}, ""total_assets"": {""filed_date"": ""2026-08-06"", ""form_type"": ""10-K""}, ""current_assets"": {""filed_date"": ""2026-08-06"", ""form_type"": ""10-K""}, ""current_liabilities"": {""filed_date"": ""2026-08-06"", ""form_type"": ""10-K""}, ""long_term_debt"": {""filed_date"": ""2026-08-06"", ""form_type"": ""10-K""}, ""cash_and_equivalents"": {""filed_date"": ""2026-08-06"", ""form_type"": ""10-K""}, ""ppe"": {""filed_date"": ""2026-08-06"", ""form_type"": ""10-K""}, ""stockholders_equity"": {""filed_date"": ""2026-08-06"", ""form_type"": ""10-K""}, ""operating_cash_flow"": {""filed_date"": ""2026-08-06"", ""form_type"": ""10-K""}, ""capex"": {""filed_date"": ""2026-08-06"", ""form_type"": ""10-K""}, ""total_debt"": {""filed_date"": ""2026-08-06"", ""form_type"": ""10-K""}, ""shares_outstanding"": {""filed_date"": ""2026-08-06"", ""form_type"": ""10-K""}}",685
MRVL,"Marvell Technology, Inc.",0.0016936929237427404,0.055100086043151454,5,,1.812124158011029,3,5,1,10,4,0.26420713044916866,0.26420713044916866,18.515942028985506,222.02,199272816629.18347,424250000.0,0.0,2417800000.0,34500000.0,339400000.0,Information Technology,0.11,2026-08-17T07:16:15.725674,True,True,2026-08-17T07:04:15.149357,"{""revenue"": {""filed_date"": ""2026-05-28"", ""form_type"": ""10-Q""}, ""operating_income"": {""filed_date"": ""2026-05-28"", ""form_type"": ""10-Q""}, ""net_income"": {""filed_date"": ""2026-05-28"", ""form_type"": ""10-Q""}, ""total_assets"": {""filed_date"": ""2026-05-28"", ""form_type"": ""10-Q""}, ""current_assets"": {""filed_date"": ""2026-05-28"", ""form_type"": ""10-Q""}, ""current_liabilities"": {""filed_date"": ""2026-05-28"", ""form_type"": ""10-Q""}, ""long_term_debt"": {""filed_date"": ""2026-05-28"", ""form_type"": ""10-Q""}, ""cash_and_equivalents"": {""filed_date"": ""2026-05-28"", ""form_type"": ""10-Q""}, ""ppe"": {""filed_date"": ""2026-05-28"", ""form_type"": ""10-Q""}, ""stockholders_equity"": {""filed_date"": ""2026-05-28"", ""form_type"": ""10-Q""}, ""operating_cash_flow"": {""filed_date"": ""2026-05-28"", ""form_type"": ""10-Q""}, ""capex"": {""filed_date"": ""2026-05-28"", ""form_type"": ""10-Q""}, ""total_debt"": {""filed_date"": ""2026-05-28"", ""form_type"": ""10-Q""}, ""shares_outstanding"": {""filed_date"": ""2026-03-11"", ""form_type"": ""10-K""}}",686
PANW,"Palo Alto Networks, Inc.",0.0016719545770888294,0.0,5,,1.3502751621631308,3,5,1,10,4,1.4060094144560291,1.4060094144560291,5.426146010186757,384.27,313180041046.1426,653750000.0,0.0,2273100000.0,589000000.0,523000000.0,Information Technology,0.2,2026-08-17T07:16:15.723722,True,True,2026-08-17T07:04:15.149357,"{""revenue"": {""filed_date"": ""2018-09-13"", ""form_type"": ""10-K""}, ""operating_income"": {""filed_date"": ""2026-06-03"", ""form_type"": ""10-Q""}, ""net_income"": {""filed_date"": ""2026-06-03"", ""form_type"": ""10-Q""}, ""total_assets"": {""filed_date"": ""2026-06-03"", ""form_type"": ""10-Q""}, ""current_assets"": {""filed_date"": ""2026-06-03"", ""form_type"": ""10-Q""}, ""current_liabilities"": {""filed_date"": ""2026-06-03"", ""form_type"": ""10-Q""}, ""long_term_debt"": {""filed_date"": ""2023-09-01"", ""form_type"": ""10-K""}, ""cash_and_equivalents"": {""filed_date"": ""2026-06-03"", ""form_type"": ""10-Q""}, ""ppe"": {""filed_date"": ""2026-06-03"", ""form_type"": ""10-Q""}, ""stockholders_equity"": {""filed_date"": ""2026-06-03"", ""form_type"": ""10-Q""}, ""operating_cash_flow"": {""filed_date"": ""2026-06-03"", ""form_type"": ""10-Q""}, ""capex"": {""filed_date"": ""2022-05-20"", ""form_type"": ""10-Q""}, ""total_debt"": {""filed_date"": ""2023-09-01"", ""form_type"": ""10-K""}, ""shares_outstanding"": {""filed_date"": ""2026-06-03"", ""form_type"": ""10-Q""}}",687
AXON,"Axon Enterprise, Inc.",0.001492983753396052,0.03902565484669978,3,,0.4187850479835465,3,0,0,2,1,-0.006683281397693801,,-0.05756293430076633,612.83,49784726422.78473,95026250.0,0.0,1711734000.0,198739000.0,76021000.0,Industrials,0.1,2026-08-17T07:16:15.726046,True,True,2026-08-17T07:04:15.149357,"{""revenue"": {""filed_date"": ""2026-08-06"", ""form_type"": ""10-Q""}, ""operating_income"": {""filed_date"": ""2026-08-06"", ""form_type"": ""10-Q""}, ""net_income"": {""filed_date"": ""2026-08-06"", ""form_type"": ""10-Q""}, ""total_assets"": {""filed_date"": ""2026-08-06"", ""form_type"": ""10-Q""}, ""current_assets"": {""filed_date"": ""2026-08-06"", ""form_type"": ""10-Q""}, ""current_liabilities"": {""filed_date"": ""2026-08-06"", ""form_type"": ""10-Q""}, ""long_term_debt"": {""filed_date"": ""2026-08-06"", ""form_type"": ""10-Q""}, ""cash_and_equivalents"": {""filed_date"": ""2026-08-06"", ""form_type"": ""10-Q""}, ""ppe"": {""filed_date"": ""2026-08-06"", ""form_type"": ""10-Q""}, ""stockholders_equity"": {""filed_date"": ""2026-08-06"", ""form_type"": ""10-Q""}, ""operating_cash_flow"": {""filed_date"": ""2026-08-06"", ""form_type"": ""10-Q""}, ""capex"": {""filed_date"": ""2026-08-06"", ""form_type"": ""10-Q""}, ""total_debt"": {""filed_date"": ""2026-08-06"", ""form_type"": ""10-Q""}, ""shares_outstanding"": {""filed_date"": ""2026-08-06"", ""form_type"": ""10-Q""}}",688
COHR,Coherent Corp.,0.00146068641109832,0.013593859802828857,4,,0.4813146782456611,3,2,1,6,3,0.06861789066909217,0.06861789066909217,0.0987754006842253,325.83,63745157334.437164,120151250.0,0.0,1158794000.0,804998000.0,96121000.0,Information Technology,0.02,2026-08-17T07:16:15.734760,True,True,2026-08-17T07:04:15.149357,"{""revenue"": {""filed_date"": ""2018-08-28"", ""form_type"": ""10-K""}, ""operating_income"": {""filed_date"": ""2024-08-16"", ""form_type"": ""10-K""}, ""net_income"": {""filed_date"": ""2026-08-14"", ""form_type"": ""10-K""}, ""total_assets"": {""filed_date"": ""2026-08-14"", ""form_type"": ""10-K""}, ""current_assets"": {""filed_date"": ""2026-08-14"", ""form_type"": ""10-K""}, ""current_liabilities"": {""filed_date"": ""2026-08-14"", ""form_type"": ""10-K""}, ""long_term_debt"": {""filed_date"": ""2026-08-14"", ""form_type"": ""10-K""}, ""cash_and_equivalents"": {""filed_date"": ""2026-08-14"", ""form_type"": ""10-K""}, ""ppe"": {""filed_date"": ""2026-08-14"", ""form_type"": ""10-K""}, ""stockholders_equity"": {""filed_date"": ""2026-08-14"", ""form_type"": ""10-K""}, ""operating_cash_flow"": {""filed_date"": ""2026-08-14"", ""form_type"": ""10-K""}, ""capex"": {""filed_date"": ""2026-08-14"", ""form_type"": ""10-K""}, ""total_debt"": {""filed_date"": ""2026-08-14"", ""form_type"": ""10-K""}, ""shares_outstanding"": {""filed_date"": ""2026-08-14"", ""form_type"": ""10-K""}}",689
MRK,"Merck & Co., Inc.",0.0011023307654585877,0.010523280957186104,3,,0.13375192263792132,3,4,2,8,3,0.2823701091417627,0.2823701091417627,,135.84,335140586270.8676,456250000.0,0.0,32893000000.0,-5575000000.0,365000000.0,Health Care,0.37,2026-08-17T07:16:15.722314,True,True,2026-08-17T07:04:15.149357,"{""revenue"": {""filed_date"": ""2026-08-07"", ""form_type"": ""10-Q""}, ""operating_income"": {""filed_date"": ""2024-02-26"", ""form_type"": ""10-K""}, ""net_income"": {""filed_date"": ""2026-08-07"", ""form_type"": ""10-Q""}, ""total_assets"": {""filed_date"": ""2026-08-07"", ""form_type"": ""10-Q""}, ""current_assets"": {""filed_date"": ""2026-08-07"", ""form_type"": ""10-Q""}, ""current_liabilities"": {""filed_date"": ""2026-08-07"", ""form_type"": ""10-Q""}, ""long_term_debt"": {""filed_date"": ""2010-11-08"", ""form_type"": ""10-Q""}, ""cash_and_equivalents"": {""filed_date"": ""2026-08-07"", ""form_type"": ""10-Q""}, ""ppe"": {""filed_date"": ""2026-08-07"", ""form_type"": ""10-Q""}, ""stockholders_equity"": {""filed_date"": ""2026-08-07"", ""form_type"": ""10-Q""}, ""operating_cash_flow"": {""filed_date"": ""2026-08-07"", ""form_type"": ""10-Q""}, ""capex"": {""filed_date"": ""2026-08-07"", ""form_type"": ""10-Q""}, ""total_debt"": {""filed_date"": ""2026-08-07"", ""form_type"": ""10-Q""}, ""shares_outstanding"": {""filed_date"": ""2026-08-07"", ""form_type"": ""10-Q""}}",690
TSLA,"Tesla, Inc.",0.0010007978405578862,0.018408028594995875,5,,-0.16647593954720752,1,5,2,10,3,0.17055488611895778,0.17055488611895778,5.426775612822125,342.27,1351811543153.3564,1673750000.0,0.0,50623000000.0,1591000000.0,1339000000.0,Consumer Discretionary,1.6,2026-08-17T07:16:15.721520,True,True,2026-08-17T07:04:15.149357,"{""revenue"": {""filed_date"": ""2026-07-23"", ""form_type"": ""10-Q""}, ""operating_income"": {""filed_date"": ""2026-07-23"", ""form_type"": ""10-Q""}, ""net_income"": {""filed_date"": ""2026-07-23"", ""form_type"": ""10-Q""}, ""total_assets"": {""filed_date"": ""2026-07-23"", ""form_type"": ""10-Q""}, ""current_assets"": {""filed_date"": ""2026-07-23"", ""form_type"": ""10-Q""}, ""current_liabilities"": {""filed_date"": ""2026-07-23"", ""form_type"": ""10-Q""}, ""long_term_debt"": {""filed_date"": ""2026-07-23"", ""form_type"": ""10-Q""}, ""cash_and_equivalents"": {""filed_date"": ""2026-07-23"", ""form_type"": ""10-Q""}, ""ppe"": {""filed_date"": ""2025-10-23"", ""form_type"": ""10-Q""}, ""stockholders_equity"": {""filed_date"": ""2026-07-23"", ""form_type"": ""10-Q""}, ""operating_cash_flow"": {""filed_date"": ""2026-07-23"", ""form_type"": ""10-Q""}, ""capex"": {""filed_date"": ""2026-07-23"", ""form_type"": ""10-Q""}, ""total_debt"": {""filed_date"": ""2026-07-23"", ""form_type"": ""10-Q""}, ""shares_outstanding"": {""filed_date"": ""2026-07-23"", ""form_type"": ""10-Q""}}",691
IOT,Samsara Inc.,0.000313274905067339,0.011059294418553177,5,,0.5210245087009658,3,5,0,10,4,0.17001988121392353,0.17001988121392353,1.8291767772085916,39.79,23186034696.267014,8993750.0,0.0,478844000.0,44508000.0,7195000.0,Information Technology,0.02,2026-08-17T07:16:15.738039,True,True,2026-08-17T07:04:15.149357,"{""revenue"": {""filed_date"": ""2026-06-09"", ""form_type"": ""10-Q""}, ""operating_income"": {""filed_date"": ""2026-06-09"", ""form_type"": ""10-Q""}, ""net_income"": {""filed_date"": ""2026-06-09"", ""form_type"": ""10-Q""}, ""total_assets"": {""filed_date"": ""2026-06-09"", ""form_type"": ""10-Q""}, ""current_assets"": {""filed_date"": ""2026-06-09"", ""form_type"": ""10-Q""}, ""current_liabilities"": {""filed_date"": ""2026-06-09"", ""form_type"": ""10-Q""}, ""cash_and_equivalents"": {""filed_date"": ""2026-06-09"", ""form_type"": ""10-Q""}, ""ppe"": {""filed_date"": ""2026-06-09"", ""form_type"": ""10-Q""}, ""stockholders_equity"": {""filed_date"": ""2026-06-09"", ""form_type"": ""10-Q""}, ""operating_cash_flow"": {""filed_date"": ""2026-06-09"", ""form_type"": ""10-Q""}, ""capex"": {""filed_date"": ""2026-06-09"", ""form_type"": ""10-Q""}, ""shares_outstanding"": {""filed_date"": ""2026-06-09"", ""form_type"": ""10-Q""}}",692
TEAM,Atlassian Corporation,0.0002593501886553161,0.0,4,,0.9746804407496031,3,4,0,8,4,0.20588429513650303,0.20588429513650303,,162.22,41166222883.41522,12943750.0,0.0,6572308000.0,-53828000.0,10355000.0,Information Technology,0.05,2026-08-17T07:16:15.729677,True,True,2026-08-17T07:04:15.149357,"{""revenue"": {""filed_date"": ""2026-08-14"", ""form_type"": ""10-K""}, ""operating_income"": {""filed_date"": ""2026-08-14"", ""form_type"": ""10-K""}, ""net_income"": {""filed_date"": ""2026-08-14"", ""form_type"": ""10-K""}, ""total_assets"": {""filed_date"": ""2026-08-14"", ""form_type"": ""10-K""}, ""current_assets"": {""filed_date"": ""2026-08-14"", ""form_type"": ""10-K""}, ""current_liabilities"": {""filed_date"": ""2026-08-14"", ""form_type"": ""10-K""}, ""long_term_debt"": {""filed_date"": ""2026-08-14"", ""form_type"": ""10-K""}, ""cash_and_equivalents"": {""filed_date"": ""2026-08-14"", ""form_type"": ""10-K""}, ""ppe"": {""filed_date"": ""2026-08-14"", ""form_type"": ""10-K""}, ""stockholders_equity"": {""filed_date"": ""2026-08-14"", ""form_type"": ""10-K""}, ""operating_cash_flow"": {""filed_date"": ""2026-08-14"", ""form_type"": ""10-K""}, ""capex"": {""filed_date"": ""2026-08-14"", ""form_type"": ""10-K""}, ""shares_outstanding"": {""filed_date"": ""2026-08-14"", ""form_type"": ""10-K""}}",693
DDOG,"Datadog, Inc.",0.000140008662684338,0.002813431748417307,5,,1.0843669370320959,3,5,1,10,4,0.3057009793785364,0.3057009793785364,6.697020549355516,255.46,91729308041.82202,15977500.0,0.0,2127880000.0,97132000.0,12782000.0,Information Technology,0.07,2026-08-17T07:16:15.728025,True,True,2026-08-17T07:04:15.149357,"{""revenue"": {""filed_date"": ""2026-08-06"", ""form_type"": ""10-Q""}, ""operating_income"": {""filed_date"": ""2026-08-06"", ""form_type"": ""10-Q""}, ""net_income"": {""filed_date"": ""2026-08-06"", ""form_type"": ""10-Q""}, ""total_assets"": {""filed_date"": ""2026-08-06"", ""form_type"": ""10-Q""}, ""current_assets"": {""filed_date"": ""2026-08-06"", ""form_type"": ""10-Q""}, ""current_liabilities"": {""filed_date"": ""2026-08-06"", ""form_type"": ""10-Q""}, ""cash_and_equivalents"": {""filed_date"": ""2026-08-06"", ""form_type"": ""10-Q""}, ""ppe"": {""filed_date"": ""2026-08-06"", ""form_type"": ""10-Q""}, ""stockholders_equity"": {""filed_date"": ""2026-08-06"", ""form_type"": ""10-Q""}, ""operating_cash_flow"": {""filed_date"": ""2026-08-06"", ""form_type"": ""10-Q""}, ""capex"": {""filed_date"": ""2026-08-06"", ""form_type"": ""10-Q""}, ""shares_outstanding"": {""filed_date"": ""2020-02-25"", ""form_type"": ""10-K""}}",694
